{
  "west": 150.600586,
  "south": -34.125448,
  "east": 151.435547,
  "north": -33.614619
}