{
  "west": 151.187844,
  "south": -33.896207,
  "east": 151.232708,
  "north": -33.849378
}