{
  "west": 151.153013,
  "south": -33.884849,
  "east": 151.256875,
  "north": -33.851558
}