{"1943": {"rects": [[150.9082, -33.72434, 151.32568, -33.68778], [150.88623, -33.77915, 151.30371, -33.76088], [150.60059, -33.72434, 150.62256, -33.68778], [150.9082, -33.83392, 151.32568, -33.81567], [150.60059, -33.74261, 150.71045, -33.72434], [150.97412, -33.74261, 151.32568, -33.72434], [150.60059, -33.76088, 150.77637, -33.74261], [150.95215, -33.76088, 151.32568, -33.74261], [150.60059, -33.77915, 150.86426, -33.76088], [150.88623, -33.9069, 151.30371, -33.85217], [150.75439, -33.79741, 151.30371, -33.77915], [150.84229, -33.81567, 151.32568, -33.79741], [150.93018, -33.85217, 151.30371, -33.83392], [150.9082, -33.96159, 151.28174, -33.9069], [150.93018, -33.97981, 151.28174, -33.96159], [150.95215, -33.99803, 151.17188, -33.97981], [151.19385, -33.99803, 151.28174, -33.97981], [151.04004, -34.03445, 151.17188, -33.99803], [151.23779, -34.01624, 151.25977, -33.99803], [151.01807, -34.05266, 151.17188, -34.03445], [150.97412, -34.07086, 151.06201, -34.05266], [151.10596, -34.07086, 151.17188, -34.05266], [150.97412, -34.08906, 151.04004, -34.07086], [151.12793, -34.08906, 151.17188, -34.07086], [150.97412, -34.12545, 151.01807, -34.08906]], "boundary": [[[150.93018, -33.97981], [150.95215, -33.97981]], [[151.17188, -33.97981], [151.19385, -33.97981]], [[150.97412, -34.05266], [151.01807, -34.05266]], [[151.06201, -34.05266], [151.10596, -34.05266]], [[151.01807, -34.08906], [151.04004, -34.08906]], [[151.12793, -34.08906], [151.17188, -34.08906]], [[150.60059, -33.77915], [150.75439, -33.77915]], [[150.86426, -33.77915], [150.88623, -33.77915]], [[150.60059, -33.68778], [150.62256, -33.68778]], [[150.9082, -33.68778], [151.32568, -33.68778]], [[150.77637, -33.76088], [150.86426, -33.76088]], [[150.88623, -33.76088], [150.95215, -33.76088]], [[151.30371, -33.76088], [151.32568, -33.76088]], [[150.97412, -34.12545], [151.01807, -34.12545]], [[150.75439, -33.79741], [150.84229, -33.79741]], [[151.30371, -33.79741], [151.32568, -33.79741]], [[150.9082, -33.83392], [150.93018, -33.83392]], [[151.30371, -33.83392], [151.32568, -33.83392]], [[150.71045, -33.74261], [150.77637, -33.74261]], [[150.95215, -33.74261], [150.97412, -33.74261]], [[150.88623, -33.9069], [150.9082, -33.9069]], [[151.28174, -33.9069], [151.30371, -33.9069]], [[150.84229, -33.81567], [150.9082, -33.81567]], [[150.95215, -33.99803], [151.04004, -33.99803]], [[151.19385, -33.99803], [151.23779, -33.99803]], [[151.25977, -33.99803], [151.28174, -33.99803]], [[150.62256, -33.72434], [150.71045, -33.72434]], [[150.9082, -33.72434], [150.97412, -33.72434]], [[151.01807, -34.03445], [151.04004, -34.03445]], [[151.23779, -34.01624], [151.25977, -34.01624]], [[150.9082, -33.96159], [150.93018, -33.96159]], [[150.88623, -33.85217], [150.93018, -33.85217]], [[151.04004, -34.07086], [151.06201, -34.07086]], [[151.10596, -34.07086], [151.12793, -34.07086]], [[151.28174, -33.9069], [151.28174, -33.99803]], [[151.04004, -33.99803], [151.04004, -34.03445]], [[151.04004, -34.07086], [151.04004, -34.08906]], [[150.60059, -33.68778], [150.60059, -33.77915]], [[150.9082, -33.68778], [150.9082, -33.72434]], [[150.9082, -33.81567], [150.9082, -33.83392]], [[150.9082, -33.9069], [150.9082, -33.96159]], [[151.17188, -33.97981], [151.17188, -34.08906]], [[150.97412, -33.72434], [150.97412, -33.74261]], [[150.97412, -34.05266], [150.97412, -34.12545]], [[150.75439, -33.77915], [150.75439, -33.79741]], [[151.12793, -34.07086], [151.12793, -34.08906]], [[151.32568, -33.68778], [151.32568, -33.76088]], [[151.32568, -33.79741], [151.32568, -33.83392]], [[150.88623, -33.76088], [150.88623, -33.77915]], [[150.88623, -33.85217], [150.88623, -33.9069]], [[151.30371, -33.76088], [151.30371, -33.79741]], [[151.30371, -33.83392], [151.30371, -33.9069]], [[150.95215, -33.74261], [150.95215, -33.76088]], [[150.95215, -33.97981], [150.95215, -33.99803]], [[151.19385, -33.97981], [151.19385, -33.99803]], [[151.01807, -34.03445], [151.01807, -34.05266]], [[151.01807, -34.08906], [151.01807, -34.12545]], [[150.93018, -33.83392], [150.93018, -33.85217]], [[150.93018, -33.96159], [150.93018, -33.97981]], [[150.84229, -33.79741], [150.84229, -33.81567]], [[150.62256, -33.68778], [150.62256, -33.72434]], [[150.77637, -33.74261], [150.77637, -33.76088]], [[151.23779, -33.99803], [151.23779, -34.01624]], [[151.25977, -33.99803], [151.25977, -34.01624]], [[151.06201, -34.05266], [151.06201, -34.07086]], [[151.10596, -34.05266], [151.10596, -34.07086]], [[150.71045, -33.72434], [150.71045, -33.74261]], [[150.86426, -33.76088], [150.86426, -33.77915]]]}, "1955": {"rects": [[150.97412, -33.92513, 151.30371, -33.88866], [150.97412, -33.94336, 151.28174, -33.92513], [150.97412, -34.07086, 151.17188, -34.05266], [151.23779, -33.68778, 151.34766, -33.61462], [151.23779, -33.74261, 151.32568, -33.68778], [150.62256, -33.74261, 150.75439, -33.72434], [150.60059, -33.99803, 150.77637, -33.74261], [150.99609, -33.83392, 151.32568, -33.74261], [150.99609, -33.88866, 151.30371, -33.83392], [150.97412, -33.97981, 151.30371, -33.94336], [150.97412, -33.99803, 151.28174, -33.97981], [150.97412, -34.03445, 151.25977, -33.99803], [150.97412, -34.05266, 151.23779, -34.03445], [150.97412, -34.12545, 151.17188, -34.08906], [150.97412, -34.08906, 151.19385, -34.07086]], "boundary": [[[150.60059, -33.74261], [150.62256, -33.74261]], [[150.75439, -33.74261], [150.77637, -33.74261]], [[150.99609, -33.74261], [151.23779, -33.74261]], [[151.17188, -34.05266], [151.23779, -34.05266]], [[150.97412, -34.12545], [151.17188, -34.12545]], [[150.60059, -33.99803], [150.77637, -33.99803]], [[151.25977, -33.99803], [151.28174, -33.99803]], [[151.32568, -33.68778], [151.34766, -33.68778]], [[151.23779, -33.61462], [151.34766, -33.61462]], [[150.62256, -33.72434], [150.75439, -33.72434]], [[151.28174, -33.92513], [151.30371, -33.92513]], [[151.23779, -34.03445], [151.25977, -34.03445]], [[151.17188, -34.07086], [151.19385, -34.07086]], [[151.17188, -34.08906], [151.19385, -34.08906]], [[150.97412, -33.88866], [150.99609, -33.88866]], [[151.28174, -33.97981], [151.30371, -33.97981]], [[151.30371, -33.83392], [151.32568, -33.83392]], [[151.28174, -33.94336], [151.30371, -33.94336]], [[150.77637, -33.74261], [150.77637, -33.99803]], [[151.28174, -33.92513], [151.28174, -33.94336]], [[151.28174, -33.97981], [151.28174, -33.99803]], [[150.60059, -33.74261], [150.60059, -33.99803]], [[150.99609, -33.74261], [150.99609, -33.88866]], [[151.17188, -34.05266], [151.17188, -34.07086]], [[151.17188, -34.08906], [151.17188, -34.12545]], [[150.97412, -33.88866], [150.97412, -34.12545]], [[151.23779, -33.61462], [151.23779, -33.74261]], [[151.23779, -34.03445], [151.23779, -34.05266]], [[151.34766, -33.61462], [151.34766, -33.68778]], [[151.32568, -33.68778], [151.32568, -33.83392]], [[151.30371, -33.83392], [151.30371, -33.92513]], [[151.30371, -33.94336], [151.30371, -33.97981]], [[151.25977, -33.99803], [151.25977, -34.03445]], [[151.19385, -34.07086], [151.19385, -34.08906]], [[150.75439, -33.72434], [150.75439, -33.74261]], [[150.62256, -33.72434], [150.62256, -33.74261]]]}, "1965": {"rects": [[150.73242, -33.65121, 151.01807, -33.61462], [150.73242, -33.74261, 151.01807, -33.72434], [150.73242, -33.99803, 151.01807, -33.88866], [151.23779, -33.68778, 151.34766, -33.61462], [151.23779, -33.74261, 151.32568, -33.68778], [150.73242, -33.85217, 151.32568, -33.74261], [150.73242, -33.88866, 151.30371, -33.85217], [151.23779, -33.92513, 151.30371, -33.88866], [151.23779, -33.99803, 151.28174, -33.92513], [150.84229, -34.01624, 150.88623, -33.99803], [150.97412, -34.01624, 151.01807, -33.99803], [150.95215, -34.03445, 151.01807, -34.01624], [150.93018, -34.05266, 151.01807, -34.03445], [150.9082, -34.08906, 151.01807, -34.05266], [150.88623, -34.10726, 151.01807, -34.08906], [150.86426, -34.12545, 151.01807, -34.10726]],