{"type": "FeatureCollection", "features": [{"type": "Feature", "properties": {}, "geometry": {"type": "Polygon", "coordinates": [[[150.8555, -34.0779], [150.8555, -34.0779], [150.8552, -34.0778], [150.8548, -34.0779], [150.8546, -34.078], [150.8544, -34.0787], [150.8543, -34.0788], [150.8543, -34.079], [150.8542, -34.0791], [150.8542, -34.0793], [150.8542, -34.0793], [150.8541, -34.0794], [150.8541, -34.0797], [150.8541, -34.0799], [150.8541, -34.0802], [150.8541, -34.0802], [150.8541, -34.0804], [150.8541, -34.0805], [150.8541, -34.0805], [150.8541, -34.0807], [150.8541, -34.0809], [150.8541, -34.0812], [150.8541, -34.0814], [150.854, -34.0816], [150.854, -34.0818], [150.854, -34.0821], [150.854, -34.0823], [150.854, -34.0823], [150.8541, -34.083], [150.8542, -34.0832], [150.8542, -34.0833], [150.8542, -34.0834], [150.8542, -34.0835], [150.8542, -34.0835], [150.8542, -34.0836], [150.8542, -34.0836], [150.8542, -34.0836], [150.8542, -34.0837], [150.8542, -34.0837], [150.8541, -34.0838], [150.8541, -34.0838], [150.854, -34.0838], [150.8536, -34.084], [150.8536, -34.084], [150.8535, -34.084], [150.8533, -34.0841], [150.8532, -34.0841], [150.8529, -34.0843], [150.8526, -34.0844], [150.8526, -34.0844], [150.8525, -34.0845], [150.8524, -34.0845], [150.8523, -34.0845], [150.8522, -34.0846], [150.8521, -34.0846], [150.8521, -34.0846], [150.8519, -34.0846], [150.8518, -34.0846], [150.8517, -34.0847], [150.8516, -34.0847], [150.8514, -34.0847], [150.8513, -34.0847], [150.8511, -34.0848], [150.851, -34.0848], [150.8509, -34.0848], [150.8508, -34.0849], [150.8507, -34.0849], [150.8507, -34.0849], [150.8506, -34.085], [150.8504, -34.0851], [150.8502, -34.0852], [150.8501, -34.0852], [150.85, -34.0853], [150.8499, -34.0853], [150.8498, -34.0853], [150.8496, -34.0853], [150.8495, -34.0853], [150.8494, -34.0853], [150.8493, -34.0852], [150.8492, -34.0852], [150.8492, -34.0852], [150.8491, -34.0851], [150.849, -34.0851], [150.8489, -34.085], [150.8488, -34.0849], [150.8488, -34.0848], [150.8487, -34.0847], [150.8487, -34.0846], [150.8487, -34.0845], [150.8487, -34.0845], [150.8486, -34.0844], [150.8486, -34.0841], [150.8485, -34.0838], [150.8485, -34.0837], [150.8485, -34.0835], [150.8484, -34.0834], [150.8484, -34.0834], [150.8482, -34.083], [150.8482, -34.0829], [150.8481, -34.0829], [150.8481, -34.0828], [150.8481, -34.0827], [150.8481, -34.0826], [150.8481, -34.0825], [150.8481, -34.0824], [150.8481, -34.0823], [150.8481, -34.0823], [150.8481, -34.0822], [150.8482, -34.0821], [150.8482, -34.0821], [150.8482, -34.082], [150.8482, -34.0818], [150.8482, -34.0817], [150.8482, -34.0816], [150.8481, -34.0815], [150.8481, -34.0814], [150.848, -34.0814], [150.8479, -34.0813], [150.8479, -34.0813], [150.8478, -34.0812], [150.8477, -34.0812], [150.8476, -34.0811], [150.8475, -34.0811], [150.8473, -34.0811], [150.8472, -34.0811], [150.8469, -34.0811], [150.8468, -34.0812], [150.8466, -34.0812], [150.8466, -34.0812], [150.8464, -34.0813], [150.8463, -34.0814], [150.8461, -34.0814], [150.846, -34.0815], [150.8458, -34.0816], [150.8457, -34.0817], [150.8455, -34.0818], [150.8454, -34.0819], [150.845, -34.0823], [150.8445, -34.0826], [150.8443, -34.0828], [150.8441, -34.0829], [150.8438, -34.0831], [150.8437, -34.0832], [150.8435, -34.0834], [150.8433, -34.0835], [150.8432, -34.0837], [150.843, -34.0839], [150.8428, -34.084], [150.8427, -34.0842], [150.8422, -34.0847], [150.8421, -34.0848], [150.8419, -34.085], [150.8418, -34.0851], [150.8411, -34.0856], [150.841, -34.0857], [150.8408, -34.0858], [150.8407, -34.0859], [150.8406, -34.0861], [150.8404, -34.0862], [150.8402, -34.0865], [150.84, -34.0866], [150.8399, -34.0868], [150.8397, -34.0869], [150.8395, -34.0871], [150.8393, -34.0872], [150.8392, -34.0874], [150.8386, -34.0878], [150.8384, -34.088], [150.8383, -34.0881], [150.8382, -34.0882], [150.8379, -34.0883], [150.8378, -34.0884], [150.8377, -34.0885], [150.8376, -34.0886], [150.8376, -34.0887], [150.8375, -34.0888], [150.8374, -34.0889], [150.8374, -34.0889], [150.8373, -34.089], [150.8372, -34.0892], [150.8371, -34.0894], [150.837, -34.0896], [150.837, -34.0897], [150.8369, -34.0898], [150.8369, -34.0899], [150.8368, -34.09], [150.8368, -34.0902], [150.8367, -34.0903], [150.8366, -34.0905], [150.8366, -34.0905], [150.8365, -34.0907], [150.8365, -34.0908], [150.8366, -34.0908], [150.8366, -34.0907], [150.8367, -34.0906], [150.8367, -34.0906], [150.8368, -34.0905], [150.8368, -34.0904], [150.8369, -34.0903], [150.837, -34.0901], [150.8371, -34.0898], [150.8371, -34.0896], [150.8372, -34.0895], [150.8372, -34.0894], [150.8373, -34.0894], [150.8373, -34.0893], [150.8374, -34.0892], [150.8375, -34.0891], [150.8375, -34.089], [150.8377, -34.0889], [150.8377, -34.0888], [150.8378, -34.0888], [150.8378, -34.0887], [150.8379, -34.0886], [150.8379, -34.0885], [150.838, -34.0885], [150.8381, -34.0884], [150.8381, -34.0884], [150.8382, -34.0884], [150.8386, -34.088], [150.8396, -34.0871], [150.8399, -34.0868], [150.84, -34.0868], [150.8401, -34.0867], [150.8402, -34.0866], [150.8405, -34.0863], [150.8407, -34.0861], [150.8408, -34.086], [150.841, -34.0859], [150.8411, -34.0858], [150.8414, -34.0856], [150.8415, -34.0855], [150.8416, -34.0853], [150.8418, -34.0852], [150.8419, -34.0851], [150.8421, -34.0849], [150.8425, -34.0846], [150.8426, -34.0845], [150.8427, -34.0844], [150.8428, -34.0843], [150.8429, -34.0842], [150.843, -34.0841], [150.8431, -34.084], [150.8432, -34.0838], [150.8433, -34.0837], [150.8434, -34.0836], [150.8435, -34.0835], [150.8436, -34.0834], [150.8436, -34.0834], [150.8439, -34.0832], [150.844, -34.0831], [150.8441, -34.0831], [150.8444, -34.0829], [150.8445, -34.0828], [150.8446, -34.0827], [150.8451, -34.0823], [150.8452, -34.0822], [150.8454, -34.082], [150.8456, -34.0819], [150.8457, -34.0819], [150.8457, -34.0819], [150.8458, -34.0818], [150.8459, -34.0817], [150.8461, -34.0816], [150.8462, -34.0816], [150.8464, -34.0815], [150.8466, -34.0814], [150.8467, -34.0813], [150.8469, -34.0813], [150.847, -34.0813], [150.8471, -34.0813], [150.8472, -34.0812], [150.8473, -34.0812], [150.8474, -34.0812], [150.8475, -34.0813], [150.8476, -34.0813], [150.8477, -34.0814], [150.8477, -34.0814], [150.8478, -34.0814], [150.8478, -34.0815], [150.8479, -34.0815], [150.848, -34.0816], [150.848, -34.0816], [150.848, -34.0816], [150.848, -34.0817], [150.8481, -34.0818], [150.848, -34.0819], [150.848, -34.0821], [150.848, -34.0822], [150.848, -34.0823], [150.848, -34.0826], [150.848, -34.0827], [150.848, -34.0828], [150.848, -34.0829], [150.8481, -34.083], [150.8481, -34.0831], [150.8482, -34.0833], [150.8482, -34.0834], [150.8483, -34.0836], [150.8484, -34.0837], [150.8484, -34.0838], [150.8484, -34.0838], [150.8484, -34.0839], [150.8485, -34.0841], [150.8485, -34.0845], [150.8485, -34.0847], [150.8486, -34.0848], [150.8486, -34.0849], [150.8487, -34.0849], [150.8487, -34.085], [150.8488, -34.0851], [150.8488, -34.0851], [150.8489, -34.0852], [150.849, -34.0853], [150.8491, -34.0853], [150.8492, -34.0853], [150.8493, -34.0854], [150.8495, -34.0854], [150.8497, -34.0854], [150.8498, -34.0854], [150.8499, -34.0854], [150.85, -34.0854], [150.8501, -34.0854], [150.8502, -34.0853], [150.8503, -34.0853], [150.8504, -34.0853], [150.8504, -34.0852], [150.8505, -34.0852], [150.8505, -34.0852], [150.8506, -34.0851], [150.8507, -34.0851], [150.8507, -34.085], [150.851, -34.0849], [150.8511, -34.0849], [150.8513, -34.0849], [150.8514, -34.0848], [150.8516, -34.0848], [150.8517, -34.0848], [150.8518, -34.0848], [150.8519, -34.0848], [150.852, -34.0848], [150.8522, -34.0847], [150.8525, -34.0846], [150.8525, -34.0846], [150.8526, -34.0846], [150.853, -34.0845], [150.853, -34.0844], [150.8531, -34.0844], [150.8531, -34.0844], [150.8532, -34.0844], [150.8532, -34.0844], [150.8533, -34.0843], [150.8534, -34.0842], [150.8534, -34.0842], [150.8534, -34.0842], [150.8535, -34.0842], [150.8535, -34.0842], [150.8535, -34.0841], [150.8536, -34.0841], [150.8537, -34.0841], [150.8538, -34.0841], [150.8538, -34.0841], [150.8539, -34.0841], [150.8539, -34.0842], [150.854, -34.0842], [150.854, -34.0841], [150.8541, -34.0841], [150.8541, -34.0841], [150.8542, -34.0841], [150.8542, -34.0841], [150.8543, -34.084], [150.8543, -34.084], [150.8544, -34.0839], [150.8545, -34.0838], [150.8545, -34.0837], [150.8545, -34.0837], [150.8545, -34.0837], [150.8545, -34.0836], [150.8545, -34.0835], [150.8545, -34.0834], [150.8544, -34.0834], [150.8544, -34.0834], [150.8544, -34.0833], [150.8544, -34.0832], [150.8543, -34.0831], [150.8543, -34.083], [150.8542, -34.0825], [150.8542, -34.0808], [150.8542, -34.0807], [150.8543, -34.0804], [150.8543, -34.0802], [150.8543, -34.0797], [150.8544, -34.0791], [150.8545, -34.0787], [150.8547, -34.0783], [150.8547, -34.0781], [150.855, -34.078], [150.8554, -34.0782], [150.8556, -34.0784], [150.8556, -34.0782], [150.8555, -34.0779]]]}}, {"type": "Feature", "properties": {}, "geometry": {"type": "Polygon", "coordinates": [[[151.109, -34.0819], [151.1089, -34.0818], [151.1089, -34.0817], [151.1088, -34.0814], [151.1088, -34.0814], [151.1089, -34.0812], [151.1089, -34.0812], [151.109, -34.0811], [151.1091, -34.0809], [151.1092, -34.0808], [151.1092, -34.0806], [151.1092, -34.0805], [151.1093, -34.0802], [151.1093, -34.0801], [151.1093, -34.08], [151.1093, -34.0798], [151.1093, -34.0797], [151.1094, -34.0796], [151.1094, -34.0795], [151.1095, -34.0794], [151.1097, -34.0793], [151.1098, -34.0792], [151.1099, -34.079], [151.1099, -34.0788], [151.1056, -34.0793], [151.1056, -34.0795], [151.1051, -34.0799], [151.1048, -34.0799], [151.1045, -34.08], [151.1028, -34.0806], [151.1023, -34.0808], [151.1021, -34.0808], [151.1021, -34.0809], [151.102, -34.0809], [151.102, -34.081], [151.102, -34.081], [151.1021, -34.0811], [151.1021, -34.0812], [151.102, -34.0813], [151.102, -34.0814], [151.102, -34.0815], [151.102, -34.0815], [151.1019, -34.0816], [151.1013, -34.0819], [151.1012, -34.0819], [151.1008, -34.0821], [151.1003, -34.0821], [151.1, -34.0821], [151.0994, -34.082], [151.0991, -34.082], [151.0983, -34.0825], [151.098, -34.0827], [151.0976, -34.0838], [151.0981, -34.0843], [151.0982, -34.0845], [151.0984, -34.085], [151.0984, -34.0854], [151.0982, -34.0859], [151.0982, -34.0859], [151.0977, -34.086], [151.0974, -34.086], [151.0958, -34.0861], [151.0948, -34.086], [151.0947, -34.086], [151.0939, -34.0858], [151.0933, -34.0861], [151.0929, -34.0864], [151.0928, -34.0866], [151.0926, -34.0868], [151.0926, -34.0868], [151.0923, -34.0868], [151.0919, -34.0866], [151.0914, -34.0863], [151.0908, -34.086], [151.0903, -34.086], [151.0902, -34.086], [151.089, -34.0862], [151.0881, -34.0867], [151.088, -34.0868], [151.0879, -34.0868], [151.0879, -34.0869], [151.0878, -34.087], [151.0878, -34.0871], [151.0879, -34.0873], [151.0879, -34.0874], [151.0878, -34.0875], [151.0876, -34.0878], [151.0876, -34.0878], [151.0877, -34.088], [151.0877, -34.0881], [151.0876, -34.0881], [151.0875, -34.0881], [151.0873, -34.0882], [151.0872, -34.0882], [151.0871, -34.0883], [151.0871, -34.0883], [151.087, -34.0883], [151.0866, -34.0883], [151.0864, -34.0882], [151.0862, -34.0882], [151.0861, -34.0881], [151.0859, -34.088], [151.0857, -34.0879], [151.0856, -34.0879], [151.0853, -34.0877], [151.0852, -34.0876], [151.085, -34.0876], [151.0848, -34.0875], [151.0845, -34.0874], [151.0843, -34.0874], [151.0842, -34.0874], [151.0841, -34.0874], [151.0839, -34.0874], [151.0838, -34.0874], [151.0837, -34.0874], [151.0836, -34.0873], [151.0834, -34.0873], [151.0834, -34.0873], [151.0832, -34.0873], [151.0832, -34.0874], [151.0831, -34.0875], [151.0831, -34.0875], [151.083, -34.0876], [151.0829, -34.0876], [151.0828, -34.0875], [151.0826, -34.0875], [151.0825, -34.0874], [151.0824, -34.0874], [151.0823, -34.0875], [151.0822, -34.0876], [151.0822, -34.0877], [151.0821, -34.0878], [151.0819, -34.0878], [151.0818, -34.0879], [151.0817, -34.088], [151.0816, -34.0881], [151.0815, -34.0882], [151.0813, -34.0882], [151.0813, -34.0883], [151.081, -34.0883], [151.0809, -34.0884], [151.0808, -34.0885], [151.0806, -34.0885], [151.0802, -34.0884], [151.08, -34.0884], [151.0798, -34.0884], [151.0794, -34.0885], [151.0793, -34.0885], [151.0791, -34.0886], [151.0788, -34.0887], [151.0787, -34.0888], [151.0786, -34.0889], [151.0786, -34.089], [151.0786, -34.0892], [151.0786, -34.0893], [151.0786, -34.0893], [151.0788, -34.0892], [151.0788, -34.0892], [151.0789, -34.089], [151.079, -34.0889], [151.0792, -34.0888], [151.0792, -34.0888], [151.0794, -34.0887], [151.0797, -34.0887], [151.0799, -34.0887], [151.0802, -34.0887], [151.0804, -34.0887], [151.0807, -34.0887], [151.081, -34.0887], [151.0811, -34.0887], [151.0813, -34.0887], [151.0814, -34.0887], [151.0816, -34.0886], [151.0817, -34.0885], [151.0818, -34.0885], [151.0819, -34.0883], [151.082, -34.0882], [151.0821, -34.088], [151.0822, -34.0879], [151.0823, -34.0879], [151.0825, -34.0878], [151.0827, -34.0877], [151.083, -34.0877], [151.0831, -34.0877], [151.0833, -34.0877], [151.0835, -34.0877], [151.0837, -34.0877], [151.0838, -34.0877], [151.084, -34.0878], [151.0844, -34.0878], [151.0845, -34.0878], [151.0851, -34.088], [151.0853, -34.088], [151.0855, -34.0881], [151.0856, -34.0882], [151.0858, -34.0883], [151.0859, -34.0884], [151.086, -34.0884], [151.0861, -34.0887], [151.0862, -34.0887], [151.0862, -34.0888], [151.0862, -34.089], [151.0862, -34.0891], [151.0864, -34.0893], [151.0865, -34.0895], [151.0866, -34.0896], [151.0869, -34.0896], [151.087, -34.0895], [151.087, -34.0895], [151.0871, -34.0894], [151.0872, -34.0893], [151.0873, -34.0891], [151.0874, -34.089], [151.0874, -34.089], [151.0876, -34.089], [151.0877, -34.0889], [151.0878, -34.0889], [151.0878, -34.0886], [151.0878, -34.0886], [151.0878, -34.0885], [151.0879, -34.0884], [151.088, -34.0882], [151.0881, -34.088], [151.0882, -34.0879], [151.0884, -34.0876], [151.0886, -34.0874], [151.0887, -34.0873], [151.0888, -34.0872], [151.0888, -34.0871], [151.089, -34.087], [151.0891, -34.087], [151.0893, -34.0869], [151.0895, -34.0869], [151.0897, -34.0868], [151.0899, -34.0868], [151.09, -34.0868], [151.0902, -34.0869], [151.0903, -34.087], [151.0907, -34.0871], [151.0908, -34.0872], [151.091, -34.0875], [151.0911, -34.0876], [151.0913, -34.0878], [151.0917, -34.088], [151.0919, -34.0881], [151.0921, -34.0882], [151.0923, -34.0882], [151.0924, -34.0883], [151.0926, -34.0883], [151.0928, -34.0883], [151.0931, -34.0883], [151.0934, -34.0882], [151.0935, -34.0881], [151.0936, -34.088], [151.0937, -34.088], [151.0939, -34.0879], [151.0939, -34.0878], [151.094, -34.0875], [151.0941, -34.0874], [151.0942, -34.0872], [151.0943, -34.0872], [151.0944, -34.0873], [151.0946, -34.0874], [151.0947, -34.0874], [151.0957, -34.0877], [151.0966, -34.0876], [151.097, -34.0875], [151.0972, -34.0874], [151.0977, -34.0876], [151.0979, -34.0879], [151.098, -34.0879], [151.0981, -34.088], [151.0981, -34.0881], [151.0982, -34.0882], [151.0982, -34.0883], [151.0982, -34.0883], [151.0984, -34.0884], [151.0985, -34.0885], [151.0986, -34.0886], [151.0987, -34.0887], [151.0987, -34.0888], [151.0988, -34.0889], [151.0988, -34.0891], [151.0988, -34.0892], [151.0989, -34.0892], [151.099, -34.0893], [151.0991, -34.0894], [151.0991, -34.0894], [151.0991, -34.0895], [151.0991, -34.0896], [151.0992, -34.0896], [151.0993, -34.0896], [151.0994, -34.0895], [151.0995, -34.0894], [151.0996, -34.0893], [151.0996, -34.0892], [151.0996, -34.0892], [151.0995, -34.0891], [151.0995, -34.089], [151.0994, -34.0889], [151.0994, -34.0888], [151.0994, -34.0886], [151.0994, -34.0883], [151.0994, -34.0881], [151.0994, -34.0879], [151.0995, -34.0877], [151.0995, -34.0876], [151.0996, -34.0875], [151.0997, -34.0873], [151.0999, -34.0871], [151.1001, -34.0868], [151.1002, -34.0867], [151.1003, -34.0866], [151.1003, -34.0865], [151.1004, -34.0861], [151.1003, -34.086], [151.1003, -34.0858], [151.1003, -34.0857], [151.1003, -34.0856], [151.1003, -34.0855], [151.1002, -34.0854], [151.1003, -34.0853], [151.1004, -34.0852], [151.1004, -34.085], [151.1004, -34.0849], [151.1001, -34.0844], [151.1, -34.0842], [151.1, -34.0841], [151.1, -34.0839], [151.1001, -34.0839], [151.1002, -34.0838], [151.1003, -34.0837], [151.1005, -34.0837], [151.1008, -34.0837], [151.1012, -34.0838], [151.1015, -34.0838], [151.1017, -34.0838], [151.1019, -34.0838], [151.102, -34.0838], [151.1022, -34.0837], [151.1024, -34.0837], [151.1024, -34.0836], [151.1026, -34.0835], [151.1026, -34.0834], [151.1028, -34.0833], [151.103, -34.0832], [151.1032, -34.0831], [151.1033, -34.0831], [151.1035, -34.0831], [151.1037, -34.0831], [151.1037, -34.0831], [151.1039, -34.083], [151.1044, -34.0827], [151.1047, -34.0825], [151.1049, -34.0824], [151.1049, -34.0824], [151.1051, -34.0823], [151.1054, -34.0823], [151.1056, -34.0825], [151.1056, -34.0827], [151.1055, -34.0828], [151.1054, -34.0832], [151.1054, -34.0833], [151.1057, -34.0834], [151.1058, -34.0834], [151.1059, -34.0834], [151.1059, -34.0833], [151.106, -34.0833], [151.1061, -34.0833], [151.1062, -34.0833], [151.1063, -34.0832], [151.1064, -34.0831], [151.1066, -34.0831], [151.1066, -34.0831], [151.1066, -34.0832], [151.1068, -34.0833], [151.1069, -34.0832], [151.107, -34.0832], [151.107, -34.0831], [151.1071, -34.083], [151.1072, -34.0831], [151.1073, -34.0831], [151.1074, -34.0831], [151.1075, -34.0831], [151.1076, -34.083], [151.1077, -34.0829], [151.1077, -34.0828], [151.1077, -34.0828], [151.1077, -34.0827], [151.1077, -34.0826], [151.1079, -34.0823], [151.108, -34.0822], [151.108, -34.0822], [151.1083, -34.0821], [151.1085, -34.082], [151.1086, -34.082], [151.1088, -34.0819], [151.1088, -34.0819], [151.1089, -34.082], [151.1089, -34.0819], [151.109, -34.0819]]]}}, {"type": "Feature", "properties": {}, "geometry": {"type": "Polygon", "coordinates": [[[150.8276, -33.6439], [150.8277, -33.6439], [150.8278, -33.644], [150.8285, -33.6444], [150.8285, -33.6444], [150.8288, -33.6444], [150.829, -33.6444], [150.8292, -33.6441], [150.8292, -33.644], [150.8293, -33.6436], [150.8295, -33.6434], [150.8297, -33.6431], [150.8299, -33.643], [150.8301, -33.6431], [150.8303, -33.6433], [150.8312, -33.644], [150.8316, -33.6443], [150.8322, -33.6446], [150.8324, -33.6447], [150.8331, -33.645], [150.8333, -33.645], [150.834, -33.6451], [150.8342, -33.6451], [150.8345, -33.6453], [150.8345, -33.6454], [150.8345, -33.6458], [150.8345, -33.6459], [150.8343, -33.6462], [150.8342, -33.6463], [150.8338, -33.6467], [150.8336, -33.6468], [150.8334, -33.6472], [150.8334, -33.6473], [150.8335, -33.6474], [150.8336, -33.6476], [150.8337, -33.6478], [150.8339, -33.648], [150.8349, -33.6486], [150.8353, -33.6487], [150.8359, -33.6488], [150.836, -33.6488], [150.8362, -33.6489], [150.8365, -33.6493], [150.8368, -33.6496], [150.8368, -33.65], [150.8368, -33.6507], [150.8368, -33.6507], [150.837, -33.6511], [150.8369, -33.6514], [150.8368, -33.6521], [150.8368, -33.6524], [150.8366, -33.6527], [150.8364, -33.6528], [150.8363, -33.6529], [150.8362, -33.653], [150.8359, -33.6532], [150.8359, -33.6533], [150.8357, -33.6536], [150.8356, -33.6539], [150.8357, -33.6545], [150.8359, -33.6547], [150.8362, -33.6551], [150.8365, -33.6554], [150.8369, -33.6557], [150.837, -33.6559], [150.837, -33.6561], [150.837, -33.6562], [150.8368, -33.6566], [150.8367, -33.6567], [150.8364, -33.6568], [150.8359, -33.6571], [150.8353, -33.6576], [150.8352, -33.6577], [150.8349, -33.6582], [150.8348, -33.6584], [150.8347, -33.659], [150.8346, -33.6594], [150.8345, -33.66], [150.8345, -33.6601], [150.8347, -33.6604], [150.8349, -33.6608], [150.8353, -33.6617], [150.8355, -33.662], [150.8357, -33.6621], [150.8358, -33.6621], [150.836, -33.6622], [150.836, -33.6623], [150.8362, -33.6627], [150.8363, -33.663], [150.8364, -33.6638], [150.8364, -33.6639], [150.8366, -33.6642], [150.8368, -33.6642], [150.8372, -33.6643], [150.8374, -33.6643], [150.8378, -33.6642], [150.838, -33.6641], [150.8394, -33.6638], [150.8399, -33.6637], [150.8404, -33.6636], [150.8407, -33.6635], [150.842, -33.6634], [150.8423, -33.6635], [150.8431, -33.6635], [150.8431, -33.6635], [150.8435, -33.6634], [150.8438, -33.6632], [150.8441, -33.663], [150.8442, -33.663], [150.8445, -33.6631], [150.8447, -33.6632], [150.8451, -33.6637], [150.8452, -33.6637], [150.8454, -33.664], [150.8456, -33.6643], [150.8462, -33.6654], [150.8463, -33.6657], [150.8465, -33.6662], [150.8467, -33.6665], [150.847, -33.667], [150.8472, -33.6671], [150.8475, -33.6673], [150.8477, -33.6673], [150.8479, -33.6672], [150.8481, -33.6672], [150.8487, -33.6671], [150.8494, -33.6671], [150.8498, -33.6673], [150.85, -33.6675], [150.8505, -33.6677], [150.8506, -33.6677], [150.8511, -33.6678], [150.8519, -33.6679], [150.8529, -33.6681], [150.853, -33.6681], [150.8531, -33.6683], [150.8531, -33.6683], [150.8527, -33.6691], [150.8526, -33.6692], [150.8523, -33.6698], [150.8521, -33.67], [150.8518, -33.6702], [150.8518, -33.6702], [150.8516, -33.6704], [150.8517, -33.6708], [150.852, -33.6713], [150.8522, -33.6714], [150.8527, -33.6714], [150.8529, -33.6714], [150.8532, -33.6716], [150.8536, -33.6717], [150.8538, -33.672], [150.8538, -33.6722], [150.8537, -33.6724], [150.8537, -33.6725], [150.8537, -33.6729], [150.8537, -33.6732], [150.8537, -33.6734], [150.8537, -33.6734], [150.8538, -33.6737], [150.8538, -33.6738], [150.8539, -33.674], [150.8539, -33.674], [150.8537, -33.6742], [150.8537, -33.6743], [150.8537, -33.6746], [150.8537, -33.6746], [150.8533, -33.675], [150.8532, -33.6752], [150.8531, -33.6753], [150.853, -33.6754], [150.8529, -33.6754], [150.8528, -33.6754], [150.8524, -33.6755], [150.8522, -33.6754], [150.8521, -33.6754], [150.8519, -33.6754], [150.8519, -33.6754], [150.8517, -33.6754], [150.8513, -33.6757], [150.8511, -33.6758], [150.8509, -33.676], [150.8509, -33.6762], [150.8509, -33.6764], [150.8509, -33.6765], [150.8511, -33.6767], [150.8513, -33.6768], [150.8516, -33.6768], [150.8518, -33.6768], [150.852, -33.6768], [150.8522, -33.6769], [150.8526, -33.6771], [150.8527, -33.6772], [150.8529, -33.6773], [150.853, -33.6773], [150.8528, -33.6771], [150.8527, -33.6771], [150.8524, -33.6769], [150.8522, -33.6769], [150.8518, -33.6768], [150.8516, -33.6767], [150.8514, -33.6767], [150.8511, -33.6765], [150.851, -33.6764], [150.851, -33.6761], [150.851, -33.6761], [150.8511, -33.676], [150.8512, -33.6759], [150.8514, -33.6757], [150.8515, -33.6756], [150.8517, -33.6756], [150.8518, -33.6755], [150.852, -33.6755], [150.8521, -33.6755], [150.8523, -33.6756], [150.8525, -33.6756], [150.8528, -33.6756], [150.853, -33.6756], [150.8531, -33.6755], [150.8532, -33.6755], [150.8533, -33.6753], [150.8534, -33.6751], [150.8536, -33.6749], [150.8538, -33.6747], [150.8539, -33.6747], [150.8539, -33.6747], [150.854, -33.6746], [150.854, -33.6746], [150.8539, -33.6744], [150.8539, -33.6743], [150.8539, -33.6741], [150.854, -33.6741], [150.854, -33.6738], [150.854, -33.6737], [150.8539, -33.6735], [150.8539, -33.6734], [150.8538, -33.6731], [150.8538, -33.6729], [150.8539, -33.6725], [150.8539, -33.6725], [150.8539, -33.6722], [150.8539, -33.672], [150.8537, -33.6716], [150.8534, -33.6715], [150.8528, -33.6713], [150.8524, -33.6713], [150.8522, -33.6712], [150.8521, -33.6711], [150.8519, -33.6704], [150.8519, -33.6703], [150.8523, -33.67], [150.8525, -33.6698], [150.8527, -33.6693], [150.8528, -33.6691], [150.853, -33.6687], [150.8531, -33.6687], [150.8533, -33.6684], [150.8533, -33.6683], [150.8531, -33.668], [150.8528, -33.6679], [150.8522, -33.6678], [150.8517, -33.6677], [150.8509, -33.6676], [150.8506, -33.6675], [150.8502, -33.6673], [150.85, -33.6672], [150.8498, -33.667], [150.8498, -33.667], [150.8492, -33.6669], [150.8489, -33.6669], [150.8483, -33.6669], [150.8481, -33.6669], [150.8478, -33.667], [150.8476, -33.667], [150.8472, -33.6668], [150.8471, -33.6667], [150.8468, -33.666], [150.8467, -33.6659], [150.8466, -33.6657], [150.8464, -33.6653], [150.846, -33.6646], [150.8459, -33.6644], [150.8458, -33.6641], [150.8458, -33.664], [150.8454, -33.6636], [150.8453, -33.6635], [150.845, -33.6631], [150.8448, -33.663], [150.8443, -33.6627], [150.8443, -33.6627], [150.844, -33.6627], [150.8439, -33.6627], [150.8438, -33.6628], [150.8437, -33.6629], [150.8434, -33.6631], [150.8432, -33.6632], [150.8427, -33.6632], [150.8422, -33.6632], [150.842, -33.6631], [150.8418, -33.6631], [150.8408, -33.6632], [150.8407, -33.6632], [150.8404, -33.6632], [150.8399, -33.6635], [150.8394, -33.6636], [150.8392, -33.6637], [150.8389, -33.6637], [150.8389, -33.6637], [150.8384, -33.6637], [150.8382, -33.6638], [150.838, -33.6638], [150.838, -33.6639], [150.8372, -33.6639], [150.837, -33.6639], [150.8367, -33.6637], [150.8367, -33.6636], [150.8366, -33.6629], [150.8366, -33.6628], [150.8365, -33.6626], [150.8362, -33.662], [150.8357, -33.6614], [150.8356, -33.6614], [150.8353, -33.6609], [150.8353, -33.6608], [150.835, -33.6602], [150.835, -33.6601], [150.8348, -33.6597], [150.8347, -33.6595], [150.8348, -33.6588], [150.8349, -33.6587], [150.8351, -33.6583], [150.8352, -33.658], [150.8355, -33.6576], [150.8357, -33.6573], [150.8364, -33.657], [150.8365, -33.6569], [150.837, -33.6565], [150.8371, -33.6564], [150.8372, -33.656], [150.8371, -33.6558], [150.8369, -33.6555], [150.8367, -33.6554], [150.8365, -33.6552], [150.8363, -33.6551], [150.836, -33.6547], [150.8359, -33.6544], [150.8357, -33.654], [150.8358, -33.6537], [150.8359, -33.6533], [150.8361, -33.6532], [150.8363, -33.653], [150.8368, -33.6527], [150.837, -33.6526], [150.8371, -33.6525], [150.8371, -33.6515], [150.8371, -33.6513], [150.837, -33.6504], [150.837, -33.65], [150.8369, -33.6497], [150.8367, -33.6493], [150.8366, -33.6491], [150.8365, -33.649], [150.8363, -33.6488], [150.8361, -33.6487], [150.8356, -33.6486], [150.8352, -33.6485], [150.8344, -33.6482], [150.8341, -33.648], [150.8337, -33.6477], [150.8336, -33.6475], [150.8336, -33.6472], [150.8336, -33.6471], [150.8337, -33.6469], [150.8338, -33.6467], [150.8344, -33.6463], [150.8345, -33.6462], [150.8346, -33.6459], [150.8346, -33.6456], [150.8345, -33.6451], [150.8343, -33.645], [150.8337, -33.6449], [150.8333, -33.6449], [150.8329, -33.6448], [150.8324, -33.6446], [150.831, -33.6436], [150.831, -33.6436], [150.8301, -33.643], [150.8299, -33.6429], [150.8296, -33.6431], [150.8295, -33.6432], [150.8293, -33.6435], [150.8292, -33.6437], [150.829, -33.6439], [150.8289, -33.6441], [150.8287, -33.6443], [150.8285, -33.6443], [150.8281, -33.644], [150.8278, -33.6438], [150.8276, -33.6437], [150.8276, -33.6438], [150.8276, -33.6439]]]}}, {"type": "Feature", "properties": {}, "geometry": {"type": "Polygon", "coordinates": [[[151.0112, -33.9989], [151.0113, -33.9989], [151.0114, -33.9988], [151.0115, -33.9987], [151.0115, -33.9987], [151.0115, -33.9987], [151.0117, -33.9986], [151.0117, -33.9986], [151.0118, -33.9986], [151.0118, -33.9985], [151.0119, -33.9984], [151.012, -33.9984], [151.0128, -33.9977], [151.0131, -33.9973], [151.0133, -33.9968], [151.0136, -33.9958], [151.0138, -33.9952], [151.0141, -33.995], [151.0142, -33.9949], [151.0146, -33.9947], [151.015, -33.9945], [151.0155, -33.994], [151.0163, -33.9933], [151.0168, -33.993], [151.0172, -33.9928], [151.0173, -33.9927], [151.0174, -33.9926], [151.0174, -33.9925], [151.0174, -33.9921], [151.0174, -33.9914], [151.0175, -33.9909], [151.0175, -33.9906], [151.018, -33.9899], [151.0182, -33.9893], [151.0183, -33.989], [151.0182, -33.9888], [151.0182, -33.9887], [151.0182, -33.9886], [151.0178, -33.9884], [151.0177, -33.9883], [151.0176, -33.9881], [151.0174, -33.9871], [151.0172, -33.9867], [151.017, -33.9864], [151.0166, -33.9857], [151.0163, -33.9851], [151.0161, -33.9848], [151.0161, -33.9845], [151.0161, -33.9838], [151.0161, -33.9835], [151.0159, -33.9831], [151.0156, -33.9833], [151.0151, -33.9836], [151.0153, -33.9838], [151.0156, -33.9843], [151.0156, -33.9845], [151.0156, -33.9846], [151.0156, -33.9848], [151.0155, -33.985], [151.0154, -33.9851], [151.0154, -33.9851], [151.0156, -33.9851], [151.0158, -33.9854], [151.0161, -33.9858], [151.0161, -33.9858], [151.0166, -33.9866], [151.0171, -33.9877], [151.0173, -33.988], [151.0176, -33.9885], [151.0178, -33.9886], [151.0179, -33.9888], [151.0179, -33.9891], [151.0177, -33.9898], [151.0175, -33.9903], [151.0172, -33.9909], [151.0171, -33.9912], [151.0172, -33.992], [151.0172, -33.9924], [151.0172, -33.9925], [151.0169, -33.9927], [151.0164, -33.993], [151.0161, -33.9931], [151.0153, -33.9939], [151.0147, -33.9945], [151.0144, -33.9947], [151.014, -33.9948], [151.0137, -33.9951], [151.0134, -33.9955], [151.0132, -33.9963], [151.013, -33.9969], [151.0128, -33.9973], [151.0126, -33.9976], [151.012, -33.9981], [151.0117, -33.9984], [151.0113, -33.9987], [151.0113, -33.9987], [151.0112, -33.9988], [151.0112, -33.9988], [151.0111, -33.9988], [151.0111, -33.9988], [151.0111, -33.9988], [151.011, -33.9989], [151.0108, -33.9989], [151.0108, -33.999], [151.0107, -33.999], [151.0106, -33.999], [151.0106, -33.999], [151.0105, -33.999], [151.0104, -33.999], [151.0103, -33.999], [151.0102, -33.999], [151.0102, -33.999], [151.0101, -33.9989], [151.0101, -33.9989], [151.01, -33.9989], [151.0099, -33.9989], [151.0099, -33.9988], [151.0098, -33.9988], [151.0098, -33.9988], [151.0097, -33.9988], [151.0097, -33.9988], [151.0096, -33.9988], [151.0096, -33.9988], [151.0096, -33.9988], [151.0095, -33.9988], [151.0094, -33.9988], [151.0094, -33.9988], [151.0093, -33.9987], [151.0093, -33.9987], [151.0092, -33.9987], [151.0092, -33.9987], [151.0091, -33.9987], [151.0091, -33.9987], [151.009, -33.9987], [151.009, -33.9988], [151.0089, -33.9988], [151.0089, -33.9988], [151.0088, -33.9988], [151.0088, -33.9989], [151.0088, -33.9989], [151.0087, -33.999], [151.0087, -33.9991], [151.0086, -33.9992], [151.0085, -33.9995], [151.0085, -33.9996], [151.0085, -33.9997], [151.0084, -33.9998], [151.0084, -33.9998], [151.0083, -34.0], [151.0082, -34.0001], [151.0082, -34.0001], [151.0082, -34.0002], [151.0081, -34.0003], [151.0081, -34.0005], [151.008, -34.0006], [151.008, -34.0006], [151.008, -34.0007], [151.008, -34.0008], [151.008, -34.0008], [151.008, -34.0009], [151.008, -34.001], [151.008, -34.001], [151.008, -34.0011], [151.008, -34.0011], [151.0079, -34.0012], [151.0079, -34.0013], [151.0079, -34.0013], [151.0079, -34.0014], [151.0079, -34.0015], [151.0079, -34.0015], [151.0078, -34.0016], [151.0078, -34.0016], [151.0078, -34.0017], [151.0077, -34.0018], [151.0077, -34.0018], [151.0077, -34.0018], [151.0077, -34.0019], [151.0077, -34.0019], [151.0077, -34.002], [151.0078, -34.0021], [151.0077, -34.0021], [151.0077, -34.0021], [151.0077, -34.0022], [151.0077, -34.0022], [151.0077, -34.0023], [151.0077, -34.0023], [151.0078, -34.0022], [151.0078, -34.0022], [151.0078, -34.0022], [151.0078, -34.0022], [151.0078, -34.0022], [151.0079, -34.0022], [151.0079, -34.0021], [151.0079, -34.002], [151.0079, -34.0019], [151.0079, -34.0019], [151.0079, -34.0019], [151.0079, -34.0017], [151.008, -34.0017], [151.008, -34.0015], [151.008, -34.0015], [151.008, -34.0014], [151.008, -34.0013], [151.008, -34.0013], [151.008, -34.0013], [151.0081, -34.0011], [151.0081, -34.0011], [151.0081, -34.001], [151.0081, -34.0009], [151.0082, -34.0008], [151.0082, -34.0008], [151.0082, -34.0006], [151.0082, -34.0006], [151.0082, -34.0005], [151.0082, -34.0005], [151.0082, -34.0004], [151.0082, -34.0004], [151.0082, -34.0003], [151.0083, -34.0003], [151.0083, -34.0002], [151.0083, -34.0001], [151.0084, -34.0001], [151.0084, -34.0001], [151.0085, -33.9999], [151.0085, -33.9998], [151.0085, -33.9998], [151.0086, -33.9997], [151.0086, -33.9996], [151.0087, -33.9996], [151.0087, -33.9994], [151.0089, -33.9992], [151.0089, -33.9992], [151.0089, -33.999], [151.009, -33.999], [151.009, -33.999], [151.009, -33.999], [151.009, -33.9989], [151.0091, -33.9989], [151.0091, -33.9989], [151.0092, -33.9989], [151.0092, -33.9988], [151.0093, -33.9988], [151.0093, -33.9988], [151.0094, -33.9989], [151.0095, -33.9989], [151.0095, -33.9989], [151.0096, -33.9989], [151.0097, -33.9989], [151.0099, -33.999], [151.01, -33.9991], [151.01, -33.9991], [151.0101, -33.9991], [151.0101, -33.9991], [151.0101, -33.9991], [151.0102, -33.9991], [151.0102, -33.9991], [151.0103, -33.9991], [151.0104, -33.9991], [151.0105, -33.9991], [151.0108, -33.9991], [151.0108, -33.9991], [151.0109, -33.9991], [151.011, -33.9991], [151.011, -33.999], [151.0111, -33.999], [151.0112, -33.9989]]]}}, {"type": "Feature", "properties": {}, "geometry": {"type": "Polygon", "coordinates": [[[150.7894, -33.628], [150.7895, -33.6279], [150.7898, -33.6275], [150.79, -33.6273], [150.7902, -33.627], [150.7903, -33.6266], [150.7902, -33.6264], [150.7899, -33.6261], [150.7897, -33.6259], [150.7897, -33.6258], [150.7897, -33.6256], [150.7898, -33.6256], [150.7899, -33.6254], [150.7899, -33.6251], [150.7899, -33.6246], [150.79, -33.6243], [150.7902, -33.6243], [150.7905, -33.6243], [150.7908, -33.6243], [150.791, -33.6243], [150.7913, -33.6243], [150.7913, -33.6244], [150.7911, -33.6246], [150.7913, -33.6246], [150.7915, -33.6246], [150.7917, -33.6246], [150.792, -33.6246], [150.7924, -33.6246], [150.7925, -33.6247], [150.7926, -33.6247], [150.7926, -33.6247], [150.7927, -33.6245], [150.7928, -33.6244], [150.793, -33.6243], [150.7933, -33.6242], [150.7936, -33.6242], [150.7937, -33.6242], [150.7938, -33.624], [150.7938, -33.6238], [150.7937, -33.6236], [150.7936, -33.6234], [150.7933, -33.6233], [150.7928, -33.6232], [150.7926, -33.623], [150.7924, -33.6228], [150.7922, -33.6226], [150.7923, -33.6223], [150.7923, -33.6222], [150.7924, -33.6224], [150.7923, -33.6225], [150.7924, -33.6226], [150.7925, -33.6226], [150.7926, -33.6225], [150.7926, -33.6223], [150.7926, -33.6221], [150.7927, -33.6219], [150.7927, -33.6221], [150.7929, -33.6221], [150.7931, -33.6221], [150.7932, -33.622], [150.7934, -33.6219], [150.7936, -33.6217], [150.7939, -33.6216], [150.7942, -33.6215], [150.7944, -33.6214], [150.7945, -33.6215], [150.7946, -33.6215], [150.7947, -33.6214], [150.7949, -33.6212], [150.795, -33.6208], [150.795, -33.6206], [150.7947, -33.6203], [150.7947, -33.6201], [150.7945, -33.62], [150.7943, -33.6198], [150.7942, -33.6196], [150.794, -33.6193], [150.794, -33.6191], [150.7942, -33.6188], [150.7944, -33.6186], [150.7947, -33.6184], [150.7951, -33.6181], [150.7952, -33.6182], [150.7955, -33.6182], [150.7959, -33.6182], [150.7964, -33.6181], [150.7967, -33.618], [150.7968, -33.618], [150.797, -33.618], [150.7974, -33.6181], [150.7976, -33.6182], [150.7978, -33.6181], [150.798, -33.618], [150.7982, -33.6179], [150.7985, -33.6178], [150.7986, -33.6176], [150.7989, -33.6176], [150.7996, -33.6174], [150.8, -33.6174], [150.8001, -33.6174], [150.7999, -33.6175], [150.7999, -33.6176], [150.7997, -33.6176], [150.7996, -33.6177], [150.7995, -33.6178], [150.7991, -33.6177], [150.799, -33.6178], [150.799, -33.618], [150.7991, -33.6181], [150.7993, -33.6181], [150.7996, -33.6181], [150.8, -33.6182], [150.8002, -33.6182], [150.8004, -33.6181], [150.8008, -33.6179], [150.8011, -33.6177], [150.8012, -33.6175], [150.8013, -33.6175], [150.8015, -33.6171], [150.8016, -33.6168], [150.8017, -33.6166], [150.8018, -33.6164], [150.8019, -33.6163], [150.802, -33.6161], [150.8021, -33.616], [150.8022, -33.6159], [150.8022, -33.6158], [150.8021, -33.6158], [150.802, -33.6156], [150.802, -33.6155], [150.802, -33.6153], [150.8019, -33.6149], [150.8019, -33.615], [150.8018, -33.615], [150.8018, -33.6148], [150.8017, -33.6147], [150.8015, -33.6146], [150.8012, -33.6145], [150.801, -33.6145], [150.8008, -33.6144], [150.8008, -33.6142], [150.8006, -33.6142], [150.8006, -33.614], [150.8007, -33.6139], [150.8007, -33.6138], [150.8007, -33.6136], [150.8007, -33.6133], [150.8008, -33.6129], [150.801, -33.6126], [150.8012, -33.6125], [150.8012, -33.6124], [150.8013, -33.6123], [150.8014, -33.6123], [150.8014, -33.6122], [150.8014, -33.6121], [150.8014, -33.612], [150.8013, -33.612], [150.8012, -33.6122], [150.801, -33.6124], [150.8008, -33.6126], [150.8006, -33.6129], [150.8003, -33.6132], [150.8002, -33.6135], [150.8002, -33.6137], [150.8001, -33.6139], [150.8002, -33.6141], [150.8003, -33.6143], [150.8003, -33.6146], [150.8005, -33.6149], [150.8006, -33.6149], [150.8008, -33.6149], [150.801, -33.6149], [150.8012, -33.6151], [150.8013, -33.6153], [150.8015, -33.6154], [150.8016, -33.6155], [150.8017, -33.6157], [150.8016, -33.6158], [150.8015, -33.6158], [150.8014, -33.6159], [150.8013, -33.6161], [150.8013, -33.6163], [150.8014, -33.6163], [150.8013, -33.6167], [150.8012, -33.6169], [150.8011, -33.6168], [150.8011, -33.6167], [150.8009, -33.6166], [150.8007, -33.6167], [150.8005, -33.6169], [150.8003, -33.617], [150.7999, -33.6171], [150.7996, -33.6172], [150.7991, -33.6172], [150.7988, -33.6171], [150.7987, -33.6172], [150.7986, -33.6171], [150.7985, -33.617], [150.7982, -33.6168], [150.798, -33.6166], [150.7979, -33.6166], [150.7979, -33.6167], [150.7979, -33.6168], [150.7981, -33.6171], [150.7981, -33.6172], [150.7978, -33.6173], [150.7974, -33.6175], [150.797, -33.6176], [150.7967, -33.6178], [150.7961, -33.6178], [150.7957, -33.6179], [150.7954, -33.6179], [150.7951, -33.6179], [150.7947, -33.618], [150.7944, -33.6181], [150.7942, -33.6183], [150.794, -33.6186], [150.7937, -33.6188], [150.7936, -33.619], [150.7936, -33.6193], [150.7936, -33.6195], [150.7936, -33.6197], [150.7938, -33.6197], [150.7938, -33.6197], [150.7939, -33.6198], [150.7939, -33.6199], [150.7939, -33.62], [150.794, -33.6202], [150.794, -33.6204], [150.7942, -33.6206], [150.7944, -33.6208], [150.7944, -33.6209], [150.7943, -33.621], [150.7941, -33.6212], [150.7937, -33.6214], [150.7933, -33.6215], [150.7929, -33.6216], [150.7925, -33.6217], [150.7922, -33.6219], [150.7921, -33.6221], [150.792, -33.6223], [150.792, -33.6226], [150.792, -33.6229], [150.7922, -33.6231], [150.7924, -33.6234], [150.7925, -33.6235], [150.7926, -33.6235], [150.7928, -33.6235], [150.7929, -33.6235], [150.7931, -33.6236], [150.7931, -33.6238], [150.7929, -33.624], [150.7926, -33.624], [150.7923, -33.624], [150.792, -33.624], [150.7917, -33.624], [150.7914, -33.624], [150.791, -33.6239], [150.7905, -33.624], [150.79, -33.6239], [150.7898, -33.624], [150.7896, -33.6241], [150.7895, -33.6243], [150.7895, -33.6247], [150.7893, -33.6254], [150.7893, -33.6255], [150.7892, -33.6258], [150.7892, -33.626], [150.7893, -33.6263], [150.7894, -33.6265], [150.7896, -33.6266], [150.7897, -33.6266], [150.7898, -33.6265], [150.7899, -33.6264], [150.79, -33.6265], [150.79, -33.6267], [150.7899, -33.6269], [150.7898, -33.6271], [150.7894, -33.6273], [150.7893, -33.6275], [150.7892, -33.6276], [150.789, -33.6279], [150.789, -33.628], [150.7891, -33.6281], [150.7892, -33.6282], [150.7893, -33.6281], [150.7894, -33.628]]]}}, {"type": "Feature", "properties": {}, "geometry": {"type": "Polygon", "coordinates": [[[150.9632, -33.8745], [150.963, -33.8744], [150.9627, -33.8739], [150.9624, -33.8736], [150.9626, -33.8742], [150.9627, -33.8745], [150.9628, -33.8746], [150.9629, -33.8747], [150.963, -33.8747], [150.9632, -33.8747], [150.9635, -33.8746], [150.9636, -33.8746], [150.9638, -33.8746], [150.9639, -33.8747], [150.964, -33.8748], [150.964, -33.8749], [150.9641, -33.8751], [150.964, -33.8752], [150.9636, -33.8754], [150.9635, -33.8755], [150.9633, -33.8757], [150.9632, -33.876], [150.963, -33.8761], [150.9623, -33.8763], [150.9622, -33.8764], [150.9619, -33.8764], [150.9612, -33.8764], [150.9609, -33.8764], [150.9607, -33.8765], [150.9605, -33.8767], [150.9605, -33.8769], [150.9606, -33.8771], [150.9607, -33.8773], [150.9609, -33.8774], [150.9611, -33.8775], [150.9613, -33.8775], [150.9615, -33.8776], [150.9617, -33.8776], [150.9619, -33.8776], [150.9622, -33.8775], [150.9624, -33.8774], [150.9625, -33.8773], [150.9627, -33.8774], [150.9627, -33.8776], [150.9627, -33.8778], [150.9627, -33.8779], [150.9626, -33.8781], [150.9625, -33.8783], [150.9624, -33.8785], [150.9623, -33.8787], [150.9621, -33.8788], [150.9618, -33.879], [150.9614, -33.8792], [150.9612, -33.8793], [150.9611, -33.8793], [150.9609, -33.8793], [150.9605, -33.8792], [150.9603, -33.8792], [150.9602, -33.879], [150.9601, -33.8789], [150.96, -33.8788], [150.9602, -33.8786], [150.9604, -33.8785], [150.9606, -33.8784], [150.9607, -33.8782], [150.9607, -33.878], [150.9607, -33.8779], [150.9606, -33.8778], [150.9604, -33.8776], [150.9602, -33.8776], [150.96, -33.8776], [150.9596, -33.8776], [150.9593, -33.8776], [150.959, -33.8777], [150.9588, -33.878], [150.9587, -33.8782], [150.9586, -33.8783], [150.9587, -33.8785], [150.9588, -33.879], [150.9589, -33.8796], [150.9589, -33.8801], [150.9589, -33.8803], [150.959, -33.8805], [150.9591, -33.8806], [150.9593, -33.8808], [150.9595, -33.881], [150.9596, -33.8812], [150.9595, -33.8814], [150.9594, -33.8815], [150.9591, -33.8815], [150.9588, -33.8814], [150.9587, -33.8814], [150.9585, -33.8815], [150.9582, -33.8817], [150.9581, -33.8818], [150.958, -33.882], [150.9579, -33.8822], [150.9579, -33.8826], [150.958, -33.8836], [150.9581, -33.8851], [150.9584, -33.8858], [150.9585, -33.8859], [150.9588, -33.8861], [150.9591, -33.8862], [150.9593, -33.8862], [150.9596, -33.8863], [150.9598, -33.8863], [150.9602, -33.8863], [150.9605, -33.8863], [150.9608, -33.8862], [150.961, -33.8861], [150.9612, -33.886], [150.9616, -33.886], [150.9618, -33.8861], [150.962, -33.8862], [150.9622, -33.8863], [150.9624, -33.8866], [150.9624, -33.8867], [150.9624, -33.8869], [150.9623, -33.8872], [150.9622, -33.8874], [150.962, -33.8876], [150.9617, -33.8877], [150.9614, -33.8878], [150.961, -33.8878], [150.9602, -33.888], [150.9597, -33.8881], [150.9594, -33.8882], [150.9589, -33.8886], [150.9588, -33.8889], [150.9588, -33.8891], [150.9588, -33.8894], [150.9589, -33.8899], [150.9591, -33.8902], [150.9594, -33.8904], [150.9598, -33.8906], [150.9606, -33.8908], [150.9612, -33.8909], [150.9621, -33.8909], [150.9625, -33.891], [150.963, -33.8909], [150.9637, -33.8907], [150.9641, -33.8906], [150.9654, -33.8901], [150.9659, -33.8899], [150.9661, -33.8899], [150.9664, -33.8899], [150.9666, -33.89], [150.9669, -33.8901], [150.9671, -33.8903], [150.9675, -33.8907], [150.9678, -33.8911], [150.9681, -33.8916], [150.9682, -33.8919], [150.9684, -33.8923], [150.9683, -33.8927], [150.9681, -33.893], [150.9681, -33.8938], [150.968, -33.8947], [150.9681, -33.8956], [150.9682, -33.8965], [150.9689, -33.8969], [150.97, -33.8973], [150.9712, -33.8977], [150.9719, -33.8979], [150.9721, -33.898], [150.9723, -33.8981], [150.9725, -33.8983], [150.9726, -33.8986], [150.9726, -33.8989], [150.9728, -33.9], [150.9728, -33.9003], [150.9731, -33.9007], [150.9732, -33.901], [150.9734, -33.9012], [150.9737, -33.9015], [150.9741, -33.9018], [150.9743, -33.902], [150.9746, -33.9022], [150.9751, -33.9025], [150.9754, -33.9028], [150.9758, -33.9031], [150.9762, -33.9035], [150.9769, -33.9043], [150.9771, -33.9044], [150.978, -33.905], [150.9787, -33.9054], [150.979, -33.9056], [150.9791, -33.9057], [150.9793, -33.906], [150.9793, -33.9062], [150.9793, -33.9064], [150.979, -33.9069], [150.9787, -33.9072], [150.9784, -33.9076], [150.9781, -33.9079], [150.9778, -33.9084], [150.9776, -33.9086], [150.9769, -33.9091], [150.976, -33.9089], [150.9754, -33.9082], [150.975, -33.9074], [150.9745, -33.907], [150.9735, -33.9068], [150.973, -33.907], [150.9729, -33.9074], [150.973, -33.9077], [150.9732, -33.9085], [150.9732, -33.9094], [150.9732, -33.9096], [150.9731, -33.9097], [150.9731, -33.9098], [150.9737, -33.9097], [150.9737, -33.9089], [150.9734, -33.908], [150.9734, -33.9074], [150.9735, -33.9072], [150.9738, -33.9071], [150.9748, -33.9078], [150.9753, -33.9085], [150.9758, -33.909], [150.9766, -33.9093], [150.9774, -33.9091], [150.9781, -33.9085], [150.979, -33.9073], [150.9791, -33.9072], [150.9792, -33.907], [150.9793, -33.9069], [150.9795, -33.9066], [150.9795, -33.9064], [150.9795, -33.9062], [150.9795, -33.9059], [150.979, -33.9053], [150.9787, -33.9051], [150.978, -33.9047], [150.977, -33.9039], [150.9766, -33.9037], [150.9763, -33.9034], [150.976, -33.9031], [150.9758, -33.9028], [150.9753, -33.9024], [150.9747, -33.9019], [150.9742, -33.9016], [150.974, -33.9014], [150.9735, -33.9009], [150.9732, -33.9006], [150.9731, -33.9003], [150.9729, -33.8995], [150.9729, -33.8992], [150.9728, -33.8987], [150.9727, -33.8982], [150.9727, -33.898], [150.9726, -33.8979], [150.9721, -33.8976], [150.9714, -33.8975], [150.9702, -33.8971], [150.9687, -33.8966], [150.9685, -33.8964], [150.9683, -33.8958], [150.9684, -33.895], [150.9684, -33.8943], [150.9684, -33.8939], [150.9684, -33.8934], [150.9684, -33.893], [150.9684, -33.8929], [150.9685, -33.8924], [150.9685, -33.8922], [150.9685, -33.8921], [150.9685, -33.8919], [150.9684, -33.8916], [150.9682, -33.8912], [150.968, -33.8908], [150.9677, -33.8903], [150.9675, -33.8902], [150.9672, -33.8899], [150.9669, -33.8897], [150.9666, -33.8896], [150.9664, -33.8896], [150.9661, -33.8896], [150.9657, -33.8896], [150.9655, -33.8897], [150.9653, -33.8897], [150.9644, -33.8901], [150.9637, -33.8904], [150.9632, -33.8905], [150.9626, -33.8906], [150.962, -33.8906], [150.9614, -33.8906], [150.9604, -33.8906], [150.96, -33.8905], [150.9595, -33.8902], [150.9593, -33.8899], [150.9592, -33.8895], [150.9592, -33.8892], [150.9593, -33.8889], [150.9595, -33.8886], [150.9595, -33.8886], [150.9597, -33.8885], [150.9602, -33.8882], [150.9606, -33.8881], [150.9614, -33.8879], [150.962, -33.8878], [150.9622, -33.8877], [150.9625, -33.8875], [150.9627, -33.8871], [150.9627, -33.8869], [150.9627, -33.8866], [150.9626, -33.8864], [150.9624, -33.8861], [150.9622, -33.886], [150.962, -33.8859], [150.9615, -33.8858], [150.9612, -33.8858], [150.961, -33.8859], [150.9606, -33.886], [150.9604, -33.8861], [150.9602, -33.8861], [150.9597, -33.8861], [150.9593, -33.886], [150.9591, -33.886], [150.9588, -33.8858], [150.9586, -33.8856], [150.9583, -33.8853], [150.9584, -33.8846], [150.9584, -33.8838], [150.9582, -33.8826], [150.9581, -33.882], [150.9584, -33.8818], [150.9587, -33.8817], [150.9588, -33.8816], [150.9593, -33.8816], [150.9596, -33.8816], [150.9599, -33.8814], [150.9599, -33.8811], [150.9598, -33.881], [150.9597, -33.8809], [150.9593, -33.8804], [150.9592, -33.8802], [150.9592, -33.88], [150.9592, -33.8797], [150.9592, -33.8795], [150.9591, -33.8792], [150.959, -33.8789], [150.959, -33.8785], [150.959, -33.8782], [150.9591, -33.878], [150.9593, -33.8779], [150.9597, -33.8778], [150.96, -33.8778], [150.9603, -33.8779], [150.9604, -33.878], [150.9604, -33.8781], [150.9604, -33.8782], [150.9602, -33.8783], [150.9601, -33.8785], [150.9599, -33.8787], [150.9599, -33.879], [150.96, -33.8792], [150.9603, -33.8794], [150.9607, -33.8795], [150.9612, -33.8794], [150.9615, -33.8794], [150.9622, -33.8791], [150.9626, -33.8788], [150.9627, -33.8785], [150.9631, -33.8778], [150.9632, -33.8776], [150.9632, -33.8775], [150.9631, -33.8773], [150.963, -33.8772], [150.9629, -33.8772], [150.9628, -33.8771], [150.9625, -33.8771], [150.9624, -33.8771], [150.9622, -33.8773], [150.9618, -33.8775], [150.9616, -33.8775], [150.9614, -33.8775], [150.9612, -33.8774], [150.961, -33.8773], [150.9608, -33.8772], [150.9607, -33.877], [150.9607, -33.8768], [150.9608, -33.8767], [150.961, -33.8766], [150.9613, -33.8766], [150.9619, -33.8766], [150.9621, -33.8766], [150.9626, -33.8764], [150.9629, -33.8763], [150.9631, -33.8762], [150.9633, -33.8761], [150.9634, -33.8758], [150.9636, -33.8756], [150.9639, -33.8754], [150.964, -33.8753], [150.9642, -33.875], [150.9639, -33.8745], [150.9637, -33.8744], [150.9635, -33.8744], [150.9632, -33.8745]]]}}, {"type": "Feature", "properties": {}, "geometry": {"type": "Polygon", "coordinates": [[[150.8378, -33.5986], [150.8376, -33.5985], [150.8373, -33.5984], [150.8371, -33.5983], [150.837, -33.5983], [150.8366, -33.5984], [150.8363, -33.5985], [150.8361, -33.5988], [150.8358, -33.599], [150.8356, -33.5993], [150.8355, -33.5997], [150.8352, -33.6001], [150.8351, -33.6002], [150.8349, -33.6005], [150.8348, -33.6006], [150.8347, -33.6006], [150.8345, -33.6006], [150.8344, -33.6005], [150.8341, -33.6002], [150.8339, -33.5999], [150.8337, -33.5997], [150.8335, -33.5994], [150.8335, -33.5991], [150.8336, -33.599], [150.8338, -33.5986], [150.8332, -33.5989], [150.8329, -33.5991], [150.8329, -33.5991], [150.8329, -33.5992], [150.833, -33.5994], [150.833, -33.5995], [150.8331, -33.5997], [150.8332, -33.5998], [150.8334, -33.6], [150.8336, -33.6001], [150.8337, -33.6003], [150.8339, -33.6005], [150.8341, -33.6006], [150.8342, -33.6008], [150.8347, -33.6009], [150.8348, -33.6009], [150.835, -33.6009], [150.8351, -33.6008], [150.8353, -33.6007], [150.8354, -33.6005], [150.8355, -33.6004], [150.8355, -33.6003], [150.8356, -33.6001], [150.8357, -33.5999], [150.8357, -33.5998], [150.8358, -33.5996], [150.836, -33.5992], [150.8366, -33.5988], [150.8368, -33.5987], [150.837, -33.5986], [150.8371, -33.5986], [150.8374, -33.5987], [150.8375, -33.5988], [150.8379, -33.5991], [150.8381, -33.5995], [150.8382, -33.5998], [150.8386, -33.6003], [150.8388, -33.6006], [150.839, -33.6008], [150.8393, -33.601], [150.8398, -33.6013], [150.8401, -33.6015], [150.8405, -33.6018], [150.8406, -33.6019], [150.8409, -33.6021], [150.8409, -33.6024], [150.8409, -33.6025], [150.8408, -33.6028], [150.8406, -33.6032], [150.8403, -33.6037], [150.8401, -33.6044], [150.8398, -33.6051], [150.8397, -33.6056], [150.8393, -33.6064], [150.8392, -33.6066], [150.8389, -33.6069], [150.8386, -33.6072], [150.8383, -33.6076], [150.8382, -33.6076], [150.8381, -33.6077], [150.8378, -33.608], [150.8375, -33.6081], [150.8369, -33.6085], [150.8367, -33.6086], [150.8362, -33.6087], [150.836, -33.6088], [150.8351, -33.609], [150.8345, -33.6091], [150.8343, -33.6091], [150.834, -33.6091], [150.8333, -33.6092], [150.833, -33.6092], [150.8324, -33.6094], [150.832, -33.6095], [150.8307, -33.6098], [150.8304, -33.6098], [150.8302, -33.6097], [150.8299, -33.6097], [150.8297, -33.6096], [150.8294, -33.6092], [150.8292, -33.609], [150.8291, -33.6087], [150.829, -33.6084], [150.8286, -33.6078], [150.8284, -33.6075], [150.8281, -33.6073], [150.8279, -33.6071], [150.8273, -33.6067], [150.8272, -33.6066], [150.827, -33.6066], [150.8267, -33.6065], [150.8263, -33.6064], [150.8256, -33.6066], [150.8253, -33.6068], [150.825, -33.607], [150.8249, -33.6073], [150.8247, -33.6077], [150.8247, -33.6081], [150.8246, -33.6085], [150.8246, -33.609], [150.8244, -33.6095], [150.8244, -33.6097], [150.8243, -33.61], [150.8241, -33.6103], [150.8241, -33.6105], [150.8241, -33.611], [150.8241, -33.6112], [150.8241, -33.6116], [150.8241, -33.6118], [150.8241, -33.6129], [150.8241, -33.6135], [150.824, -33.6139], [150.824, -33.614], [150.8238, -33.6144], [150.8236, -33.6148], [150.8233, -33.6151], [150.823, -33.6155], [150.8227, -33.6161], [150.8226, -33.6163], [150.8226, -33.6165], [150.8227, -33.6169], [150.8227, -33.6174], [150.8229, -33.6183], [150.823, -33.6185], [150.823, -33.6189], [150.823, -33.6192], [150.8229, -33.6197], [150.8228, -33.6202], [150.8228, -33.6207], [150.8227, -33.6212], [150.8227, -33.6218], [150.8227, -33.6223], [150.8227, -33.6229], [150.8226, -33.6234], [150.8226, -33.6237], [150.8226, -33.6241], [150.8226, -33.6242], [150.8226, -33.6243], [150.8226, -33.6249], [150.8226, -33.6253], [150.8226, -33.6259], [150.8226, -33.6262], [150.8226, -33.6263], [150.8225, -33.6267], [150.8225, -33.627], [150.8225, -33.6271], [150.8225, -33.6273], [150.8225, -33.6275], [150.8223, -33.6282], [150.8222, -33.6284], [150.8222, -33.6285], [150.8222, -33.6285], [150.8221, -33.6289], [150.822, -33.6292], [150.822, -33.6296], [150.822, -33.6298], [150.8219, -33.6306], [150.8219, -33.6308], [150.8219, -33.6309], [150.822, -33.6311], [150.8221, -33.6315], [150.8221, -33.6317], [150.8222, -33.6322], [150.8223, -33.6326], [150.8223, -33.633], [150.8224, -33.6333], [150.8224, -33.6335], [150.8224, -33.6338], [150.8224, -33.6341], [150.8227, -33.635], [150.8227, -33.6352], [150.8227, -33.6353], [150.8228, -33.6355], [150.823, -33.636], [150.8232, -33.6364], [150.8234, -33.6367], [150.8236, -33.637], [150.8237, -33.6373], [150.8238, -33.6376], [150.8239, -33.6378], [150.824, -33.638], [150.8239, -33.6382], [150.8239, -33.6388], [150.8238, -33.639], [150.8237, -33.6394], [150.8237, -33.6395], [150.8237, -33.6401], [150.8237, -33.6404], [150.8238, -33.6408], [150.8238, -33.6411], [150.8239, -33.6414], [150.8241, -33.6417], [150.8241, -33.6417], [150.8242, -33.6418], [150.8244, -33.642], [150.8256, -33.6423], [150.8262, -33.6425], [150.8265, -33.6425], [150.8266, -33.6426], [150.8262, -33.6423], [150.8259, -33.6422], [150.8254, -33.6421], [150.825, -33.642], [150.8243, -33.6417], [150.8242, -33.6416], [150.8242, -33.6415], [150.824, -33.6413], [150.824, -33.6412], [150.8239, -33.6406], [150.824, -33.6394], [150.824, -33.639], [150.824, -33.6389], [150.8241, -33.6386], [150.8241, -33.6385], [150.8242, -33.638], [150.8242, -33.6378], [150.824, -33.6373], [150.8239, -33.6372], [150.8237, -33.6368], [150.8236, -33.6365], [150.8233, -33.636], [150.8232, -33.6359], [150.8232, -33.6358], [150.8232, -33.6357], [150.8229, -33.6348], [150.8228, -33.6347], [150.8228, -33.6346], [150.8227, -33.6343], [150.8227, -33.634], [150.8227, -33.6338], [150.8227, -33.6336], [150.8227, -33.6335], [150.8227, -33.6332], [150.8226, -33.6329], [150.8226, -33.6328], [150.8225, -33.6325], [150.8224, -33.6319], [150.8224, -33.6317], [150.8223, -33.6311], [150.8222, -33.6309], [150.8221, -33.6306], [150.8221, -33.6304], [150.8221, -33.6298], [150.8222, -33.6295], [150.8223, -33.6293], [150.8223, -33.6292], [150.8224, -33.6286], [150.8225, -33.6281], [150.8226, -33.6277], [150.8227, -33.6275], [150.8227, -33.6271], [150.8227, -33.6269], [150.8227, -33.6269], [150.8228, -33.6262], [150.8228, -33.6258], [150.8228, -33.6251], [150.8228, -33.6249], [150.8228, -33.6248], [150.8228, -33.6247], [150.8229, -33.624], [150.8229, -33.6239], [150.8229, -33.6234], [150.8229, -33.6232], [150.8229, -33.6227], [150.8229, -33.6222], [150.8229, -33.6217], [150.8229, -33.6213], [150.823, -33.6208], [150.8232, -33.62], [150.8233, -33.6197], [150.8233, -33.6194], [150.8232, -33.6189], [150.8231, -33.618], [150.823, -33.6176], [150.823, -33.6174], [150.8229, -33.617], [150.8229, -33.6166], [150.823, -33.6161], [150.823, -33.616], [150.823, -33.6159], [150.8231, -33.6157], [150.8233, -33.6156], [150.8235, -33.6154], [150.8236, -33.6152], [150.8239, -33.6149], [150.8243, -33.6142], [150.8244, -33.614], [150.8244, -33.6138], [150.8244, -33.6134], [150.8244, -33.6121], [150.8244, -33.6117], [150.8244, -33.6113], [150.8244, -33.6111], [150.8244, -33.6107], [150.8246, -33.61], [150.8246, -33.6099], [150.8248, -33.6094], [150.825, -33.6085], [150.8251, -33.6077], [150.8252, -33.6075], [150.8252, -33.6073], [150.8254, -33.6071], [150.8258, -33.6068], [150.826, -33.6067], [150.8263, -33.6066], [150.8267, -33.6067], [150.8269, -33.6069], [150.8273, -33.607], [150.8276, -33.6072], [150.828, -33.6075], [150.8283, -33.6078], [150.8286, -33.6083], [150.8288, -33.6086], [150.8289, -33.6089], [150.829, -33.6091], [150.8293, -33.6095], [150.8295, -33.6097], [150.8298, -33.6099], [150.8302, -33.6099], [150.8305, -33.61], [150.8313, -33.6099], [150.8319, -33.6097], [150.8325, -33.6096], [150.8328, -33.6095], [150.8342, -33.6093], [150.8349, -33.6092], [150.8352, -33.6092], [150.8356, -33.6091], [150.8363, -33.609], [150.8367, -33.6089], [150.8369, -33.6088], [150.8372, -33.6087], [150.8377, -33.6083], [150.8379, -33.6082], [150.8381, -33.6081], [150.8383, -33.6079], [150.8385, -33.6077], [150.8393, -33.6069], [150.8395, -33.6067], [150.8397, -33.6063], [150.8398, -33.606], [150.8401, -33.6052], [150.8403, -33.6047], [150.8405, -33.6041], [150.8405, -33.604], [150.8406, -33.6039], [150.8406, -33.6038], [150.8407, -33.6037], [150.8407, -33.6037], [150.8408, -33.6036], [150.8408, -33.6034], [150.8409, -33.6032], [150.841, -33.6031], [150.8411, -33.603], [150.8413, -33.6027], [150.8415, -33.6026], [150.8415, -33.6025], [150.8414, -33.6023], [150.8413, -33.602], [150.841, -33.6018], [150.8407, -33.6016], [150.8404, -33.6014], [150.8401, -33.6012], [150.8397, -33.6009], [150.8395, -33.6007], [150.8394, -33.6007], [150.8393, -33.6007], [150.839, -33.6003], [150.8388, -33.6001], [150.8387, -33.5999], [150.8385, -33.5997], [150.8384, -33.5993], [150.8382, -33.599], [150.8381, -33.5989], [150.8379, -33.5987], [150.8378, -33.5986]]]}}, {"type": "Feature", "properties": {}, "geometry": {"type": "Polygon", "coordinates": [[[150.8276, -33.6437], [150.8276, -33.6435], [150.8275, -33.6431], [150.8273, -33.6428], [150.8272, -33.6428], [150.8274, -33.6437], [150.8272, -33.6445], [150.8269, -33.6452], [150.8266, -33.646], [150.8267, -33.6463], [150.8269, -33.6472], [150.8274, -33.6483], [150.8282, -33.6492], [150.8285, -33.6495], [150.8289, -33.6498], [150.8295, -33.6504], [150.83, -33.6511], [150.8304, -33.6521], [150.8303, -33.6523], [150.83, -33.6525], [150.8296, -33.6525], [150.8293, -33.6523], [150.8286, -33.6522], [150.8281, -33.6523], [150.8276, -33.6527], [150.8274, -33.6529], [150.8269, -33.6536], [150.8267, -33.6539], [150.8266, -33.654], [150.8264, -33.6547], [150.8264, -33.6549], [150.8272, -33.6558], [150.8275, -33.6561], [150.8271, -33.6572], [150.8268, -33.6576], [150.8267, -33.6579], [150.8264, -33.6581], [150.8263, -33.6583], [150.8256, -33.6587], [150.8252, -33.6591], [150.8246, -33.6593], [150.8245, -33.6593], [150.8239, -33.6596], [150.823, -33.6598], [150.8226, -33.66], [150.8221, -33.66], [150.8215, -33.6602], [150.8207, -33.6602], [150.8202, -33.6604], [150.8197, -33.6606], [150.8194, -33.6607], [150.818, -33.6617], [150.8176, -33.6619], [150.8175, -33.662], [150.8174, -33.6622], [150.817, -33.6627], [150.8169, -33.6629], [150.8163, -33.6637], [150.8159, -33.6644], [150.8157, -33.6646], [150.8155, -33.6651], [150.8153, -33.6656], [150.8148, -33.6662], [150.8144, -33.6665], [150.8138, -33.6671], [150.8137, -33.6673], [150.8134, -33.6675], [150.8132, -33.6676], [150.8132, -33.6677], [150.8131, -33.6683], [150.8131, -33.6685], [150.813, -33.6688], [150.8129, -33.6689], [150.813, -33.6696], [150.8131, -33.67], [150.8132, -33.6705], [150.8136, -33.6713], [150.8137, -33.6717], [150.8141, -33.6726], [150.8144, -33.673], [150.815, -33.6736], [150.8157, -33.674], [150.816, -33.6741], [150.817, -33.6741], [150.8175, -33.6739], [150.8181, -33.6739], [150.8185, -33.6742], [150.8189, -33.6748], [150.8191, -33.6755], [150.819, -33.6759], [150.8186, -33.6763], [150.8183, -33.6765], [150.8179, -33.6768], [150.8175, -33.6769], [150.8171, -33.6769], [150.8169, -33.677], [150.8166, -33.677], [150.8165, -33.6772], [150.8164, -33.6772], [150.816, -33.6773], [150.8156, -33.6773], [150.8151, -33.6775], [150.8145, -33.6775], [150.8143, -33.6776], [150.8138, -33.6777], [150.8133, -33.6777], [150.8124, -33.6775], [150.8117, -33.6776], [150.8113, -33.6779], [150.8111, -33.6781], [150.8109, -33.6783], [150.8104, -33.6784], [150.8102, -33.6785], [150.81, -33.6784], [150.8094, -33.6783], [150.809, -33.6782], [150.8085, -33.6782], [150.8078, -33.6781], [150.807, -33.6776], [150.8066, -33.6773], [150.8062, -33.6768], [150.8056, -33.676], [150.8055, -33.6758], [150.8054, -33.6756], [150.8054, -33.6755], [150.8053, -33.6753], [150.8054, -33.6752], [150.8053, -33.6749], [150.805, -33.6747], [150.8049, -33.6745], [150.8041, -33.6743], [150.8039, -33.6744], [150.8037, -33.6747], [150.8037, -33.6748], [150.8038, -33.6751], [150.8038, -33.6754], [150.8037, -33.6754], [150.8031, -33.6754], [150.8027, -33.6752], [150.8025, -33.6752], [150.8018, -33.6751], [150.8016, -33.675], [150.8015, -33.6743], [150.8014, -33.6742], [150.8011, -33.6743], [150.8008, -33.6744], [150.8003, -33.6748], [150.8002, -33.6748], [150.7999, -33.675], [150.7998, -33.6751], [150.7997, -33.6752], [150.7997, -33.6755], [150.7997, -33.6756], [150.7995, -33.6756], [150.7995, -33.6756], [150.7994, -33.6756], [150.7991, -33.6756], [150.7991, -33.6758], [150.7989, -33.676], [150.7985, -33.6764], [150.798, -33.6771], [150.7974, -33.6781], [150.7971, -33.6785], [150.7967, -33.6789], [150.7967, -33.679], [150.7967, -33.6792], [150.7966, -33.6795], [150.7966, -33.6796], [150.7965, -33.68], [150.7963, -33.6805], [150.7962, -33.6808], [150.796, -33.6813], [150.7961, -33.6817], [150.796, -33.6819], [150.7958, -33.6827], [150.7957, -33.6832], [150.7957, -33.6837], [150.7956, -33.6839], [150.7955, -33.6844], [150.795, -33.685], [150.7949, -33.685], [150.794, -33.6853], [150.7932, -33.6855], [150.7928, -33.6856], [150.7918, -33.6859], [150.7914, -33.6861], [150.7908, -33.6864], [150.7907, -33.6865], [150.7904, -33.6865], [150.79, -33.6867], [150.7899, -33.6868], [150.7902, -33.687], [150.7904, -33.6873], [150.7908, -33.6876], [150.7914, -33.6878], [150.7915, -33.688], [150.7915, -33.6881], [150.7915, -33.6883], [150.791, -33.6889], [150.7908, -33.689], [150.7909, -33.6891], [150.7913, -33.6888], [150.7914, -33.6887], [150.7916, -33.6884], [150.7917, -33.688], [150.7913, -33.6877], [150.7909, -33.6875], [150.7907, -33.6874], [150.7904, -33.687], [150.7905, -33.6866], [150.7918, -33.6861], [150.7923, -33.6859], [150.7929, -33.6857], [150.7931, -33.6857], [150.7934, -33.6857], [150.794, -33.6855], [150.7949, -33.6852], [150.7954, -33.6849], [150.7956, -33.6848], [150.7959, -33.684], [150.796, -33.6839], [150.7959, -33.6835], [150.7959, -33.6829], [150.7961, -33.6824], [150.7964, -33.6809], [150.7965, -33.6805], [150.7966, -33.6801], [150.7966, -33.6799], [150.7969, -33.6792], [150.797, -33.6789], [150.7973, -33.6785], [150.7977, -33.6778], [150.7978, -33.6776], [150.7982, -33.6772], [150.7986, -33.6768], [150.7989, -33.6763], [150.7992, -33.6759], [150.7993, -33.6757], [150.7993, -33.6757], [150.7994, -33.6757], [150.7996, -33.6757], [150.7997, -33.6756], [150.7998, -33.6755], [150.7999, -33.6753], [150.8, -33.675], [150.8004, -33.6748], [150.8007, -33.6746], [150.801, -33.6744], [150.8014, -33.6744], [150.8014, -33.6747], [150.8014, -33.675], [150.8015, -33.6752], [150.8021, -33.6753], [150.8024, -33.6753], [150.8027, -33.6753], [150.8029, -33.6754], [150.8034, -33.6756], [150.8039, -33.6756], [150.804, -33.6754], [150.804, -33.6752], [150.8039, -33.675], [150.8039, -33.6748], [150.8039, -33.6745], [150.8041, -33.6744], [150.8044, -33.6745], [150.8044, -33.6745], [150.8046, -33.6747], [150.8048, -33.6747], [150.8048, -33.6748], [150.8049, -33.6749], [150.805, -33.6751], [150.8052, -33.6754], [150.8053, -33.6755], [150.8053, -33.6757], [150.8054, -33.6758], [150.8057, -33.6764], [150.8062, -33.677], [150.8064, -33.6772], [150.807, -33.6778], [150.807, -33.6778], [150.8076, -33.6782], [150.808, -33.6783], [150.8084, -33.6784], [150.8085, -33.6784], [150.8086, -33.6784], [150.8086, -33.6783], [150.8087, -33.6783], [150.8089, -33.6783], [150.8093, -33.6784], [150.8099, -33.6785], [150.8106, -33.6786], [150.8108, -33.6786], [150.8109, -33.6785], [150.8112, -33.6784], [150.8114, -33.6782], [150.8116, -33.678], [150.8122, -33.6777], [150.8126, -33.6778], [150.813, -33.6778], [150.8136, -33.6779], [150.8139, -33.6778], [150.8142, -33.6778], [150.8145, -33.6776], [150.8147, -33.6776], [150.8152, -33.6776], [150.8154, -33.6776], [150.8158, -33.6776], [150.8161, -33.6775], [150.8162, -33.6774], [150.8165, -33.6773], [150.8166, -33.6771], [150.8172, -33.6771], [150.8176, -33.6769], [150.8184, -33.6767], [150.8187, -33.6765], [150.8189, -33.6763], [150.8191, -33.676], [150.8192, -33.6754], [150.8191, -33.6748], [150.8188, -33.6741], [150.8185, -33.6738], [150.8181, -33.6737], [150.8176, -33.6737], [150.8162, -33.6738], [150.8159, -33.6739], [150.8156, -33.6738], [150.8152, -33.6735], [150.8148, -33.6732], [150.8145, -33.6728], [150.8142, -33.6725], [150.814, -33.6721], [150.8139, -33.6718], [150.8139, -33.6715], [150.8139, -33.6712], [150.8137, -33.6707], [150.8134, -33.6702], [150.8132, -33.6696], [150.8132, -33.6692], [150.8132, -33.6686], [150.8133, -33.6683], [150.8133, -33.6681], [150.8134, -33.668], [150.8137, -33.6674], [150.8148, -33.6664], [150.8155, -33.6657], [150.8158, -33.6652], [150.8161, -33.6647], [150.8163, -33.6642], [150.8166, -33.6638], [150.8169, -33.6631], [150.8171, -33.6629], [150.8175, -33.6625], [150.8176, -33.6624], [150.8182, -33.6619], [150.8193, -33.6611], [150.8196, -33.6609], [150.8213, -33.6605], [150.8222, -33.6603], [150.8232, -33.6601], [150.8246, -33.6596], [150.825, -33.6594], [150.8258, -33.6588], [150.8262, -33.6584], [150.8267, -33.658], [150.8272, -33.6573], [150.8276, -33.6566], [150.8275, -33.6563], [150.8275, -33.6561], [150.8273, -33.6557], [150.8267, -33.6552], [150.8266, -33.655], [150.8266, -33.6542], [150.827, -33.6537], [150.8272, -33.6534], [150.8273, -33.6532], [150.8277, -33.6528], [150.8278, -33.6526], [150.8281, -33.6524], [150.8284, -33.6524], [150.8291, -33.6524], [150.8295, -33.6525], [150.8298, -33.6526], [150.8303, -33.6527], [150.8305, -33.6525], [150.8305, -33.6521], [150.8305, -33.6517], [150.8302, -33.651], [150.83, -33.6508], [150.8294, -33.6501], [150.8285, -33.6493], [150.8281, -33.6488], [150.8279, -33.6485], [150.8276, -33.6481], [150.8272, -33.6473], [150.8269, -33.6467], [150.8268, -33.6461], [150.827, -33.6456], [150.8272, -33.6451], [150.8275, -33.6443], [150.8276, -33.6439], [150.8276, -33.6437]]]}}, {"type": "Feature", "properties": {}, "geometry": {"type": "Polygon", "coordinates": [[[151.1621, -33.9334], [151.1622, -33.9333], [151.1623, -33.9332], [151.1624, -33.933], [151.1625, -33.933], [151.1626, -33.9329], [151.1627, -33.9326], [151.1628, -33.9323], [151.163, -33.932], [151.1632, -33.9317], [151.1633, -33.9315], [151.1634, -33.9312], [151.1634, -33.9312], [151.1635, -33.931], [151.1637, -33.9308], [151.1643, -33.9302], [151.1645, -33.9299], [151.1651, -33.9295], [151.1661, -33.9289], [151.1669, -33.9284], [151.1673, -33.9282], [151.1673, -33.9281], [151.1683, -33.9276], [151.1685, -33.9274], [151.1687, -33.9273], [151.1691, -33.9272], [151.1692, -33.9272], [151.1696, -33.9271], [151.1696, -33.9271], [151.1702, -33.927], [151.1708, -33.9269], [151.1717, -33.9267], [151.1722, -33.9266], [151.1726, -33.9266], [151.1731, -33.9265], [151.1733, -33.9264], [151.1736, -33.9263], [151.1738, -33.9262], [151.1739, -33.9261], [151.174, -33.926], [151.1742, -33.9258], [151.1744, -33.9258], [151.1744, -33.9257], [151.1744, -33.9257], [151.1744, -33.9256], [151.1744, -33.9256], [151.1744, -33.9256], [151.1745, -33.9256], [151.1744, -33.9255], [151.1746, -33.9251], [151.1747, -33.9248], [151.1747, -33.9246], [151.1749, -33.9244], [151.175, -33.9242], [151.1751, -33.9241], [151.1753, -33.9239], [151.1754, -33.9238], [151.1755, -33.9238], [151.1757, -33.9237], [151.1758, -33.9236], [151.176, -33.9235], [151.1763, -33.9234], [151.1765, -33.9233], [151.1767, -33.9232], [151.1771, -33.9229], [151.1773, -33.9228], [151.1773, -33.9228], [151.1775, -33.9227], [151.1776, -33.9226], [151.1778, -33.9224], [151.178, -33.9222], [151.1781, -33.9222], [151.1782, -33.9221], [151.1784, -33.9218], [151.1787, -33.9215], [151.1788, -33.9213], [151.179, -33.9211], [151.179, -33.921], [151.1792, -33.9208], [151.1795, -33.9205], [151.1795, -33.9204], [151.1797, -33.9202], [151.1798, -33.9201], [151.1798, -33.92], [151.1799, -33.9199], [151.1801, -33.9197], [151.1804, -33.9195], [151.1806, -33.9193], [151.1807, -33.9193], [151.1809, -33.9191], [151.1811, -33.9189], [151.1814, -33.9188], [151.1816, -33.9187], [151.1819, -33.9186], [151.1822, -33.9185], [151.1826, -33.9184], [151.183, -33.9183], [151.1831, -33.9183], [151.1835, -33.9181], [151.184, -33.918], [151.1843, -33.9179], [151.1848, -33.9177], [151.1854, -33.9175], [151.1856, -33.9175], [151.1857, -33.9174], [151.186, -33.9173], [151.1863, -33.9171], [151.1865, -33.917], [151.1867, -33.9169], [151.1869, -33.9167], [151.1872, -33.9165], [151.1874, -33.9163], [151.1876, -33.9162], [151.1877, -33.9161], [151.1878, -33.916], [151.188, -33.9157], [151.1883, -33.9154], [151.1885, -33.9151], [151.1887, -33.9149], [151.189, -33.9146], [151.1892, -33.9143], [151.1893, -33.9143], [151.1894, -33.9141], [151.1899, -33.9133], [151.1903, -33.9126], [151.1905, -33.9123], [151.1905, -33.9122], [151.1908, -33.9117], [151.191, -33.9113], [151.1913, -33.9108], [151.1916, -33.9104], [151.1917, -33.9103], [151.1917, -33.9103], [151.1916, -33.9102], [151.1915, -33.9102], [151.1915, -33.9102], [151.1914, -33.9101], [151.1912, -33.91], [151.1911, -33.9102], [151.191, -33.9104], [151.1907, -33.9108], [151.1904, -33.9112], [151.1903, -33.9114], [151.19, -33.912], [151.1896, -33.9127], [151.1894, -33.9129], [151.1892, -33.9132], [151.1892, -33.9133], [151.1889, -33.9137], [151.1887, -33.9139], [151.1885, -33.9143], [151.188, -33.9148], [151.1878, -33.9151], [151.1873, -33.9156], [151.187, -33.9159], [151.1865, -33.9163], [151.1863, -33.9165], [151.186, -33.9166], [151.1859, -33.9167], [151.1858, -33.9168], [151.1854, -33.917], [151.1851, -33.9171], [151.1848, -33.9172], [151.184, -33.9174], [151.1835, -33.9176], [151.1834, -33.9176], [151.1831, -33.9177], [151.1826, -33.9179], [151.1821, -33.918], [151.1819, -33.9181], [151.1817, -33.9181], [151.1815, -33.9182], [151.1812, -33.9183], [151.181, -33.9185], [151.1809, -33.9185], [151.1809, -33.9185], [151.1805, -33.9187], [151.1803, -33.9188], [151.1801, -33.919], [151.1798, -33.9192], [151.1796, -33.9194], [151.1796, -33.9195], [151.1794, -33.9196], [151.1792, -33.9198], [151.1791, -33.9199], [151.179, -33.9201], [151.179, -33.9201], [151.1789, -33.9203], [151.1788, -33.9204], [151.1783, -33.9211], [151.178, -33.9214], [151.1778, -33.9216], [151.1776, -33.9218], [151.1775, -33.9219], [151.1775, -33.922], [151.1773, -33.9221], [151.1772, -33.9222], [151.1771, -33.9223], [151.1767, -33.9225], [151.1765, -33.9227], [151.1759, -33.923], [151.1755, -33.9232], [151.1753, -33.9232], [151.1752, -33.9233], [151.175, -33.9234], [151.1747, -33.9236], [151.1746, -33.9238], [151.1744, -33.924], [151.1743, -33.9242], [151.1742, -33.9244], [151.1741, -33.9246], [151.174, -33.9249], [151.1739, -33.9251], [151.1739, -33.9251], [151.1738, -33.9253], [151.1737, -33.9255], [151.1736, -33.9256], [151.1734, -33.9258], [151.1732, -33.9259], [151.173, -33.926], [151.1729, -33.9261], [151.1727, -33.9261], [151.1723, -33.9262], [151.1718, -33.9263], [151.1717, -33.9263], [151.171, -33.9265], [151.1705, -33.9265], [151.1694, -33.9268], [151.1692, -33.9268], [151.1691, -33.9268], [151.169, -33.9268], [151.1688, -33.9269], [151.1687, -33.9269], [151.1684, -33.927], [151.1682, -33.9271], [151.1679, -33.9273], [151.1677, -33.9274], [151.1674, -33.9276], [151.167, -33.9278], [151.1669, -33.9279], [151.1666, -33.928], [151.1662, -33.9283], [151.1659, -33.9285], [151.1653, -33.9288], [151.1652, -33.9289], [151.1652, -33.929], [151.165, -33.929], [151.1648, -33.9291], [151.1647, -33.9292], [151.1647, -33.9292], [151.1646, -33.9292], [151.1645, -33.9293], [151.1643, -33.9294], [151.1641, -33.9295], [151.1639, -33.9296], [151.1638, -33.9297], [151.1636, -33.9298], [151.1634, -33.9299], [151.1633, -33.9301], [151.1631, -33.9303], [151.1629, -33.9305], [151.1627, -33.9306], [151.1627, -33.9307], [151.1626, -33.9308], [151.1625, -33.931], [151.1623, -33.9313], [151.1621, -33.9316], [151.1619, -33.932], [151.1618, -33.9322], [151.1617, -33.9324], [151.1615, -33.9325], [151.1614, -33.9325], [151.1618, -33.9329], [151.1621, -33.9334]]]}}, {"type": "Feature", "properties": {}, "geometry": {"type": "Polygon", "coordinates": [[[151.0463, -33.8293], [151.0466, -33.8287], [151.0468, -33.8286], [151.047, -33.8284], [151.0472, -33.8283], [151.0473, -33.8282], [151.0474, -33.828], [151.0476, -33.8277], [151.0477, -33.8274], [151.0477, -33.8272], [151.0477, -33.827], [151.0478, -33.8268], [151.048, -33.8265], [151.0483, -33.8263], [151.0486, -33.8259], [151.0487, -33.8257], [151.049, -33.8254], [151.0492, -33.8252], [151.0493, -33.8251], [151.0496, -33.8249], [151.0497, -33.8248], [151.0499, -33.8247], [151.0483, -33.8244], [151.0471, -33.8247], [151.0467, -33.8255], [151.0467, -33.8256], [151.0467, -33.8257], [151.0468, -33.8257], [151.0469, -33.8258], [151.047, -33.8258], [151.0471, -33.8259], [151.0471, -33.826], [151.047, -33.8263], [151.047, -33.8265], [151.047, -33.8266], [151.0469, -33.8269], [151.0468, -33.8271], [151.0467, -33.8274], [151.0465, -33.8278], [151.0464, -33.828], [151.046, -33.8285], [151.046, -33.8286], [151.0458, -33.8289], [151.0456, -33.8291], [151.0454, -33.8292], [151.0452, -33.8293], [151.0448, -33.8293], [151.0446, -33.8293], [151.044, -33.8293], [151.0437, -33.8292], [151.0435, -33.8293], [151.0432, -33.8293], [151.043, -33.8293], [151.0425, -33.8294], [151.0422, -33.8296], [151.0419, -33.8298], [151.0412, -33.8303], [151.0409, -33.8305], [151.0404, -33.8308], [151.04, -33.8311], [151.0397, -33.8313], [151.0394, -33.8316], [151.0392, -33.8316], [151.0389, -33.8317], [151.0385, -33.8319], [151.0382, -33.8319], [151.0379, -33.8319], [151.0375, -33.8319], [151.0373, -33.8319], [151.037, -33.8318], [151.0367, -33.8316], [151.0366, -33.8316], [151.0362, -33.8314], [151.036, -33.8314], [151.0357, -33.8314], [151.0355, -33.8314], [151.0352, -33.8316], [151.0349, -33.8318], [151.0346, -33.8321], [151.0344, -33.8322], [151.0342, -33.8324], [151.034, -33.8325], [151.0336, -33.8327], [151.0331, -33.8331], [151.0328, -33.8332], [151.0323, -33.8336], [151.0319, -33.8338], [151.0316, -33.8341], [151.0311, -33.8345], [151.0308, -33.8347], [151.0305, -33.8348], [151.0302, -33.8349], [151.0301, -33.8349], [151.03, -33.8351], [151.03, -33.8351], [151.0298, -33.8352], [151.0296, -33.8352], [151.0294, -33.8352], [151.0292, -33.8352], [151.0289, -33.8352], [151.0286, -33.8351], [151.0283, -33.8349], [151.028, -33.8349], [151.0278, -33.8349], [151.0276, -33.8348], [151.0274, -33.8349], [151.027, -33.8349], [151.0267, -33.8349], [151.0262, -33.8349], [151.0258, -33.8349], [151.0256, -33.8348], [151.0253, -33.8347], [151.025, -33.8345], [151.0248, -33.8344], [151.0246, -33.8344], [151.0245, -33.8344], [151.0242, -33.8343], [151.0239, -33.8343], [151.0237, -33.8344], [151.0235, -33.8344], [151.0233, -33.8345], [151.0232, -33.8346], [151.023, -33.8348], [151.023, -33.835], [151.0229, -33.8351], [151.023, -33.8353], [151.023, -33.8355], [151.023, -33.8356], [151.0229, -33.8357], [151.0228, -33.8358], [151.0227, -33.8359], [151.0226, -33.8359], [151.0225, -33.836], [151.0224, -33.8362], [151.0223, -33.8363], [151.0223, -33.8363], [151.0221, -33.8365], [151.0219, -33.8366], [151.0216, -33.8366], [151.0213, -33.8366], [151.0211, -33.8366], [151.0209, -33.8365], [151.0207, -33.8365], [151.0206, -33.8364], [151.0204, -33.8364], [151.0203, -33.8364], [151.0201, -33.8365], [151.0199, -33.8365], [151.0197, -33.8365], [151.0196, -33.8366], [151.0195, -33.8366], [151.0192, -33.8367], [151.0191, -33.8368], [151.019, -33.8368], [151.019, -33.8369], [151.0189, -33.8371], [151.0189, -33.8372], [151.0188, -33.8373], [151.0186, -33.8373], [151.0184, -33.8374], [151.0184, -33.8374], [151.0183, -33.8375], [151.0182, -33.8377], [151.018, -33.838], [151.018, -33.8382], [151.0179, -33.8386], [151.0177, -33.8389], [151.0177, -33.8391], [151.0177, -33.8394], [151.0177, -33.8398], [151.0176, -33.8402], [151.0175, -33.8407], [151.0175, -33.8408], [151.0175, -33.8411], [151.0175, -33.8412], [151.0174, -33.8413], [151.0173, -33.8415], [151.0173, -33.8416], [151.0172, -33.8417], [151.0171, -33.8418], [151.017, -33.842], [151.0169, -33.8421], [151.0168, -33.8423], [151.0167, -33.8426], [151.0166, -33.8427], [151.0165, -33.843], [151.0164, -33.8432], [151.0164, -33.8432], [151.0164, -33.8434], [151.0164, -33.8436], [151.0164, -33.8437], [151.0164, -33.8439], [151.0164, -33.8441], [151.0164, -33.8443], [151.0164, -33.8444], [151.0164, -33.8447], [151.0164, -33.8449], [151.0164, -33.8451], [151.0164, -33.8452], [151.0162, -33.8456], [151.0162, -33.8458], [151.0162, -33.8459], [151.0162, -33.846], [151.0162, -33.8461], [151.0163, -33.8463], [151.0163, -33.8465], [151.0164, -33.8465], [151.0164, -33.8467], [151.0164, -33.8469], [151.0164, -33.847], [151.0165, -33.8471], [151.0166, -33.8472], [151.0167, -33.8473], [151.0168, -33.8474], [151.0168, -33.8475], [151.017, -33.8478], [151.0171, -33.8479], [151.0171, -33.8479], [151.0171, -33.8478], [151.0171, -33.8477], [151.017, -33.8476], [151.0169, -33.8475], [151.0168, -33.8473], [151.0167, -33.8472], [151.0166, -33.8471], [151.0165, -33.847], [151.0164, -33.8469], [151.0164, -33.8468], [151.0164, -33.8467], [151.0164, -33.8465], [151.0164, -33.8465], [151.0163, -33.8463], [151.0163, -33.8463], [151.0163, -33.8462], [151.0163, -33.846], [151.0163, -33.8459], [151.0164, -33.8456], [151.0164, -33.8455], [151.0165, -33.8454], [151.0165, -33.8451], [151.0165, -33.8451], [151.0166, -33.8447], [151.0166, -33.8443], [151.0166, -33.8442], [151.0165, -33.844], [151.0165, -33.8438], [151.0165, -33.8435], [151.0165, -33.8434], [151.0166, -33.8433], [151.0166, -33.8431], [151.0166, -33.843], [151.0166, -33.8429], [151.0168, -33.8425], [151.017, -33.8423], [151.017, -33.8421], [151.0171, -33.842], [151.0173, -33.8417], [151.0174, -33.8417], [151.0175, -33.8415], [151.0175, -33.8413], [151.0176, -33.841], [151.0177, -33.8408], [151.0177, -33.8406], [151.0178, -33.8402], [151.0178, -33.84], [151.0178, -33.8393], [151.0178, -33.8391], [151.0179, -33.8389], [151.0179, -33.8386], [151.018, -33.8384], [151.0181, -33.8382], [151.0182, -33.8378], [151.0183, -33.8377], [151.0185, -33.8375], [151.0186, -33.8374], [151.0188, -33.8374], [151.0189, -33.8374], [151.019, -33.8373], [151.0191, -33.8373], [151.0194, -33.8371], [151.0195, -33.837], [151.0195, -33.8369], [151.0195, -33.8369], [151.0196, -33.8368], [151.0198, -33.8367], [151.0199, -33.8367], [151.02, -33.8366], [151.0203, -33.8366], [151.0204, -33.8366], [151.0213, -33.8368], [151.0217, -33.8368], [151.0219, -33.8368], [151.0221, -33.8367], [151.0224, -33.8365], [151.0226, -33.8364], [151.0228, -33.8361], [151.023, -33.8359], [151.0232, -33.8357], [151.0232, -33.8356], [151.0232, -33.8355], [151.0232, -33.8354], [151.0232, -33.8353], [151.0232, -33.8351], [151.0231, -33.835], [151.0232, -33.8349], [151.0234, -33.8347], [151.0235, -33.8346], [151.0237, -33.8346], [151.0239, -33.8345], [151.0241, -33.8345], [151.0243, -33.8345], [151.0245, -33.8345], [151.0247, -33.8345], [151.0251, -33.8347], [151.0253, -33.8348], [151.0255, -33.8349], [151.0258, -33.835], [151.026, -33.835], [151.0264, -33.8351], [151.0266, -33.835], [151.027, -33.835], [151.0275, -33.835], [151.0278, -33.835], [151.028, -33.8351], [151.0284, -33.8351], [151.0286, -33.8352], [151.0283, -33.8357], [151.0286, -33.8355], [151.0289, -33.8353], [151.0294, -33.8354], [151.0297, -33.8354], [151.0299, -33.8354], [151.0302, -33.8353], [151.0306, -33.8351], [151.0311, -33.8348], [151.0314, -33.8347], [151.0318, -33.8345], [151.0328, -33.8338], [151.0332, -33.8336], [151.0334, -33.8335], [151.0336, -33.8333], [151.0338, -33.8332], [151.034, -33.8331], [151.0344, -33.8329], [151.0345, -33.8328], [151.0348, -33.8325], [151.035, -33.8323], [151.0352, -33.8322], [151.0354, -33.832], [151.0355, -33.832], [151.0358, -33.8319], [151.036, -33.8319], [151.0361, -33.8319], [151.0364, -33.832], [151.0366, -33.8321], [151.037, -33.8322], [151.0373, -33.8323], [151.0375, -33.8324], [151.0378, -33.8324], [151.0379, -33.8324], [151.0381, -33.8324], [151.0385, -33.8323], [151.0391, -33.8321], [151.04, -33.8318], [151.0404, -33.8315], [151.0405, -33.8314], [151.0409, -33.8313], [151.041, -33.8313], [151.0412, -33.8312], [151.0416, -33.8313], [151.0418, -33.8313], [151.0423, -33.8314], [151.0426, -33.8314], [151.0428, -33.8314], [151.0431, -33.8315], [151.0435, -33.8316], [151.044, -33.8317], [151.0444, -33.8317], [151.0446, -33.8317], [151.0448, -33.8316], [151.045, -33.8315], [151.0451, -33.8314], [151.0452, -33.8314], [151.0452, -33.8313], [151.0452, -33.8312], [151.0451, -33.831], [151.0451, -33.8309], [151.0451, -33.8308], [151.0452, -33.8307], [151.0452, -33.8307], [151.0453, -33.8306], [151.0454, -33.8305], [151.0454, -33.8304], [151.0454, -33.8301], [151.0454, -33.83], [151.0456, -33.8299], [151.0456, -33.8299], [151.0457, -33.8299], [151.046, -33.8296], [151.0461, -33.8295], [151.0463, -33.8293]]]}}, {"type": "Feature", "properties": {}, "geometry": {"type": "Polygon", "coordinates": [[[150.949, -33.9077], [150.9487, -33.9074], [150.9486, -33.9076], [150.9485, -33.9081], [150.9485, -33.9084], [150.9485, -33.909], [150.9485, -33.9094], [150.9488, -33.9101], [150.9489, -33.9104], [150.9495, -33.9115], [150.9497, -33.9118], [150.9498, -33.9121], [150.9499, -33.9123], [150.9501, -33.9129], [150.9503, -33.9134], [150.9504, -33.9138], [150.9504, -33.9144], [150.9505, -33.915], [150.9506, -33.9153], [150.9508, -33.9158], [150.951, -33.9162], [150.9512, -33.9168], [150.9515, -33.9175], [150.9518, -33.9183], [150.9519, -33.9186], [150.952, -33.9191], [150.952, -33.9194], [150.9514, -33.9202], [150.9499, -33.9211], [150.9477, -33.9215], [150.9456, -33.9216], [150.9441, -33.9225], [150.9433, -33.9229], [150.9407, -33.923], [150.9388, -33.9228], [150.9368, -33.9225], [150.9337, -33.922], [150.9334, -33.922], [150.9331, -33.9219], [150.9328, -33.9218], [150.9322, -33.9219], [150.9318, -33.922], [150.9315, -33.922], [150.9302, -33.9227], [150.9297, -33.9232], [150.9294, -33.9235], [150.929, -33.9239], [150.9285, -33.9244], [150.9281, -33.9252], [150.9279, -33.926], [150.9276, -33.9279], [150.9268, -33.9295], [150.9251, -33.9316], [150.9244, -33.9321], [150.9235, -33.9329], [150.923, -33.9335], [150.9219, -33.9344], [150.9213, -33.935], [150.9201, -33.9368], [150.9193, -33.938], [150.9184, -33.9399], [150.9183, -33.941], [150.9185, -33.942], [150.9187, -33.9432], [150.9183, -33.9446], [150.9179, -33.9449], [150.9167, -33.9459], [150.9155, -33.9468], [150.9145, -33.9478], [150.9141, -33.9486], [150.914, -33.9488], [150.9133, -33.9501], [150.9132, -33.9505], [150.9123, -33.9533], [150.912, -33.9542], [150.9121, -33.9562], [150.912, -33.9575], [150.9121, -33.9583], [150.9121, -33.9584], [150.9123, -33.9586], [150.9125, -33.9588], [150.9128, -33.9593], [150.9128, -33.9595], [150.9128, -33.96], [150.9128, -33.9602], [150.9127, -33.9607], [150.9127, -33.9609], [150.9127, -33.9615], [150.9128, -33.9621], [150.9128, -33.9624], [150.9129, -33.963], [150.9131, -33.9639], [150.9127, -33.9655], [150.9122, -33.9689], [150.912, -33.9702], [150.9116, -33.9737], [150.9114, -33.976], [150.9113, -33.9774], [150.9109, -33.9786], [150.9105, -33.9793], [150.9103, -33.9799], [150.9098, -33.9808], [150.9093, -33.9836], [150.9091, -33.9843], [150.9091, -33.9845], [150.9091, -33.9847], [150.9089, -33.9859], [150.9089, -33.9863], [150.9089, -33.9866], [150.9089, -33.9868], [150.9088, -33.9871], [150.9087, -33.9878], [150.9085, -33.9885], [150.9085, -33.9886], [150.9085, -33.9887], [150.9085, -33.9888], [150.9084, -33.989], [150.9082, -33.9892], [150.9082, -33.9893], [150.9079, -33.9898], [150.9077, -33.9903], [150.9078, -33.9908], [150.9078, -33.9915], [150.9079, -33.9917], [150.9081, -33.9925], [150.9083, -33.9932], [150.9084, -33.9939], [150.9085, -33.9947], [150.9085, -33.9951], [150.9085, -33.9955], [150.9085, -33.9964], [150.9085, -33.9971], [150.9087, -33.9975], [150.9088, -33.9978], [150.909, -33.998], [150.9092, -33.9983], [150.9094, -33.9985], [150.9096, -33.9986], [150.9098, -33.9988], [150.9103, -33.9989], [150.9106, -33.999], [150.9109, -33.999], [150.9112, -33.999], [150.9115, -33.9991], [150.9117, -33.9992], [150.9119, -33.9991], [150.912, -33.9992], [150.9122, -33.9993], [150.9122, -33.9993], [150.9122, -33.9995], [150.9122, -33.9996], [150.9123, -33.9997], [150.9124, -33.9999], [150.9124, -34.0001], [150.9124, -34.0003], [150.9123, -34.0006], [150.9121, -34.0008], [150.9117, -34.0012], [150.9113, -34.0015], [150.9108, -34.0017], [150.9105, -34.0018], [150.9096, -34.002], [150.9092, -34.0022], [150.9057, -34.0036], [150.9053, -34.0038], [150.9044, -34.0043], [150.9038, -34.0048], [150.9026, -34.0056], [150.9018, -34.0063], [150.9017, -34.0065], [150.9016, -34.0067], [150.9017, -34.0068], [150.9018, -34.0067], [150.9019, -34.0065], [150.9021, -34.0063], [150.9022, -34.0061], [150.9024, -34.0059], [150.9027, -34.0057], [150.9031, -34.0055], [150.9037, -34.0051], [150.9042, -34.0048], [150.9046, -34.0045], [150.9053, -34.0041], [150.9056, -34.0038], [150.9064, -34.0035], [150.9078, -34.003], [150.9091, -34.0024], [150.9095, -34.0023], [150.9104, -34.0021], [150.9107, -34.002], [150.9116, -34.0016], [150.9118, -34.0014], [150.9121, -34.0012], [150.9123, -34.0009], [150.9125, -34.0006], [150.9126, -34.0004], [150.9126, -34.0001], [150.9126, -33.9996], [150.9125, -33.9994], [150.9123, -33.9992], [150.9122, -33.999], [150.9118, -33.9989], [150.9116, -33.9989], [150.9113, -33.9989], [150.911, -33.9989], [150.9106, -33.9988], [150.9103, -33.9987], [150.9101, -33.9986], [150.9099, -33.9984], [150.9095, -33.9982], [150.9093, -33.9981], [150.9091, -33.9979], [150.909, -33.9978], [150.9089, -33.9974], [150.9087, -33.997], [150.9087, -33.9966], [150.9087, -33.9963], [150.9087, -33.9957], [150.9087, -33.9952], [150.9086, -33.9941], [150.9085, -33.9933], [150.9084, -33.9926], [150.9082, -33.9924], [150.9081, -33.992], [150.9081, -33.9918], [150.9081, -33.9914], [150.908, -33.991], [150.908, -33.9907], [150.908, -33.9905], [150.9081, -33.9901], [150.9081, -33.9899], [150.9083, -33.9896], [150.9084, -33.9894], [150.9086, -33.9889], [150.9088, -33.9886], [150.9089, -33.9879], [150.909, -33.9878], [150.909, -33.9877], [150.9091, -33.9873], [150.9092, -33.9869], [150.9092, -33.9867], [150.9092, -33.9864], [150.9092, -33.9861], [150.9092, -33.9858], [150.9093, -33.9854], [150.9093, -33.9852], [150.9094, -33.9847], [150.9094, -33.9845], [150.9094, -33.9843], [150.9095, -33.9837], [150.9095, -33.9832], [150.9096, -33.983], [150.9098, -33.9823], [150.9099, -33.9817], [150.9105, -33.9802], [150.9112, -33.9788], [150.9116, -33.9774], [150.9118, -33.9746], [150.912, -33.9721], [150.9121, -33.9712], [150.9124, -33.9704], [150.9124, -33.9699], [150.9125, -33.969], [150.9128, -33.9673], [150.9131, -33.9661], [150.9134, -33.9649], [150.9136, -33.9641], [150.9132, -33.962], [150.9131, -33.9618], [150.9131, -33.9616], [150.9131, -33.9614], [150.9131, -33.961], [150.913, -33.9607], [150.9131, -33.9604], [150.9131, -33.9599], [150.9127, -33.9587], [150.9124, -33.9577], [150.9124, -33.9556], [150.9124, -33.9543], [150.913, -33.9526], [150.9135, -33.9514], [150.9143, -33.9492], [150.915, -33.948], [150.9159, -33.9469], [150.9167, -33.9463], [150.9169, -33.9462], [150.9173, -33.946], [150.9177, -33.9458], [150.9179, -33.9457], [150.9189, -33.9445], [150.9189, -33.9423], [150.9188, -33.9401], [150.9208, -33.9367], [150.9241, -33.933], [150.9265, -33.9308], [150.9278, -33.929], [150.9285, -33.9266], [150.9288, -33.9255], [150.9288, -33.9254], [150.9289, -33.9251], [150.929, -33.9249], [150.929, -33.9248], [150.9291, -33.9243], [150.9296, -33.924], [150.9299, -33.9236], [150.9301, -33.9233], [150.9306, -33.9229], [150.9318, -33.9222], [150.9326, -33.9222], [150.9329, -33.9222], [150.9336, -33.9223], [150.9354, -33.9227], [150.9364, -33.9229], [150.9368, -33.923], [150.9378, -33.923], [150.9382, -33.923], [150.9383, -33.9231], [150.9384, -33.9232], [150.9384, -33.9233], [150.9383, -33.9233], [150.9381, -33.9234], [150.9379, -33.9235], [150.9377, -33.9236], [150.9376, -33.9238], [150.9376, -33.924], [150.9376, -33.9242], [150.9377, -33.9246], [150.9378, -33.9247], [150.938, -33.9247], [150.9381, -33.9247], [150.9383, -33.9247], [150.9384, -33.9247], [150.9386, -33.9248], [150.9387, -33.9248], [150.9388, -33.9248], [150.9389, -33.9248], [150.9391, -33.9246], [150.9393, -33.9245], [150.9394, -33.9245], [150.9395, -33.9246], [150.9395, -33.9247], [150.9396, -33.9249], [150.9396, -33.925], [150.9398, -33.9251], [150.94, -33.9251], [150.94, -33.9252], [150.9402, -33.9253], [150.9416, -33.925], [150.9419, -33.925], [150.9423, -33.9251], [150.9425, -33.9251], [150.943, -33.9249], [150.9432, -33.9248], [150.9436, -33.9246], [150.9438, -33.9245], [150.944, -33.9243], [150.9442, -33.9242], [150.9444, -33.924], [150.9447, -33.9238], [150.9449, -33.9237], [150.945, -33.9235], [150.9452, -33.9233], [150.9452, -33.9231], [150.9453, -33.9228], [150.9454, -33.9227], [150.9455, -33.9227], [150.9455, -33.9227], [150.9455, -33.9229], [150.9455, -33.9231], [150.9456, -33.9233], [150.9457, -33.9234], [150.9459, -33.9234], [150.9461, -33.9233], [150.9462, -33.9233], [150.9463, -33.9231], [150.9464, -33.9229], [150.9466, -33.9228], [150.9467, -33.9227], [150.9468, -33.9226], [150.9469, -33.9225], [150.9471, -33.9224], [150.9472, -33.9224], [150.9472, -33.9221], [150.9473, -33.922], [150.9474, -33.922], [150.9479, -33.9221], [150.9484, -33.922], [150.9492, -33.9218], [150.9503, -33.9214], [150.9506, -33.9212], [150.9517, -33.9206], [150.9519, -33.9204], [150.9525, -33.9198], [150.9525, -33.9193], [150.9523, -33.9186], [150.9519, -33.9171], [150.9513, -33.9154], [150.9509, -33.9136], [150.9496, -33.9106], [150.9489, -33.9087], [150.949, -33.9077]], [[150.94, -33.9241], [150.94, -33.9241], [150.94, -33.9241], [150.9399, -33.9241], [150.9399, -33.924], [150.9398, -33.924], [150.9398, -33.9239], [150.9397, -33.9239], [150.9397, -33.9239], [150.9397, -33.9239], [150.9397, -33.9238], [150.9396, -33.9237], [150.9396, -33.9237], [150.9396, -33.9236], [150.9395, -33.9236], [150.9395, -33.9235], [150.9395, -33.9235], [150.9395, -33.9234], [150.9395, -33.9234], [150.9395, -33.9233], [150.9396, -33.9233], [150.9397, -33.9233], [150.9398, -33.9233], [150.9399, -33.9233], [150.94, -33.9233], [150.9404, -33.9234], [150.9405, -33.9234], [150.9406, -33.9235], [150.9406, -33.9236], [150.9405, -33.9236], [150.9405, -33.9236], [150.9405, -33.9237], [150.9404, -33.9238], [150.9404, -33.9238], [150.9403, -33.9239], [150.9403, -33.924], [150.9403, -33.924], [150.9402, -33.924], [150.9402, -33.9241], [150.9402, -33.9241], [150.9401, -33.9241], [150.9401, -33.9241], [150.94, -33.9241]], [[150.9448, -33.9225], [150.9449, -33.9224], [150.945, -33.9223], [150.9451, -33.9223], [150.9453, -33.9222], [150.9456, -33.9221], [150.9459, -33.922], [150.9461, -33.922], [150.9462, -33.9221], [150.9461, -33.9221], [150.9459, -33.9222], [150.9456, -33.9223], [150.9453, -33.9224], [150.945, -33.9226], [150.9449, -33.9226], [150.9448, -33.9225]], [[150.9461, -33.9223], [150.9462, -33.9223], [150.9465, -33.9224], [150.9466, -33.9224], [150.9466, -33.9224], [150.9466, -33.9225], [150.9465, -33.9226], [150.946, -33.9226], [150.9459, -33.9226], [150.946, -33.9223], [150.9461, -33.9223], [150.9461, -33.9223]]]}}, {"type": "Feature", "properties": {}, "geometry": {"type": "Polygon", "coordinates": [[[150.6967, -33.6088], [150.6966, -33.6089], [150.6963, -33.6091], [150.6961, -33.6093], [150.6958, -33.6095], [150.6953, -33.6098], [150.695, -33.61], [150.6947, -33.6101], [150.6939, -33.6105], [150.6934, -33.6107], [150.6924, -33.6114], [150.6923, -33.6114], [150.6914, -33.6119], [150.6911, -33.6121], [150.6909, -33.6123], [150.6907, -33.6124], [150.6901, -33.6127], [150.6894, -33.613], [150.6888, -33.6132], [150.6887, -33.6133], [150.6884, -33.6134], [150.6882, -33.6135], [150.6879, -33.6136], [150.6877, -33.6137], [150.6873, -33.6138], [150.687, -33.6139], [150.6869, -33.6139], [150.6867, -33.614], [150.6864, -33.6142], [150.6863, -33.6142], [150.6861, -33.6142], [150.686, -33.6142], [150.6856, -33.6143], [150.6854, -33.6144], [150.6851, -33.6146], [150.6849, -33.6146], [150.6844, -33.6148], [150.6843, -33.6149], [150.6842, -33.615], [150.6836, -33.6152], [150.6822, -33.6155], [150.6813, -33.6156], [150.6804, -33.6158], [150.6798, -33.6159], [150.6786, -33.6159], [150.678, -33.6159], [150.6775, -33.6159], [150.6772, -33.6159], [150.6767, -33.6158], [150.6764, -33.6158], [150.6762, -33.6158], [150.6758, -33.6157], [150.6747, -33.6155], [150.6742, -33.6153], [150.674, -33.6153], [150.6735, -33.6152], [150.6732, -33.6151], [150.673, -33.6151], [150.6727, -33.615], [150.6707, -33.6145], [150.6702, -33.6144], [150.6696, -33.6142], [150.669, -33.6141], [150.6681, -33.614], [150.6677, -33.614], [150.6672, -33.6141], [150.6668, -33.6142], [150.6659, -33.6143], [150.6656, -33.6143], [150.6652, -33.6144], [150.6648, -33.6144], [150.664, -33.6144], [150.6634, -33.6144], [150.6628, -33.6144], [150.6624, -33.6144], [150.6622, -33.6144], [150.6621, -33.6144], [150.6615, -33.6144], [150.6609, -33.6145], [150.6608, -33.6146], [150.6605, -33.6145], [150.6603, -33.6146], [150.6602, -33.6146], [150.6598, -33.6146], [150.6585, -33.6147], [150.6576, -33.6148], [150.6574, -33.6149], [150.6568, -33.6149], [150.656, -33.615], [150.6555, -33.6152], [150.655, -33.6154], [150.6543, -33.6157], [150.654, -33.6158], [150.6536, -33.6159], [150.6532, -33.6162], [150.6524, -33.6165], [150.652, -33.6167], [150.6519, -33.6168], [150.6515, -33.617], [150.6512, -33.6171], [150.6507, -33.6173], [150.6503, -33.6175], [150.6498, -33.6178], [150.6494, -33.6179], [150.6491, -33.6181], [150.6488, -33.6182], [150.648, -33.6185], [150.6477, -33.6187], [150.6473, -33.6188], [150.647, -33.619], [150.6466, -33.6192], [150.6463, -33.6193], [150.6452, -33.6197], [150.6446, -33.6199], [150.6439, -33.62], [150.6435, -33.6202], [150.643, -33.6202], [150.6426, -33.6202], [150.6421, -33.6202], [150.6416, -33.6203], [150.6412, -33.6203], [150.6408, -33.6203], [150.6402, -33.6202], [150.6396, -33.6201], [150.6392, -33.62], [150.6382, -33.6198], [150.6375, -33.6196], [150.6373, -33.6196], [150.637, -33.6196], [150.6363, -33.6193], [150.6359, -33.6191], [150.6355, -33.619], [150.6353, -33.6189], [150.635, -33.6187], [150.6343, -33.6184], [150.6341, -33.6184], [150.6338, -33.6183], [150.6333, -33.618], [150.6325, -33.6176], [150.6321, -33.6172], [150.6315, -33.6168], [150.631, -33.6166], [150.6308, -33.6164], [150.6305, -33.6163], [150.63, -33.616], [150.6298, -33.6158], [150.6289, -33.6153], [150.6284, -33.6152], [150.6284, -33.6152], [150.6282, -33.6152], [150.6279, -33.6151], [150.6276, -33.615], [150.6275, -33.615], [150.6271, -33.615], [150.6267, -33.6152], [150.6263, -33.6153], [150.6258, -33.6153], [150.6251, -33.6156], [150.6246, -33.6157], [150.6241, -33.6157], [150.6237, -33.6157], [150.6233, -33.6158], [150.623, -33.6157], [150.6226, -33.6155], [150.6223, -33.6152], [150.6218, -33.6149], [150.6216, -33.6149], [150.6218, -33.6151], [150.6224, -33.6156], [150.623, -33.616], [150.6233, -33.6161], [150.6235, -33.616], [150.6236, -33.6159], [150.6243, -33.6161], [150.6247, -33.6161], [150.6249, -33.616], [150.6257, -33.6158], [150.6266, -33.6154], [150.6269, -33.6153], [150.6273, -33.6153], [150.6276, -33.6153], [150.6281, -33.6154], [150.6285, -33.6155], [150.6288, -33.6155], [150.6292, -33.6158], [150.6298, -33.6162], [150.63, -33.6163], [150.6303, -33.6165], [150.6305, -33.6167], [150.6308, -33.6169], [150.6312, -33.6169], [150.6315, -33.617], [150.6318, -33.6174], [150.6321, -33.6178], [150.6326, -33.618], [150.633, -33.6183], [150.6336, -33.6184], [150.6341, -33.6186], [150.6343, -33.6187], [150.6345, -33.6188], [150.635, -33.619], [150.6354, -33.6192], [150.6356, -33.6193], [150.6362, -33.6195], [150.6365, -33.6196], [150.6367, -33.6197], [150.6368, -33.6197], [150.637, -33.6197], [150.6371, -33.6199], [150.6376, -33.6199], [150.6378, -33.6199], [150.6379, -33.62], [150.6383, -33.6202], [150.6388, -33.6202], [150.6393, -33.6202], [150.6396, -33.6204], [150.6401, -33.6205], [150.6405, -33.6206], [150.6411, -33.6206], [150.6414, -33.6205], [150.6421, -33.6206], [150.6423, -33.6206], [150.6426, -33.6206], [150.6431, -33.6206], [150.6434, -33.6205], [150.6437, -33.6203], [150.6439, -33.6203], [150.6442, -33.6203], [150.6447, -33.6202], [150.6448, -33.6201], [150.6458, -33.6198], [150.6469, -33.6194], [150.6485, -33.6186], [150.6488, -33.6185], [150.6493, -33.6183], [150.6497, -33.6181], [150.6505, -33.6178], [150.6505, -33.6178], [150.6512, -33.6174], [150.6514, -33.6173], [150.652, -33.6171], [150.6521, -33.617], [150.6528, -33.6167], [150.6534, -33.6164], [150.6548, -33.6158], [150.6554, -33.6155], [150.6565, -33.6152], [150.6567, -33.6153], [150.6576, -33.6152], [150.6578, -33.6151], [150.6581, -33.6151], [150.6584, -33.615], [150.6586, -33.615], [150.6594, -33.6149], [150.6599, -33.6149], [150.6612, -33.6148], [150.6615, -33.6148], [150.6618, -33.6148], [150.662, -33.6147], [150.6627, -33.6147], [150.6632, -33.6147], [150.6634, -33.6147], [150.6649, -33.6147], [150.6654, -33.6145], [150.6658, -33.6145], [150.6663, -33.6145], [150.667, -33.6144], [150.6687, -33.6144], [150.669, -33.6144], [150.6693, -33.6144], [150.6695, -33.6145], [150.6702, -33.6147], [150.6706, -33.6148], [150.6708, -33.6148], [150.6711, -33.6148], [150.6717, -33.615], [150.6718, -33.615], [150.6719, -33.615], [150.6721, -33.6151], [150.6724, -33.6151], [150.6727, -33.6152], [150.6729, -33.6153], [150.673, -33.6153], [150.6733, -33.6154], [150.6736, -33.6155], [150.674, -33.6156], [150.6743, -33.6156], [150.6746, -33.6157], [150.6748, -33.6158], [150.6749, -33.6158], [150.6752, -33.6158], [150.6753, -33.6159], [150.676, -33.616], [150.6762, -33.616], [150.6764, -33.6161], [150.6767, -33.6162], [150.6769, -33.6162], [150.6772, -33.6162], [150.6775, -33.6162], [150.6781, -33.6161], [150.679, -33.6161], [150.6796, -33.6162], [150.6801, -33.6161], [150.6802, -33.6161], [150.6804, -33.6161], [150.6809, -33.616], [150.6813, -33.6159], [150.6814, -33.6159], [150.6815, -33.6159], [150.6816, -33.6159], [150.6817, -33.6159], [150.6818, -33.6159], [150.682, -33.6159], [150.6821, -33.6159], [150.6823, -33.6158], [150.6826, -33.6157], [150.6827, -33.6157], [150.6828, -33.6157], [150.683, -33.6155], [150.6831, -33.6156], [150.6832, -33.6156], [150.6833, -33.6156], [150.6834, -33.6155], [150.6837, -33.6155], [150.684, -33.6154], [150.6842, -33.6153], [150.6846, -33.615], [150.6847, -33.615], [150.6848, -33.615], [150.6849, -33.615], [150.6849, -33.6149], [150.685, -33.6149], [150.6851, -33.6149], [150.6852, -33.6149], [150.6853, -33.6148], [150.6854, -33.6148], [150.6856, -33.6148], [150.6857, -33.6147], [150.6859, -33.6146], [150.6862, -33.6146], [150.6864, -33.6145], [150.6866, -33.6144], [150.6869, -33.6143], [150.687, -33.6142], [150.6874, -33.6141], [150.6876, -33.6141], [150.6878, -33.614], [150.6882, -33.6138], [150.6886, -33.6137], [150.6888, -33.6136], [150.6892, -33.6135], [150.6894, -33.6134], [150.6896, -33.6133], [150.6901, -33.6131], [150.6902, -33.6131], [150.6903, -33.613], [150.6904, -33.6129], [150.6908, -33.6127], [150.691, -33.6126], [150.6912, -33.6125], [150.6915, -33.6123], [150.6921, -33.6119], [150.6923, -33.6118], [150.6925, -33.6117], [150.6932, -33.6114], [150.6945, -33.6106], [150.6946, -33.6106], [150.6947, -33.6106], [150.6948, -33.6106], [150.6951, -33.6104], [150.6952, -33.6104], [150.6955, -33.6103], [150.6958, -33.6101], [150.696, -33.6101], [150.6961, -33.61], [150.6961, -33.6099], [150.6961, -33.6099], [150.6964, -33.6098], [150.6965, -33.6098], [150.6965, -33.6097], [150.6965, -33.6097], [150.6967, -33.6096], [150.6968, -33.6096], [150.6968, -33.6095], [150.6969, -33.6094], [150.697, -33.6093], [150.6971, -33.6093], [150.6972, -33.6092], [150.6973, -33.6092], [150.6975, -33.6092], [150.6978, -33.6092], [150.6981, -33.6092], [150.6986, -33.6093], [150.6993, -33.6095], [150.6995, -33.6095], [150.6996, -33.609], [150.6997, -33.6083], [150.699, -33.6081], [150.698, -33.6084], [150.697, -33.6086], [150.6967, -33.6088]]]}}, {"type": "Feature", "properties": {}, "geometry": {"type": "Polygon", "coordinates": [[[150.6396, -33.872], [150.6395, -33.8714], [150.6388, -33.8699], [150.6382, -33.8689], [150.6373, -33.8674], [150.6368, -33.8665], [150.6375, -33.8653], [150.6378, -33.8649], [150.6387, -33.8632], [150.6389, -33.8619], [150.6381, -33.8603], [150.6375, -33.8588], [150.637, -33.8579], [150.6366, -33.8571], [150.6362, -33.8564], [150.6356, -33.856], [150.6347, -33.8558], [150.6341, -33.856], [150.6332, -33.8568], [150.6331, -33.8573], [150.6327, -33.8582], [150.6325, -33.8588], [150.6319, -33.8599], [150.6312, -33.8606], [150.6308, -33.8607], [150.6304, -33.8608], [150.63, -33.861], [150.6297, -33.8612], [150.6291, -33.8615], [150.6287, -33.8618], [150.6283, -33.862], [150.6276, -33.8622], [150.6267, -33.8625], [150.6262, -33.8624], [150.6249, -33.8617], [150.6245, -33.8612], [150.6234, -33.861], [150.6226, -33.8614], [150.6216, -33.8615], [150.6211, -33.8613], [150.6202, -33.8606], [150.619, -33.8609], [150.6185, -33.8613], [150.6178, -33.8614], [150.6175, -33.8608], [150.6177, -33.8586], [150.6175, -33.8588], [150.6174, -33.8605], [150.6171, -33.8609], [150.6169, -33.8612], [150.6167, -33.8619], [150.6172, -33.8623], [150.618, -33.8621], [150.6183, -33.8618], [150.6189, -33.8612], [150.6194, -33.8611], [150.6203, -33.861], [150.6208, -33.8614], [150.6215, -33.8618], [150.6223, -33.8618], [150.6232, -33.8615], [150.6235, -33.8613], [150.6252, -33.8622], [150.6259, -33.8626], [150.6271, -33.8625], [150.6277, -33.8623], [150.6284, -33.8621], [150.6289, -33.8619], [150.6294, -33.8616], [150.6301, -33.8613], [150.6303, -33.8613], [150.6309, -33.8612], [150.6315, -33.8609], [150.6318, -33.8606], [150.6323, -33.8601], [150.6327, -33.8596], [150.6329, -33.8589], [150.6332, -33.8581], [150.6335, -33.8573], [150.6337, -33.8568], [150.6345, -33.8563], [150.6348, -33.8561], [150.6354, -33.8563], [150.6359, -33.8567], [150.6363, -33.8574], [150.6368, -33.8585], [150.6374, -33.8597], [150.6379, -33.8606], [150.6384, -33.8615], [150.6385, -33.8621], [150.6376, -33.8645], [150.6371, -33.8651], [150.6363, -33.8662], [150.6365, -33.8671], [150.6385, -33.8701], [150.6392, -33.8717], [150.6388, -33.8733], [150.6388, -33.8736], [150.6389, -33.8737], [150.6389, -33.8738], [150.6389, -33.874], [150.6389, -33.8742], [150.6389, -33.8744], [150.639, -33.8745], [150.639, -33.8746], [150.639, -33.8746], [150.6391, -33.8749], [150.6391, -33.8751], [150.6392, -33.8755], [150.6393, -33.8757], [150.6393, -33.876], [150.6393, -33.8762], [150.6394, -33.8765], [150.6394, -33.8767], [150.6395, -33.8773], [150.6396, -33.8775], [150.6395, -33.8778], [150.6396, -33.8782], [150.6396, -33.8789], [150.6395, -33.8791], [150.6393, -33.8796], [150.6392, -33.8798], [150.639, -33.88], [150.6389, -33.8802], [150.6389, -33.8804], [150.6388, -33.8806], [150.6389, -33.8809], [150.6389, -33.8812], [150.6386, -33.8828], [150.6385, -33.883], [150.6384, -33.8832], [150.6384, -33.8833], [150.638, -33.8836], [150.6379, -33.8837], [150.6377, -33.8839], [150.6375, -33.8841], [150.6373, -33.8841], [150.6372, -33.8843], [150.637, -33.8844], [150.6368, -33.8846], [150.6366, -33.8847], [150.6365, -33.8848], [150.6363, -33.8849], [150.636, -33.8851], [150.6357, -33.8854], [150.6353, -33.8856], [150.6348, -33.8861], [150.6346, -33.8864], [150.6345, -33.8869], [150.6344, -33.8873], [150.6344, -33.8877], [150.6344, -33.8881], [150.6344, -33.8891], [150.6343, -33.8898], [150.6342, -33.8909], [150.634, -33.8924], [150.6341, -33.8931], [150.6341, -33.8948], [150.6341, -33.8961], [150.6341, -33.8972], [150.6341, -33.8976], [150.6341, -33.898], [150.6341, -33.8982], [150.6341, -33.8988], [150.6341, -33.8991], [150.6341, -33.8995], [150.6341, -33.8999], [150.6342, -33.9004], [150.6341, -33.9006], [150.6341, -33.9008], [150.6342, -33.9011], [150.6342, -33.9015], [150.6343, -33.9019], [150.6345, -33.9029], [150.6348, -33.9038], [150.6351, -33.9041], [150.636, -33.9049], [150.6368, -33.9057], [150.6372, -33.9066], [150.6375, -33.9073], [150.6377, -33.9081], [150.6381, -33.9089], [150.6384, -33.9093], [150.6385, -33.9094], [150.6387, -33.9095], [150.639, -33.9096], [150.6396, -33.9097], [150.6399, -33.9097], [150.6407, -33.9097], [150.6412, -33.9098], [150.6417, -33.9098], [150.6424, -33.9098], [150.6429, -33.9099], [150.6432, -33.9099], [150.6435, -33.9099], [150.6437, -33.9099], [150.6442, -33.9101], [150.6445, -33.9103], [150.6447, -33.9106], [150.645, -33.9108], [150.6452, -33.9111], [150.6455, -33.9113], [150.6456, -33.9115], [150.6465, -33.9122], [150.6472, -33.9128], [150.6476, -33.9131], [150.6479, -33.9133], [150.6481, -33.9135], [150.6486, -33.9139], [150.6489, -33.9145], [150.6489, -33.9148], [150.6489, -33.9153], [150.6489, -33.9157], [150.6488, -33.9163], [150.6486, -33.9171], [150.6483, -33.9178], [150.6482, -33.918], [150.6475, -33.9188], [150.6472, -33.9192], [150.6468, -33.9196], [150.6466, -33.9199], [150.6461, -33.9208], [150.646, -33.9213], [150.6458, -33.9217], [150.6457, -33.9223], [150.6456, -33.9226], [150.6455, -33.923], [150.6453, -33.9233], [150.6446, -33.9242], [150.6442, -33.9247], [150.6439, -33.9251], [150.6436, -33.9254], [150.6433, -33.9256], [150.6424, -33.9261], [150.6421, -33.9262], [150.6415, -33.9265], [150.6412, -33.9267], [150.6406, -33.9269], [150.6404, -33.927], [150.64, -33.9271], [150.6397, -33.9271], [150.6395, -33.9272], [150.6393, -33.9274], [150.6391, -33.9276], [150.639, -33.9278], [150.6389, -33.9281], [150.6389, -33.9286], [150.639, -33.9288], [150.639, -33.9289], [150.639, -33.9291], [150.639, -33.9293], [150.6392, -33.9295], [150.6393, -33.9298], [150.6393, -33.93], [150.6393, -33.9301], [150.6388, -33.9305], [150.6386, -33.9306], [150.6382, -33.9308], [150.6378, -33.9309], [150.6368, -33.931], [150.6363, -33.9311], [150.6361, -33.9312], [150.6363, -33.9312], [150.6367, -33.9311], [150.637, -33.9311], [150.6375, -33.9311], [150.6377, -33.9311], [150.6381, -33.931], [150.6383, -33.9308], [150.6387, -33.9307], [150.639, -33.9306], [150.6393, -33.9305], [150.6395, -33.9303], [150.6397, -33.9301], [150.6397, -33.93], [150.6397, -33.9298], [150.6395, -33.9296], [150.6394, -33.9293], [150.6394, -33.9289], [150.6395, -33.9284], [150.6396, -33.9283], [150.6394, -33.9281], [150.6394, -33.928], [150.6396, -33.9277], [150.6397, -33.9276], [150.64, -33.9273], [150.6402, -33.9273], [150.6405, -33.9273], [150.6408, -33.9272], [150.6411, -33.9271], [150.6413, -33.9269], [150.6418, -33.9267], [150.6424, -33.9264], [150.6432, -33.926], [150.6433, -33.9259], [150.6437, -33.9256], [150.6442, -33.9252], [150.6448, -33.9245], [150.6453, -33.9239], [150.6457, -33.9235], [150.6458, -33.9233], [150.6459, -33.9229], [150.646, -33.9225], [150.6462, -33.9219], [150.6463, -33.9214], [150.6464, -33.9208], [150.6466, -33.9204], [150.6468, -33.9201], [150.6472, -33.9197], [150.6481, -33.9186], [150.6482, -33.9185], [150.6486, -33.918], [150.6488, -33.9174], [150.6492, -33.9153], [150.649, -33.914], [150.6459, -33.9113], [150.6448, -33.9102], [150.6442, -33.9098], [150.6438, -33.9096], [150.6434, -33.9095], [150.6427, -33.9095], [150.6413, -33.9095], [150.6405, -33.9094], [150.6396, -33.9093], [150.6391, -33.9091], [150.6388, -33.909], [150.6384, -33.9087], [150.6382, -33.9084], [150.638, -33.908], [150.6377, -33.907], [150.6375, -33.9062], [150.6372, -33.9057], [150.6369, -33.9053], [150.6366, -33.905], [150.6363, -33.9047], [150.6357, -33.9043], [150.6355, -33.9041], [150.6352, -33.9035], [150.635, -33.9032], [150.6349, -33.9027], [150.6347, -33.9018], [150.6346, -33.9012], [150.6346, -33.9009], [150.6346, -33.9006], [150.6345, -33.9001], [150.6344, -33.8994], [150.6344, -33.8989], [150.6344, -33.8984], [150.6344, -33.8976], [150.6344, -33.8968], [150.6344, -33.8965], [150.6345, -33.8961], [150.6345, -33.8958], [150.6344, -33.895], [150.6345, -33.8942], [150.6345, -33.8933], [150.6346, -33.892], [150.6346, -33.8912], [150.6348, -33.8897], [150.6348, -33.8888], [150.6349, -33.8882], [150.6349, -33.8875], [150.6349, -33.8872], [150.635, -33.8866], [150.6352, -33.8864], [150.6355, -33.886], [150.6359, -33.8858], [150.6361, -33.8857], [150.6364, -33.8855], [150.6368, -33.8851], [150.637, -33.8849], [150.6378, -33.8843], [150.6381, -33.884], [150.6385, -33.8837], [150.6387, -33.8835], [150.6388, -33.8834], [150.6388, -33.8834], [150.6388, -33.8833], [150.6388, -33.8832], [150.6389, -33.8832], [150.639, -33.8833], [150.639, -33.8832], [150.6389, -33.8831], [150.6388, -33.8831], [150.6389, -33.883], [150.639, -33.8828], [150.6391, -33.8827], [150.6392, -33.8826], [150.6392, -33.8824], [150.6394, -33.8816], [150.6395, -33.8809], [150.6396, -33.8802], [150.6401, -33.8789], [150.64, -33.8777], [150.6399, -33.8769], [150.6398, -33.876], [150.6395, -33.8749], [150.6394, -33.874], [150.6393, -33.8734], [150.6396, -33.8727], [150.6396, -33.872]]]}}, {"type": "Feature", "properties": {}, "geometry": {"type": "Polygon", "coordinates": [[[151.324, -33.5811], [151.3227, -33.5802], [151.31, -33.581], [151.3091, -33.5815], [151.3095, -33.5824], [151.3096, -33.5835], [151.3087, -33.5842], [151.3071, -33.5845], [151.307, -33.585], [151.3073, -33.5862], [151.3065, -33.587], [151.3051, -33.5876], [151.3043, -33.5879], [151.3032, -33.588], [151.3026, -33.5878], [151.3022, -33.5878], [151.3017, -33.5885], [151.3011, -33.5899], [151.3012, -33.5916], [151.3031, -33.5939], [151.3031, -33.5947], [151.3025, -33.595], [151.3013, -33.5947], [151.3003, -33.5949], [151.3, -33.5957], [151.2991, -33.5971], [151.2989, -33.5978], [151.2978, -33.599], [151.2971, -33.5996], [151.2964, -33.6011], [151.2951, -33.6019], [151.2946, -33.6022], [151.2944, -33.6031], [151.2933, -33.6043], [151.2927, -33.6051], [151.2915, -33.6058], [151.2896, -33.6059], [151.2899, -33.6056], [151.2909, -33.6052], [151.291, -33.6042], [151.2907, -33.6042], [151.29, -33.6044], [151.2885, -33.6043], [151.2868, -33.6038], [151.2859, -33.6037], [151.2858, -33.6048], [151.2846, -33.6052], [151.2846, -33.6059], [151.2867, -33.6056], [151.2884, -33.6058], [151.2896, -33.606], [151.2909, -33.606], [151.2926, -33.6057], [151.2933, -33.6062], [151.2965, -33.6056], [151.3002, -33.6034], [151.3018, -33.6026], [151.3033, -33.6027], [151.3045, -33.6034], [151.3045, -33.6045], [151.304, -33.6054], [151.3043, -33.6063], [151.3039, -33.6071], [151.303, -33.6078], [151.303, -33.6089], [151.3025, -33.6096], [151.3017, -33.6102], [151.3019, -33.6107], [151.3025, -33.6115], [151.3032, -33.6121], [151.3029, -33.6126], [151.3022, -33.6134], [151.3009, -33.614], [151.3005, -33.6145], [151.3004, -33.6155], [151.3008, -33.6163], [151.3019, -33.6175], [151.3029, -33.6202], [151.3011, -33.6216], [151.2995, -33.621], [151.2981, -33.6213], [151.297, -33.6219], [151.2963, -33.6224], [151.2944, -33.6229], [151.2931, -33.6227], [151.2913, -33.6212], [151.2901, -33.6198], [151.289, -33.6206], [151.2885, -33.6221], [151.2873, -33.6228], [151.2854, -33.6228], [151.2837, -33.6221], [151.283, -33.6233], [151.2832, -33.6237], [151.2832, -33.624], [151.2838, -33.6242], [151.2847, -33.6248], [151.2856, -33.6255], [151.2865, -33.6262], [151.2875, -33.6272], [151.2882, -33.628], [151.289, -33.6281], [151.2901, -33.6279], [151.2906, -33.6281], [151.2904, -33.6285], [151.2891, -33.6288], [151.2884, -33.6293], [151.2866, -33.63], [151.2843, -33.6294], [151.2836, -33.6296], [151.2838, -33.6301], [151.2841, -33.6311], [151.2841, -33.6317], [151.2836, -33.6317], [151.2824, -33.6317], [151.282, -33.6319], [151.2819, -33.6323], [151.2815, -33.6328], [151.2805, -33.6331], [151.2796, -33.6327], [151.279, -33.6328], [151.2783, -33.6335], [151.2773, -33.6334], [151.2765, -33.6332], [151.2757, -33.6328], [151.2745, -33.6323], [151.2724, -33.6318], [151.2708, -33.6314], [151.2718, -33.632], [151.2728, -33.6325], [151.2735, -33.633], [151.2745, -33.6338], [151.2745, -33.6346], [151.2748, -33.635], [151.2756, -33.6352], [151.2766, -33.6357], [151.2774, -33.6362], [151.2775, -33.6367], [151.2781, -33.6371], [151.2785, -33.6372], [151.279, -33.6369], [151.2795, -33.6366], [151.2803, -33.6362], [151.2815, -33.6361], [151.2826, -33.6364], [151.2825, -33.6372], [151.2821, -33.638], [151.2814, -33.6382], [151.2804, -33.6382], [151.28, -33.6381], [151.2798, -33.6382], [151.2795, -33.6382], [151.2784, -33.6381], [151.2777, -33.6381], [151.277, -33.6381], [151.2767, -33.6382], [151.2769, -33.6389], [151.2772, -33.6391], [151.2776, -33.6393], [151.2779, -33.6394], [151.2792, -33.6404], [151.2801, -33.6407], [151.281, -33.6414], [151.2846, -33.6444], [151.2858, -33.6453], [151.2864, -33.646], [151.2862, -33.6463], [151.287, -33.6475], [151.2874, -33.6485], [151.2868, -33.6493], [151.2874, -33.6504], [151.2885, -33.6511], [151.2888, -33.6524], [151.2904, -33.6542], [151.2911, -33.6542], [151.2914, -33.6541], [151.2924, -33.654], [151.2931, -33.6544], [151.2933, -33.6547], [151.2936, -33.6551], [151.2943, -33.6554], [151.2949, -33.6554], [151.2951, -33.6556], [151.2958, -33.6559], [151.296, -33.6565], [151.2962, -33.6569], [151.2963, -33.6571], [151.2963, -33.6578], [151.2966, -33.6581], [151.2968, -33.6585], [151.297, -33.6587], [151.2972, -33.6589], [151.2974, -33.6591], [151.2993, -33.6593], [151.2997, -33.6594], [151.3004, -33.6594], [151.301, -33.6602], [151.3012, -33.6604], [151.302, -33.6609], [151.3025, -33.6608], [151.3032, -33.6605], [151.3043, -33.6604], [151.3045, -33.6607], [151.3041, -33.661], [151.304, -33.6617], [151.304, -33.662], [151.3038, -33.6626], [151.3035, -33.6633], [151.3035, -33.6635], [151.3034, -33.6638], [151.3032, -33.6642], [151.303, -33.6648], [151.3028, -33.6654], [151.3023, -33.6658], [151.3016, -33.6664], [151.3014, -33.6667], [151.3012, -33.6671], [151.3006, -33.6673], [151.3001, -33.6673], [151.3003, -33.6673], [151.3004, -33.6675], [151.3016, -33.6671], [151.3024, -33.6661], [151.3028, -33.6664], [151.3028, -33.666], [151.3027, -33.6657], [151.3029, -33.6655], [151.3041, -33.6657], [151.3048, -33.6655], [151.3051, -33.6653], [151.3048, -33.6641], [151.305, -33.6639], [151.305, -33.6636], [151.3049, -33.6635], [151.3053, -33.6634], [151.3058, -33.663], [151.3061, -33.6629], [151.3063, -33.6627], [151.3062, -33.6626], [151.3065, -33.6626], [151.3066, -33.6626], [151.307, -33.6626], [151.3077, -33.6631], [151.3081, -33.6637], [151.3086, -33.6642], [151.3088, -33.6647], [151.3091, -33.6653], [151.3094, -33.6656], [151.3097, -33.6661], [151.3099, -33.6664], [151.3101, -33.6667], [151.3101, -33.6669], [151.3106, -33.6666], [151.3113, -33.6667], [151.3119, -33.6667], [151.3117, -33.6665], [151.3113, -33.6664], [151.3109, -33.6662], [151.3107, -33.666], [151.3104, -33.6657], [151.31, -33.6644], [151.3098, -33.6639], [151.3097, -33.6634], [151.3101, -33.6629], [151.3114, -33.6628], [151.3123, -33.6626], [151.3117, -33.6624], [151.3111, -33.6623], [151.3108, -33.662], [151.3102, -33.6618], [151.3097, -33.6617], [151.3087, -33.6612], [151.308, -33.6605], [151.3075, -33.6598], [151.3083, -33.6596], [151.3082, -33.6592], [151.3081, -33.659], [151.3075, -33.6587], [151.307, -33.6582], [151.3069, -33.6579], [151.3073, -33.6573], [151.3078, -33.6569], [151.3081, -33.6569], [151.3086, -33.6568], [151.3089, -33.6566], [151.3088, -33.6564], [151.3085, -33.6559], [151.3084, -33.6555], [151.3076, -33.6555], [151.3069, -33.6552], [151.3062, -33.6557], [151.3054, -33.6571], [151.3048, -33.657], [151.3046, -33.6554], [151.3042, -33.6546], [151.304, -33.654], [151.3038, -33.6538], [151.3039, -33.653], [151.304, -33.6522], [151.3037, -33.6519], [151.3027, -33.652], [151.302, -33.6517], [151.3023, -33.6507], [151.3021, -33.6494], [151.3022, -33.6486], [151.303, -33.6479], [151.3043, -33.6477], [151.3055, -33.6479], [151.307, -33.648], [151.3071, -33.6476], [151.3065, -33.6472], [151.3063, -33.6468], [151.3064, -33.6462], [151.3068, -33.646], [151.3071, -33.6458], [151.3067, -33.6452], [151.3051, -33.644], [151.3059, -33.6433], [151.3062, -33.6424], [151.3065, -33.6418], [151.3067, -33.6408], [151.3077, -33.6402], [151.3086, -33.64], [151.3092, -33.6394], [151.3093, -33.639], [151.3077, -33.6387], [151.3064, -33.6384], [151.3051, -33.6377], [151.3046, -33.6364], [151.3049, -33.6353], [151.3058, -33.6354], [151.3075, -33.6353], [151.3089, -33.6352], [151.3105, -33.6351], [151.3117, -33.6344], [151.3126, -33.6336], [151.3134, -33.6326], [151.3145, -33.6315], [151.3149, -33.6309], [151.3148, -33.63], [151.3153, -33.6283], [151.3155, -33.6264], [151.3158, -33.6256], [151.3166, -33.625], [151.3168, -33.6244], [151.3166, -33.623], [151.3158, -33.6222], [151.3161, -33.6212], [151.3159, -33.6198], [151.3163, -33.6191], [151.3161, -33.6177], [151.3161, -33.6157], [151.3161, -33.6142], [151.3169, -33.6145], [151.3176, -33.6151], [151.3185, -33.6162], [151.3186, -33.6166], [151.3186, -33.6171], [151.3189, -33.6181], [151.3195, -33.6195], [151.3208, -33.6203], [151.3211, -33.621], [151.323, -33.621], [151.3251, -33.6213], [151.3283, -33.623], [151.332, -33.6234], [151.3318, -33.6227], [151.3314, -33.6217], [151.3305, -33.6206], [151.33, -33.6199], [151.3283, -33.6201], [151.3278, -33.6194], [151.3273, -33.6188], [151.3271, -33.6172], [151.3272, -33.6161], [151.3274, -33.615], [151.327, -33.6142], [151.3267, -33.613], [151.3265, -33.6122], [151.3257, -33.6114], [151.3256, -33.6106], [151.3259, -33.6097], [151.3232, -33.6086], [151.3214, -33.6061], [151.3188, -33.604], [151.3175, -33.6031], [151.3164, -33.6026], [151.316, -33.6017], [151.3166, -33.6005], [151.3181, -33.5991], [151.3191, -33.5978], [151.3198, -33.5962], [151.3192, -33.5945], [151.3196, -33.5928], [151.321, -33.5913], [151.3227, -33.5893], [151.325, -33.5857], [151.3259, -33.5836], [151.3259, -33.5818], [151.3248, -33.581], [151.324, -33.5811]], [[151.2885, -33.6372], [151.2885, -33.6372], [151.2886, -33.6372], [151.2886, -33.6372], [151.2887, -33.6371], [151.2887, -33.6371], [151.2887, -33.6371], [151.2888, -33.637], [151.2888, -33.6369], [151.2889, -33.6367], [151.2889, -33.6366], [151.2889, -33.6366], [151.2889, -33.6365], [151.2888, -33.6364], [151.2888, -33.6364], [151.2888, -33.6363], [151.2889, -33.6363], [151.2889, -33.6362], [151.289, -33.6362], [151.2891, -33.6361], [151.2892, -33.6361], [151.2893, -33.6361], [151.2893, -33.6361], [151.2894, -33.6361], [151.2896, -33.6362], [151.2896, -33.6362], [151.2897, -33.6362], [151.2898, -33.6362], [151.2898, -33.6362], [151.2899, -33.6363], [151.2899, -33.6363], [151.2901, -33.6364], [151.2901, -33.6364], [151.2903, -33.6364], [151.2905, -33.6364], [151.2906, -33.6364], [151.2906, -33.6364], [151.2907, -33.6364], [151.2907, -33.6364], [151.2909, -33.6364], [151.2909, -33.6364], [151.2909, -33.6364], [151.291, -33.6364], [151.2911, -33.6364], [151.2912, -33.6365], [151.2914, -33.6365], [151.2914, -33.6366], [151.2916, -33.6367], [151.2916, -33.6367], [151.2917, -33.6368], [151.2918, -33.6369], [151.2918, -33.6369], [151.2919, -33.637], [151.2919, -33.637], [151.292, -33.6371], [151.292, -33.6371], [151.292, -33.6371], [151.2921, -33.6371], [151.2922, -33.6371], [151.2922, -33.6371], [151.2922, -33.6371], [151.2923, -33.637], [151.2924, -33.637], [151.2924, -33.637], [151.2924, -33.637], [151.2925, -33.637], [151.2925, -33.6369], [151.2926, -33.6369], [151.2926, -33.6369], [151.2926, -33.6369], [151.2927, -33.6368], [151.2927, -33.6367], [151.2928, -33.6367], [151.2929, -33.6365], [151.293, -33.6364], [151.2931, -33.6363], [151.2931, -33.6363], [151.2932, -33.6363], [151.2932, -33.6363], [151.2932, -33.6363], [151.2932, -33.6363], [151.2933, -33.6363], [151.2933, -33.6363], [151.2933, -33.6363], [151.2934, -33.6363], [151.2934, -33.6362], [151.2934, -33.6362], [151.2935, -33.6363], [151.2936, -33.6363], [151.2936, -33.6363], [151.2937, -33.6363], [151.2937, -33.6363], [151.2938, -33.6363], [151.2939, -33.6364], [151.2939, -33.6364], [151.294, -33.6364], [151.294, -33.6364], [151.2941, -33.6365], [151.2942, -33.6366], [151.2942, -33.6366], [151.2942, -33.6367], [151.2943, -33.6367], [151.2943, -33.6368], [151.2943, -33.6369], [151.2944, -33.637], [151.2944, -33.6371], [151.2944, -33.6371], [151.2944, -33.6371], [151.2944, -33.6372], [151.2943, -33.6373], [151.2943, -33.6373], [151.2943, -33.6373], [151.2943, -33.6374], [151.2944, -33.6375], [151.2944, -33.6375], [151.2944, -33.6376], [151.2945, -33.6378], [151.2945, -33.6379], [151.2945, -33.638], [151.2946, -33.6381], [151.2946, -33.6382], [151.2946, -33.6382], [151.2947, -33.6384], [151.2947, -33.6384], [151.2947, -33.6385], [151.2947, -33.6385], [151.2947, -33.6386], [151.2947, -33.6386], [151.2947, -33.6387], [151.2947, -33.6387], [151.2948, -33.6388], [151.2948, -33.6389], [151.2948, -33.639], [151.2948, -33.639], [151.2949, -33.6391], [151.295, -33.6392], [151.295, -33.6392], [151.2951, -33.6392], [151.2952, -33.6393], [151.2953, -33.6394], [151.2954, -33.6394], [151.2954, -33.6394], [151.2954, -33.6394], [151.2956, -33.6396], [151.2956, -33.6396], [151.2956, -33.6396], [151.2956, -33.6396], [151.2957, -33.6397], [151.2957, -33.6397], [151.2957, -33.6398], [151.2957, -33.6399], [151.2957, -33.64], [151.2957, -33.6401], [151.2957, -33.6401], [151.2957, -33.6403], [151.2957, -33.6403], [151.2957, -33.6405], [151.2957, -33.6405], [151.2957, -33.6406], [151.2957, -33.6406], [151.2957, -33.6407], [151.2957, -33.6407], [151.2957, -33.6407], [151.2956, -33.6408], [151.2956, -33.6409], [151.2956, -33.6409], [151.2956, -33.6409], [151.2956, -33.6409], [151.2956, -33.641], [151.2956, -33.641], [151.2956, -33.6411], [151.2955, -33.6411], [151.2955, -33.6411], [151.2955, -33.6411], [151.2955, -33.6412], [151.2955, -33.6412], [151.2955, -33.6412], [151.2954, -33.6413], [151.2954, -33.6413], [151.2954, -33.6413], [151.2954, -33.6414], [151.2954, -33.6414], [151.2953, -33.6414], [151.2953, -33.6414], [151.2953, -33.6415], [151.2952, -33.6416], [151.2951, -33.6416], [151.2951, -33.6416], [151.2951, -33.6416], [151.2951, -33.6418], [151.2951, -33.6418], [151.2951, -33.6418], [151.2951, -33.6419], [151.2951, -33.6419], [151.2951, -33.642], [151.2951, -33.642], [151.2951, -33.642], [151.2951, -33.6422], [151.2951, -33.6422], [151.2951, -33.6422], [151.2951, -33.6424], [151.2951, -33.6425], [151.2951, -33.6425], [151.295, -33.6426], [151.295, -33.6426], [151.295, -33.6427], [151.2949, -33.6428], [151.2949, -33.6428], [151.2948, -33.6429], [151.2948, -33.6429], [151.2947, -33.6429], [151.2947, -33.6429], [151.2945, -33.6431], [151.2944, -33.6431], [151.2944, -33.6431], [151.2943, -33.6432], [151.2942, -33.6432], [151.2942, -33.6432], [151.2941, -33.6433], [151.2941, -33.6433], [151.294, -33.6433], [151.294, -33.6433], [151.2939, -33.6434], [151.2939, -33.6434], [151.2939, -33.6435], [151.2938, -33.6435], [151.2937, -33.6435], [151.2937, -33.6436], [151.2937, -33.6436], [151.2936, -33.6437], [151.2936, -33.6437], [151.2934, -33.6438], [151.2934, -33.6438], [151.2934, -33.6438], [151.2933, -33.6439], [151.2932, -33.6439], [151.2932, -33.6439], [151.2931, -33.644], [151.2931, -33.644], [151.293, -33.644], [151.293, -33.644], [151.2927, -33.6442], [151.2925, -33.6442], [151.2924, -33.6442], [151.2924, -33.6442], [151.2924, -33.6442], [151.2923, -33.6442], [151.2923, -33.6442], [151.2922, -33.6442], [151.2922, -33.6441], [151.2921, -33.644], [151.2921, -33.644], [151.2921, -33.6439], [151.2921, -33.6439], [151.292, -33.6438], [151.292, -33.6438], [151.2919, -33.6438], [151.2918, -33.6437], [151.2917, -33.6437], [151.2917, -33.6437], [151.2916, -33.6437], [151.2916, -33.6436], [151.2913, -33.6436], [151.2913, -33.6436], [151.2913, -33.6436], [151.2912, -33.6436], [151.2912, -33.6435], [151.2912, -33.6435], [151.2911, -33.6434], [151.2911, -33.6434], [151.291, -33.6434], [151.2909, -33.6433], [151.2909, -33.6433], [151.2909, -33.6433], [151.2908, -33.6432], [151.2908, -33.6432], [151.2907, -33.6432], [151.2907, -33.6431], [151.2906, -33.6431], [151.2906, -33.6431], [151.2905, -33.6431], [151.2905, -33.643], [151.2905, -33.643], [151.2905, -33.643], [151.2904, -33.643], [151.2904, -33.6429], [151.2904, -33.6429], [151.2903, -33.6428], [151.2903, -33.6428], [151.2902, -33.6427], [151.2902, -33.6426], [151.2902, -33.6426], [151.2902, -33.6425], [151.2901, -33.6425], [151.2901, -33.6424], [151.2901, -33.6424], [151.2901, -33.6424], [151.29, -33.6423], [151.2899, -33.6423], [151.2899, -33.6423], [151.2898, -33.6422], [151.2897, -33.6422], [151.2897, -33.6422], [151.2896, -33.6422], [151.2895, -33.6422], [151.2893, -33.6422], [151.2893, -33.6422], [151.2892, -33.6422], [151.2891, -33.6423], [151.289, -33.6423], [151.289, -33.6423], [151.289, -33.6423], [151.2889, -33.6424], [151.2888, -33.6424], [151.2888, -33.6424], [151.2888, -33.6424], [151.2887, -33.6424], [151.2887, -33.6424], [151.2887, -33.6424], [151.2886, -33.6424], [151.2886, -33.6424], [151.2886, -33.6424], [151.2885, -33.6424], [151.2885, -33.6423], [151.2883, -33.6423], [151.2883, -33.6422], [151.2882, -33.6422], [151.288, -33.6421], [151.288, -33.6421], [151.2878, -33.6419], [151.2878, -33.6419], [151.2877, -33.6418], [151.2877, -33.6418], [151.2877, -33.6418], [151.2869, -33.6412], [151.2864, -33.6407], [151.2863, -33.6406], [151.2863, -33.6406], [151.2862, -33.6405], [151.2862, -33.6405], [151.2862, -33.6404], [151.2862, -33.6404], [151.2862, -33.6404], [151.2862, -33.6403], [151.2863, -33.6402], [151.2863, -33.6402], [151.2863, -33.6401], [151.2864, -33.64], [151.2864, -33.64], [151.2864, -33.64], [151.2865, -33.6399], [151.2865, -33.6399], [151.2865, -33.6398], [151.2865, -33.6398], [151.2865, -33.6397], [151.2865, -33.6397], [151.2865, -33.6397], [151.2866, -33.6396], [151.2866, -33.6396], [151.2866, -33.6396], [151.2866, -33.6395], [151.2866, -33.6395], [151.2866, -33.6394], [151.2867, -33.6394], [151.2867, -33.6394], [151.2866, -33.6393], [151.2866, -33.6392], [151.2866, -33.639], [151.2866, -33.639], [151.2866, -33.639], [151.2865, -33.6388], [151.2865, -33.6387], [151.2865, -33.6387], [151.2865, -33.6386], [151.2865, -33.6385], [151.2865, -33.6384], [151.2865, -33.6383], [151.2865, -33.6382], [151.2866, -33.6381], [151.2866, -33.638], [151.2866, -33.638], [151.2868, -33.6378], [151.2869, -33.6376], [151.287, -33.6376], [151.287, -33.6375], [151.2871, -33.6375], [151.2871, -33.6375], [151.2873, -33.6374], [151.2874, -33.6373], [151.2875, -33.6373], [151.2875, -33.6373], [151.2876, -33.6373], [151.2877, -33.6373], [151.2881, -33.6372], [151.2881, -33.6372], [151.2881, -33.6372], [151.2882, -33.6372], [151.2883, -33.6372], [151.2884, -33.6372], [151.2885, -33.6372], [151.2885, -33.6372]]]}}, {"type": "Feature", "properties": {}, "geometry": {"type": "Polygon", "coordinates": [[[151.0766, -33.8346], [151.0766, -33.8344], [151.0766, -33.8341], [151.0765, -33.8342], [151.0763, -33.8342], [151.076, -33.8344], [151.0759, -33.8344], [151.0758, -33.8345], [151.0758, -33.8346], [151.0758, -33.8346], [151.0757, -33.8346], [151.0756, -33.8346], [151.0755, -33.8347], [151.0754, -33.8347], [151.0754, -33.8347], [151.0753, -33.8348], [151.0751, -33.8349], [151.075, -33.8349], [151.0749, -33.835], [151.0749, -33.8349], [151.0749, -33.8349], [151.0748, -33.8347], [151.0748, -33.8346], [151.0748, -33.8346], [151.0747, -33.8345], [151.0747, -33.8345], [151.0746, -33.8345], [151.0746, -33.8345], [151.0745, -33.8345], [151.0743, -33.8346], [151.0743, -33.8346], [151.0742, -33.8347], [151.0741, -33.8347], [151.0741, -33.8348], [151.074, -33.8349], [151.0739, -33.8349], [151.0739, -33.835], [151.0737, -33.8351], [151.0736, -33.8351], [151.0736, -33.8351], [151.0735, -33.8351], [151.0733, -33.8351], [151.0731, -33.8351], [151.0729, -33.8351], [151.0729, -33.8351], [151.0727, -33.8352], [151.0725, -33.8352], [151.0725, -33.8352], [151.0724, -33.8353], [151.0723, -33.8352], [151.0722, -33.8352], [151.0721, -33.8352], [151.072, -33.8352], [151.0719, -33.8353], [151.0718, -33.8353], [151.0718, -33.8353], [151.0717, -33.8352], [151.0715, -33.8352], [151.0715, -33.8352], [151.0714, -33.8351], [151.0714, -33.8351], [151.0713, -33.835], [151.0713, -33.835], [151.0713, -33.8349], [151.0713, -33.8348], [151.0713, -33.8345], [151.0713, -33.8345], [151.0713, -33.8344], [151.0712, -33.8343], [151.0709, -33.8344], [151.0708, -33.8345], [151.0708, -33.8345], [151.0707, -33.8346], [151.0707, -33.8346], [151.0707, -33.8346], [151.0708, -33.8347], [151.0708, -33.8348], [151.071, -33.8351], [151.0711, -33.8353], [151.0711, -33.8353], [151.0712, -33.8355], [151.0713, -33.8357], [151.0713, -33.8357], [151.0714, -33.8358], [151.0714, -33.8358], [151.0715, -33.8358], [151.0715, -33.8358], [151.0715, -33.8359], [151.0715, -33.8359], [151.0715, -33.8359], [151.0715, -33.836], [151.0715, -33.836], [151.0714, -33.836], [151.0714, -33.836], [151.0709, -33.8361], [151.0707, -33.8361], [151.0706, -33.8362], [151.0703, -33.8362], [151.0702, -33.8362], [151.07, -33.8362], [151.0698, -33.8363], [151.0697, -33.8364], [151.0695, -33.8365], [151.0693, -33.8366], [151.0691, -33.8367], [151.0689, -33.8368], [151.0684, -33.837], [151.0684, -33.837], [151.0682, -33.8371], [151.0682, -33.8371], [151.068, -33.8373], [151.0678, -33.8374], [151.0677, -33.8374], [151.0675, -33.8376], [151.0673, -33.8377], [151.0673, -33.8377], [151.067, -33.8379], [151.0666, -33.8381], [151.0666, -33.8381], [151.0664, -33.8382], [151.0663, -33.8382], [151.0661, -33.8383], [151.066, -33.8383], [151.0659, -33.8383], [151.0657, -33.8383], [151.0654, -33.8383], [151.0652, -33.8383], [151.065, -33.8383], [151.0649, -33.8383], [151.0648, -33.8383], [151.0647, -33.8385], [151.0647, -33.8385], [151.0645, -33.8386], [151.0643, -33.8387], [151.0642, -33.8388], [151.0641, -33.8389], [151.0639, -33.839], [151.0638, -33.8391], [151.0637, -33.8392], [151.0637, -33.8392], [151.0637, -33.8394], [151.0637, -33.8395], [151.0637, -33.8396], [151.0637, -33.8398], [151.0637, -33.8399], [151.0637, -33.84], [151.0636, -33.8401], [151.0636, -33.8401], [151.0634, -33.8402], [151.0632, -33.8402], [151.0632, -33.8402], [151.0629, -33.8403], [151.0624, -33.8403], [151.0623, -33.8403], [151.0621, -33.8403], [151.062, -33.8402], [151.0619, -33.8401], [151.0617, -33.8399], [151.0616, -33.8399], [151.0614, -33.8398], [151.0612, -33.8397], [151.061, -33.8397], [151.0608, -33.8396], [151.0606, -33.8396], [151.0605, -33.8395], [151.0603, -33.8394], [151.0602, -33.8394], [151.0599, -33.8393], [151.0597, -33.8392], [151.0597, -33.8392], [151.0595, -33.8391], [151.0593, -33.8391], [151.0592, -33.8391], [151.0589, -33.8391], [151.0588, -33.8391], [151.0587, -33.8391], [151.0585, -33.8391], [151.0584, -33.8391], [151.0583, -33.8392], [151.0581, -33.8393], [151.0579, -33.8395], [151.0577, -33.8399], [151.0577, -33.8406], [151.0577, -33.8408], [151.0573, -33.8413], [151.0569, -33.8421], [151.0568, -33.8425], [151.0566, -33.8432], [151.0565, -33.8434], [151.0559, -33.8436], [151.0554, -33.8439], [151.0553, -33.8441], [151.0552, -33.8441], [151.0549, -33.8446], [151.0547, -33.8446], [151.054, -33.8448], [151.0537, -33.845], [151.0534, -33.8456], [151.0533, -33.8461], [151.0532, -33.8463], [151.0529, -33.8466], [151.0521, -33.8469], [151.0517, -33.8469], [151.051, -33.847], [151.0499, -33.8472], [151.0495, -33.8473], [151.0486, -33.8477], [151.0482, -33.8479], [151.0481, -33.848], [151.0484, -33.8479], [151.0485, -33.8479], [151.0488, -33.8478], [151.0491, -33.8477], [151.0493, -33.8476], [151.0494, -33.8475], [151.0494, -33.8475], [151.0496, -33.8475], [151.0498, -33.8474], [151.0499, -33.8474], [151.05, -33.8474], [151.0502, -33.8474], [151.0503, -33.8473], [151.0505, -33.8473], [151.0508, -33.8472], [151.0509, -33.8472], [151.0518, -33.8471], [151.052, -33.8471], [151.0524, -33.847], [151.0527, -33.847], [151.0528, -33.847], [151.0533, -33.847], [151.0539, -33.847], [151.0542, -33.8469], [151.0546, -33.8466], [151.0548, -33.8462], [151.0548, -33.8461], [151.0546, -33.8456], [151.0544, -33.8455], [151.0545, -33.8453], [151.0548, -33.8452], [151.0551, -33.8451], [151.0557, -33.8447], [151.0559, -33.8447], [151.0559, -33.8447], [151.0564, -33.8443], [151.0566, -33.8439], [151.0572, -33.8433], [151.0576, -33.8423], [151.0577, -33.8419], [151.0584, -33.8411], [151.0588, -33.84], [151.059, -33.8398], [151.0596, -33.8396], [151.0597, -33.8396], [151.0598, -33.8397], [151.0599, -33.8397], [151.0599, -33.8397], [151.0602, -33.8398], [151.0603, -33.8399], [151.0603, -33.8399], [151.0604, -33.8398], [151.0606, -33.8398], [151.0606, -33.8399], [151.0606, -33.8399], [151.0606, -33.84], [151.0607, -33.84], [151.0608, -33.84], [151.0609, -33.8401], [151.061, -33.8401], [151.0611, -33.8402], [151.0611, -33.8402], [151.0613, -33.8403], [151.0614, -33.8404], [151.0615, -33.8404], [151.0616, -33.8405], [151.0616, -33.8406], [151.0618, -33.8407], [151.0621, -33.8407], [151.0621, -33.8407], [151.0623, -33.8408], [151.0624, -33.8408], [151.0625, -33.8408], [151.0626, -33.8408], [151.0628, -33.8408], [151.0632, -33.8407], [151.0634, -33.8407], [151.0636, -33.8406], [151.0638, -33.8405], [151.064, -33.8403], [151.064, -33.8402], [151.0641, -33.8401], [151.0641, -33.84], [151.0641, -33.8399], [151.0641, -33.8397], [151.0641, -33.8396], [151.0641, -33.8394], [151.0642, -33.8393], [151.0642, -33.8392], [151.0644, -33.8391], [151.0646, -33.8389], [151.0646, -33.8389], [151.0648, -33.8388], [151.0652, -33.8387], [151.0653, -33.8387], [151.0654, -33.8387], [151.0655, -33.8387], [151.0659, -33.8388], [151.0661, -33.8389], [151.0661, -33.8389], [151.0663, -33.8389], [151.0665, -33.839], [151.0666, -33.839], [151.0668, -33.8389], [151.0668, -33.8389], [151.0671, -33.8388], [151.0672, -33.8387], [151.0674, -33.8386], [151.0675, -33.8385], [151.0677, -33.8384], [151.0679, -33.8383], [151.0682, -33.8382], [151.0683, -33.8381], [151.0685, -33.838], [151.0689, -33.8379], [151.069, -33.8379], [151.0691, -33.8378], [151.0693, -33.8377], [151.0694, -33.8376], [151.0695, -33.8376], [151.0696, -33.8375], [151.0696, -33.8375], [151.0697, -33.8374], [151.0697, -33.8374], [151.0698, -33.8374], [151.0699, -33.8374], [151.0699, -33.8374], [151.0702, -33.8378], [151.0704, -33.8379], [151.0704, -33.838], [151.0705, -33.838], [151.0706, -33.8381], [151.0706, -33.8381], [151.0708, -33.8381], [151.0708, -33.8381], [151.071, -33.8381], [151.0711, -33.838], [151.0711, -33.8379], [151.0713, -33.8377], [151.0714, -33.8376], [151.0714, -33.8375], [151.0717, -33.8373], [151.0718, -33.8372], [151.0719, -33.8372], [151.0721, -33.8371], [151.0722, -33.8371], [151.0725, -33.837], [151.0725, -33.837], [151.0726, -33.8371], [151.0728, -33.8371], [151.0729, -33.837], [151.0729, -33.837], [151.073, -33.837], [151.073, -33.8369], [151.0732, -33.8368], [151.0734, -33.8366], [151.0735, -33.8366], [151.0736, -33.8363], [151.0738, -33.8362], [151.0738, -33.8362], [151.0741, -33.8361], [151.0743, -33.836], [151.0743, -33.836], [151.0746, -33.8358], [151.0746, -33.8358], [151.0748, -33.8357], [151.0749, -33.8357], [151.0749, -33.8356], [151.0751, -33.8355], [151.0752, -33.8354], [151.0753, -33.8353], [151.0753, -33.8352], [151.0754, -33.8352], [151.0754, -33.8352], [151.0755, -33.8351], [151.0755, -33.8351], [151.0755, -33.8351], [151.0756, -33.8351], [151.0757, -33.835], [151.0758, -33.835], [151.0759, -33.835], [151.0759, -33.8349], [151.076, -33.8349], [151.0761, -33.8349], [151.0762, -33.8349], [151.0763, -33.8348], [151.0763, -33.8348], [151.0764, -33.8347], [151.0765, -33.8347], [151.0765, -33.8347], [151.0766, -33.8346], [151.0766, -33.8346]], [[151.0746, -33.8349], [151.0746, -33.8349], [151.0747, -33.8349], [151.0747, -33.8349], [151.0747, -33.8349], [151.0747, -33.835], [151.0748, -33.835], [151.0748, -33.835], [151.0748, -33.835], [151.0748, -33.8351], [151.0748, -33.8351], [151.0748, -33.8351], [151.0748, -33.8351], [151.0747, -33.8351], [151.0747, -33.8352], [151.0747, -33.8352], [151.0739, -33.8355], [151.0739, -33.8356], [151.0739, -33.8356], [151.0738, -33.8356], [151.0738, -33.8356], [151.0738, -33.8355], [151.0738, -33.8355], [151.0738, -33.8355], [151.0737, -33.8355], [151.0737, -33.8355], [151.0737, -33.8355], [151.0737, -33.8354], [151.0737, -33.8354], [151.0738, -33.8353], [151.0738, -33.8353], [151.0739, -33.8352], [151.074, -33.8352], [151.0742, -33.8351], [151.0743, -33.8349], [151.0744, -33.8349], [151.0745, -33.8349], [151.0745, -33.8349], [151.0745, -33.8349], [151.0746, -33.8349], [151.0746, -33.8349]], [[151.0735, -33.8354], [151.0736, -33.8355], [151.0736, -33.8355], [151.0736, -33.8355], [151.0736, -33.8355], [151.0736, -33.8355], [151.0736, -33.8355], [151.0737, -33.8355], [151.0737, -33.8355], [151.0737, -33.8356], [151.0737, -33.8356], [151.0737, -33.8356], [151.0737, -33.8357], [151.0736, -33.8357], [151.0736, -33.8357], [151.0734, -33.8357], [151.0731, -33.8358], [151.073, -33.8358], [151.0729, -33.8358], [151.0728, -33.8358], [151.0727, -33.8358], [151.0727, -33.8358], [151.0727, -33.8358], [151.0727, -33.8358], [151.0727, -33.8358], [151.0726, -33.8357], [151.0726, -33.8357], [151.0726, -33.8357], [151.0726, -33.8357], [151.0726, -33.8356], [151.0726, -33.8356], [151.0726, -33.8356], [151.0727, -33.8356], [151.0727, -33.8356], [151.0727, -33.8356], [151.0728, -33.8355], [151.0728, -33.8355], [151.073, -33.8355], [151.0732, -33.8355], [151.0733, -33.8354], [151.0734, -33.8354], [151.0735, -33.8354]], [[151.0721, -33.8356], [151.0722, -33.8356], [151.0723, -33.8356], [151.0724, -33.8356], [151.0724, -33.8356], [151.0725, -33.8356], [151.0725, -33.8356], [151.0725, -33.8357], [151.0725, -33.8357], [151.0725, -33.8357], [151.0725, -33.8358], [151.0725, -33.8358], [151.0725, -33.8358], [151.0725, -33.8358], [151.0725, -33.8359], [151.0725, -33.8359], [151.0718, -33.836], [151.0718, -33.836], [151.0718, -33.8359], [151.0718, -33.8359], [151.0718, -33.8359], [151.0717, -33.8359], [151.0717, -33.8358], [151.0717, -33.8357], [151.0717, -33.8357], [151.0717, -33.8357], [151.0717, -33.8357], [151.0717, -33.8356], [151.0717, -33.8356], [151.0718, -33.8356], [151.0718, -33.8356], [151.0719, -33.8356], [151.0719, -33.8356], [151.072, -33.8356], [151.0721, -33.8356]]]}}, {"type": "Feature", "properties": {}, "geometry": {"type": "Polygon", "coordinates": [[[151.2293, -33.6389], [151.2303, -33.6399], [151.2314, -33.641], [151.2336, -33.6416], [151.2352, -33.6422], [151.2356, -33.6423], [151.236, -33.6423], [151.2362, -33.6424], [151.2363, -33.6426], [151.2364, -33.6427], [151.2364, -33.6429], [151.2364, -33.6432], [151.2363, -33.6435], [151.2363, -33.6439], [151.2354, -33.6454], [151.2354, -33.6454], [151.2352, -33.6455], [151.2351, -33.6456], [151.2351, -33.6457], [151.2354, -33.6458], [151.2356, -33.6459], [151.2359, -33.6459], [151.2361, -33.6459], [151.2362, -33.6459], [151.2364, -33.6457], [151.2365, -33.6455], [151.2368, -33.6451], [151.2371, -33.6445], [151.2372, -33.6444], [151.2374, -33.6441], [151.2378, -33.6437], [151.238, -33.6435], [151.2382, -33.6433], [151.2383, -33.6433], [151.2385, -33.6432], [151.2387, -33.6432], [151.2391, -33.6431], [151.2392, -33.6431], [151.2395, -33.6432], [151.2398, -33.6433], [151.24, -33.6434], [151.2401, -33.6435], [151.2404, -33.6437], [151.2405, -33.6438], [151.2408, -33.6441], [151.2409, -33.6444], [151.2411, -33.6445], [151.2412, -33.6445], [151.2413, -33.6445], [151.2415, -33.6444], [151.2417, -33.6444], [151.2419, -33.6444], [151.2421, -33.6444], [151.2424, -33.6444], [151.2428, -33.6445], [151.2432, -33.6445], [151.2436, -33.6445], [151.2438, -33.6445], [151.2441, -33.6444], [151.2444, -33.6444], [151.2446, -33.6444], [151.2448, -33.6444], [151.2451, -33.6445], [151.2453, -33.6445], [151.2454, -33.6446], [151.2455, -33.6447], [151.2456, -33.6448], [151.2456, -33.6451], [151.2456, -33.6452], [151.2457, -33.6453], [151.2458, -33.6454], [151.2459, -33.6456], [151.2459, -33.6458], [151.2458, -33.6459], [151.2459, -33.646], [151.246, -33.646], [151.2461, -33.6459], [151.2463, -33.6457], [151.2464, -33.6455], [151.2466, -33.6455], [151.2468, -33.6454], [151.2469, -33.6454], [151.2473, -33.6455], [151.2474, -33.6455], [151.2474, -33.6455], [151.2476, -33.6455], [151.2477, -33.6455], [151.2478, -33.6454], [151.248, -33.6454], [151.2482, -33.6453], [151.2484, -33.6452], [151.2486, -33.6452], [151.2487, -33.6451], [151.2487, -33.6451], [151.2489, -33.6451], [151.249, -33.6452], [151.2493, -33.6455], [151.2497, -33.6457], [151.2499, -33.6458], [151.2501, -33.6458], [151.2502, -33.6458], [151.2502, -33.6457], [151.25, -33.6455], [151.2497, -33.6454], [151.2493, -33.6452], [151.2491, -33.6451], [151.2489, -33.6449], [151.2487, -33.6448], [151.2485, -33.6447], [151.2483, -33.6446], [151.248, -33.6447], [151.2478, -33.6446], [151.2475, -33.6445], [151.2472, -33.6443], [151.2468, -33.644], [151.2466, -33.6439], [151.2466, -33.6438], [151.2463, -33.6436], [151.2461, -33.6435], [151.2459, -33.6435], [151.2455, -33.6435], [151.2452, -33.6434], [151.245, -33.6434], [151.2449, -33.6432], [151.2447, -33.6431], [151.2447, -33.6431], [151.2445, -33.6431], [151.2433, -33.6433], [151.2422, -33.643], [151.2419, -33.6429], [151.2414, -33.6424], [151.241, -33.6419], [151.2411, -33.6409], [151.2408, -33.6411], [151.2398, -33.6416], [151.239, -33.6417], [151.2384, -33.6417], [151.2379, -33.6416], [151.2365, -33.6406], [151.2358, -33.6405], [151.2351, -33.6402], [151.2347, -33.64], [151.2342, -33.6399], [151.2336, -33.6397], [151.233, -33.6394], [151.2327, -33.6392], [151.2323, -33.6389], [151.232, -33.6386], [151.2317, -33.6383], [151.2314, -33.638], [151.2314, -33.6377], [151.2314, -33.6375], [151.2315, -33.6372], [151.2316, -33.6371], [151.2318, -33.637], [151.2319, -33.6369], [151.2319, -33.6367], [151.2322, -33.6365], [151.2317, -33.636], [151.2314, -33.6359], [151.231, -33.6358], [151.2304, -33.6355], [151.2294, -33.635], [151.2288, -33.6348], [151.2284, -33.6346], [151.2281, -33.6345], [151.2275, -33.6343], [151.2269, -33.6341], [151.2264, -33.6339], [151.2253, -33.6331], [151.2246, -33.6329], [151.224, -33.6328], [151.2235, -33.6326], [151.2231, -33.6325], [151.2228, -33.6324], [151.222, -33.6322], [151.2213, -33.6317], [151.2208, -33.6311], [151.2205, -33.631], [151.2204, -33.6309], [151.2203, -33.6305], [151.2202, -33.6303], [151.2203, -33.63], [151.2205, -33.6297], [151.2207, -33.6294], [151.2207, -33.6292], [151.2205, -33.6288], [151.2203, -33.6284], [151.2202, -33.6281], [151.2201, -33.6279], [151.2199, -33.6278], [151.2195, -33.6276], [151.2192, -33.6273], [151.219, -33.6271], [151.2189, -33.6268], [151.2187, -33.6266], [151.2185, -33.6264], [151.2183, -33.6263], [151.2177, -33.6259], [151.2173, -33.6256], [151.2173, -33.6254], [151.2173, -33.6248], [151.2172, -33.6244], [151.2171, -33.624], [151.217, -33.6236], [151.2169, -33.6234], [151.2168, -33.6232], [151.2168, -33.623], [151.2166, -33.6226], [151.2164, -33.6225], [151.2162, -33.6223], [151.216, -33.6222], [151.2159, -33.622], [151.2159, -33.6218], [151.2158, -33.6214], [151.2157, -33.6207], [151.2156, -33.6204], [151.2156, -33.6201], [151.2155, -33.6199], [151.2154, -33.6197], [151.2153, -33.6196], [151.2152, -33.6194], [151.2151, -33.6191], [151.2151, -33.619], [151.215, -33.6189], [151.2149, -33.6188], [151.2148, -33.6187], [151.2145, -33.6183], [151.2144, -33.6181], [151.2142, -33.6179], [151.214, -33.6176], [151.2137, -33.6173], [151.2135, -33.6171], [151.2134, -33.6168], [151.2135, -33.6168], [151.2141, -33.6166], [151.2145, -33.6164], [151.2146, -33.6161], [151.2143, -33.6155], [151.2134, -33.6148], [151.213, -33.6141], [151.213, -33.6138], [151.213, -33.6135], [151.2125, -33.6135], [151.2075, -33.6155], [151.2074, -33.6157], [151.2074, -33.6158], [151.2073, -33.6161], [151.2072, -33.6163], [151.207, -33.6164], [151.2069, -33.6165], [151.2067, -33.6168], [151.2065, -33.617], [151.2065, -33.6172], [151.2065, -33.6173], [151.2065, -33.6174], [151.2064, -33.6175], [151.2064, -33.6177], [151.2065, -33.6179], [151.2064, -33.6181], [151.2064, -33.6182], [151.2064, -33.6184], [151.2064, -33.6186], [151.2065, -33.6186], [151.2066, -33.6186], [151.2067, -33.6185], [151.2068, -33.6184], [151.2069, -33.6182], [151.207, -33.618], [151.2071, -33.6179], [151.2071, -33.6178], [151.2073, -33.6177], [151.2078, -33.6176], [151.208, -33.6176], [151.2083, -33.6175], [151.2086, -33.6175], [151.2091, -33.6176], [151.2093, -33.6176], [151.2096, -33.6178], [151.2098, -33.618], [151.21, -33.6182], [151.2104, -33.6188], [151.2104, -33.6189], [151.2107, -33.619], [151.2114, -33.6195], [151.2116, -33.6196], [151.2118, -33.6199], [151.212, -33.6202], [151.212, -33.6204], [151.212, -33.6206], [151.2121, -33.6209], [151.2122, -33.6211], [151.2124, -33.6213], [151.2127, -33.6216], [151.2128, -33.6218], [151.2128, -33.622], [151.2128, -33.6223], [151.213, -33.6231], [151.2134, -33.624], [151.2144, -33.6252], [151.2144, -33.626], [151.2144, -33.6264], [151.2145, -33.6266], [151.2146, -33.6267], [151.2148, -33.6269], [151.2148, -33.6271], [151.2146, -33.6275], [151.2145, -33.6281], [151.2146, -33.6286], [151.2147, -33.6285], [151.2148, -33.6284], [151.2152, -33.6283], [151.2154, -33.6282], [151.2157, -33.6282], [151.216, -33.6282], [151.2162, -33.6283], [151.2163, -33.6284], [151.2167, -33.6286], [151.2173, -33.6289], [151.2174, -33.6291], [151.2175, -33.6292], [151.2176, -33.6294], [151.2175, -33.6298], [151.2175, -33.63], [151.2174, -33.6303], [151.2173, -33.6305], [151.2172, -33.6311], [151.2171, -33.6313], [151.217, -33.6316], [151.217, -33.6319], [151.2171, -33.632], [151.2171, -33.6323], [151.2172, -33.6324], [151.2172, -33.6326], [151.2171, -33.6328], [151.2172, -33.633], [151.2173, -33.6331], [151.2173, -33.6333], [151.2175, -33.6335], [151.2177, -33.6335], [151.2178, -33.6335], [151.2178, -33.6336], [151.2179, -33.6335], [151.2182, -33.6334], [151.2184, -33.6333], [151.2188, -33.6333], [151.219, -33.6333], [151.2192, -33.6333], [151.2194, -33.6334], [151.2196, -33.6335], [151.2198, -33.6336], [151.2199, -33.6338], [151.22, -33.6339], [151.2201, -33.6342], [151.2202, -33.6345], [151.2204, -33.6348], [151.2207, -33.6351], [151.221, -33.6355], [151.2211, -33.6358], [151.2213, -33.6361], [151.2214, -33.6362], [151.2215, -33.6361], [151.2218, -33.636], [151.2218, -33.6359], [151.2219, -33.6358], [151.2219, -33.6355], [151.222, -33.6351], [151.2221, -33.635], [151.2222, -33.6349], [151.2226, -33.6348], [151.2227, -33.6347], [151.223, -33.6348], [151.2232, -33.6347], [151.2237, -33.6346], [151.2241, -33.6346], [151.2243, -33.6346], [151.2245, -33.6347], [151.225, -33.6349], [151.2255, -33.6353], [151.2257, -33.6354], [151.2261, -33.6357], [151.2265, -33.636], [151.2268, -33.6362], [151.2273, -33.6365], [151.2277, -33.6367], [151.2279, -33.6367], [151.2281, -33.6368], [151.2282, -33.6368], [151.2283, -33.6369], [151.2283, -33.6371], [151.2284, -33.6371], [151.2285, -33.6371], [151.2286, -33.6371], [151.2288, -33.6371], [151.2289, -33.6372], [151.229, -33.6375], [151.2291, -33.6377], [151.2291, -33.6381], [151.2291, -33.6384], [151.2292, -33.6387], [151.2293, -33.6389]]]}}, {"type": "Feature", "properties": {}, "geometry": {"type": "Polygon", "coordinates": [[[151.1984, -33.6303], [151.1981, -33.63], [151.1979, -33.6298], [151.1976, -33.6295], [151.1973, -33.6293], [151.197, -33.6291], [151.1966, -33.629], [151.1962, -33.6288], [151.1958, -33.6286], [151.1955, -33.6285], [151.1952, -33.6284], [151.1951, -33.6283], [151.195, -33.6281], [151.195, -33.6277], [151.195, -33.6275], [151.1952, -33.6269], [151.1954, -33.6263], [151.1955, -33.626], [151.1955, -33.6257], [151.1955, -33.6254], [151.1954, -33.625], [151.1953, -33.6246], [151.1953, -33.6244], [151.195, -33.624], [151.1959, -33.6232], [151.1961, -33.6229], [151.1962, -33.6226], [151.1962, -33.6223], [151.1935, -33.6223], [151.1912, -33.6226], [151.1911, -33.623], [151.191, -33.6233], [151.1909, -33.6236], [151.1907, -33.6239], [151.191, -33.6245], [151.1911, -33.6248], [151.1911, -33.6249], [151.1911, -33.6251], [151.1912, -33.6252], [151.1914, -33.6252], [151.1916, -33.6252], [151.1917, -33.6253], [151.1919, -33.6256], [151.192, -33.6257], [151.192, -33.626], [151.192, -33.6264], [151.192, -33.6268], [151.192, -33.627], [151.192, -33.6275], [151.192, -33.6277], [151.1919, -33.628], [151.1918, -33.6283], [151.1916, -33.6285], [151.1913, -33.6288], [151.1911, -33.629], [151.1909, -33.6291], [151.1907, -33.6292], [151.1905, -33.6293], [151.1903, -33.6296], [151.19, -33.63], [151.1898, -33.6303], [151.1896, -33.6307], [151.1894, -33.631], [151.1893, -33.6311], [151.1893, -33.6313], [151.1892, -33.6316], [151.1891, -33.6318], [151.1889, -33.632], [151.1889, -33.6321], [151.189, -33.6322], [151.1893, -33.6325], [151.1894, -33.6327], [151.1896, -33.633], [151.1897, -33.6332], [151.1898, -33.6334], [151.1899, -33.6338], [151.1899, -33.634], [151.1898, -33.6343], [151.1897, -33.6347], [151.1897, -33.6352], [151.1896, -33.6357], [151.1895, -33.6361], [151.1894, -33.6363], [151.1892, -33.6364], [151.1888, -33.6367], [151.1889, -33.6367], [151.189, -33.6367], [151.1892, -33.6367], [151.1895, -33.6366], [151.1897, -33.6364], [151.1898, -33.6364], [151.1898, -33.6362], [151.1898, -33.6361], [151.1899, -33.636], [151.19, -33.6358], [151.19, -33.6356], [151.19, -33.6354], [151.1901, -33.6352], [151.1902, -33.6348], [151.1903, -33.6346], [151.1903, -33.6342], [151.1903, -33.6341], [151.1904, -33.6339], [151.1905, -33.6338], [151.1908, -33.6337], [151.1909, -33.6336], [151.1909, -33.6335], [151.1909, -33.6333], [151.1909, -33.633], [151.1908, -33.6327], [151.1908, -33.6324], [151.1909, -33.632], [151.1911, -33.6315], [151.1912, -33.6314], [151.1913, -33.6313], [151.1915, -33.631], [151.1918, -33.6308], [151.1921, -33.6307], [151.1927, -33.6304], [151.193, -33.6303], [151.1932, -33.6303], [151.1935, -33.6303], [151.1936, -33.6303], [151.1938, -33.6304], [151.1941, -33.6305], [151.1945, -33.6307], [151.1949, -33.6308], [151.1952, -33.6309], [151.1955, -33.6309], [151.1956, -33.631], [151.1958, -33.6311], [151.1959, -33.6313], [151.196, -33.6314], [151.1964, -33.632], [151.1965, -33.6322], [151.1966, -33.6326], [151.1967, -33.633], [151.1967, -33.6332], [151.1968, -33.6333], [151.1969, -33.6335], [151.1971, -33.6336], [151.1972, -33.6336], [151.1974, -33.6337], [151.198, -33.6337], [151.1984, -33.6337], [151.1987, -33.6339], [151.1993, -33.6341], [151.1995, -33.6342], [151.1997, -33.6344], [151.2, -33.6347], [151.2002, -33.6349], [151.2006, -33.635], [151.2016, -33.6354], [151.2017, -33.6355], [151.2018, -33.6356], [151.2019, -33.6358], [151.202, -33.636], [151.202, -33.6364], [151.2021, -33.6366], [151.2022, -33.6368], [151.2023, -33.637], [151.2024, -33.6375], [151.2024, -33.6376], [151.2023, -33.6377], [151.2022, -33.6378], [151.2021, -33.638], [151.202, -33.6382], [151.2018, -33.6387], [151.2015, -33.6393], [151.2015, -33.6396], [151.2015, -33.6397], [151.2016, -33.64], [151.2017, -33.6403], [151.2018, -33.6407], [151.202, -33.641], [151.2022, -33.6414], [151.2024, -33.6417], [151.2027, -33.642], [151.2029, -33.6423], [151.203, -33.6424], [151.2031, -33.6426], [151.203, -33.6427], [151.203, -33.6429], [151.2029, -33.6431], [151.2027, -33.6433], [151.2027, -33.6434], [151.2026, -33.6436], [151.2027, -33.6437], [151.2028, -33.6437], [151.2029, -33.6436], [151.203, -33.6434], [151.2031, -33.6433], [151.2032, -33.643], [151.2033, -33.6428], [151.2033, -33.6425], [151.2034, -33.6422], [151.2034, -33.6421], [151.2032, -33.642], [151.2032, -33.6419], [151.2031, -33.6415], [151.2031, -33.641], [151.2031, -33.6407], [151.2032, -33.6406], [151.2033, -33.6403], [151.2033, -33.6401], [151.2034, -33.6398], [151.2034, -33.6395], [151.2035, -33.6393], [151.2036, -33.6392], [151.2037, -33.639], [151.2039, -33.639], [151.2042, -33.6389], [151.2044, -33.6389], [151.2047, -33.6389], [151.2051, -33.6389], [151.2055, -33.6389], [151.2058, -33.6388], [151.2061, -33.6388], [151.2064, -33.6388], [151.2068, -33.6388], [151.2071, -33.6389], [151.2076, -33.639], [151.2081, -33.6391], [151.2086, -33.6392], [151.2093, -33.6394], [151.2095, -33.6395], [151.2098, -33.6397], [151.2103, -33.6398], [151.2106, -33.6399], [151.2111, -33.6399], [151.2113, -33.64], [151.2114, -33.6401], [151.2116, -33.6403], [151.2118, -33.6407], [151.2119, -33.6409], [151.2119, -33.6411], [151.2118, -33.6414], [151.2116, -33.6416], [151.2112, -33.6422], [151.211, -33.6424], [151.211, -33.6428], [151.211, -33.643], [151.2113, -33.6436], [151.2114, -33.6439], [151.2115, -33.6441], [151.2114, -33.6444], [151.2113, -33.6446], [151.2111, -33.6448], [151.2107, -33.645], [151.2104, -33.6451], [151.2102, -33.6452], [151.21, -33.6457], [151.2098, -33.6462], [151.2097, -33.6465], [151.2096, -33.6468], [151.2095, -33.6472], [151.2095, -33.6476], [151.2096, -33.6479], [151.2096, -33.6481], [151.2095, -33.6482], [151.2094, -33.6484], [151.2092, -33.6486], [151.209, -33.649], [151.209, -33.6495], [151.2089, -33.65], [151.2089, -33.6503], [151.2089, -33.6507], [151.2089, -33.6511], [151.2088, -33.6515], [151.2089, -33.6518], [151.209, -33.652], [151.2093, -33.6522], [151.2097, -33.6523], [151.2098, -33.6523], [151.2098, -33.6522], [151.2095, -33.6517], [151.2093, -33.6515], [151.2092, -33.6513], [151.2093, -33.6511], [151.2095, -33.6508], [151.2098, -33.6506], [151.2098, -33.6505], [151.2099, -33.6504], [151.2099, -33.6502], [151.2098, -33.65], [151.2098, -33.6497], [151.21, -33.6493], [151.21, -33.6491], [151.2103, -33.6487], [151.2105, -33.6486], [151.2108, -33.6484], [151.211, -33.6483], [151.211, -33.6481], [151.211, -33.6479], [151.211, -33.6474], [151.2109, -33.647], [151.2109, -33.6466], [151.2111, -33.6464], [151.2113, -33.6462], [151.2115, -33.646], [151.2116, -33.6459], [151.2121, -33.6457], [151.2123, -33.6456], [151.2125, -33.6455], [151.2127, -33.6452], [151.2127, -33.645], [151.2128, -33.6447], [151.2128, -33.6444], [151.2127, -33.6442], [151.2126, -33.6437], [151.2125, -33.6433], [151.2125, -33.643], [151.2126, -33.6427], [151.2127, -33.6425], [151.2129, -33.6424], [151.2132, -33.6423], [151.2133, -33.6422], [151.2136, -33.6422], [151.2139, -33.6422], [151.2144, -33.6422], [151.2149, -33.6423], [151.2158, -33.6425], [151.2163, -33.6426], [151.2168, -33.6427], [151.2172, -33.6427], [151.217, -33.6426], [151.2164, -33.6423], [151.2155, -33.6419], [151.2149, -33.6416], [151.2146, -33.6414], [151.2142, -33.6412], [151.214, -33.6411], [151.2136, -33.6405], [151.2133, -33.64], [151.2133, -33.6398], [151.2131, -33.6393], [151.213, -33.6391], [151.2128, -33.6389], [151.2128, -33.6387], [151.2127, -33.6385], [151.2125, -33.6384], [151.2122, -33.6383], [151.2117, -33.6383], [151.2114, -33.6384], [151.2111, -33.6383], [151.2109, -33.6381], [151.2108, -33.638], [151.2106, -33.6379], [151.2103, -33.6378], [151.21, -33.6377], [151.2097, -33.6376], [151.2094, -33.6374], [151.2092, -33.6372], [151.209, -33.6371], [151.2088, -33.6371], [151.2085, -33.6371], [151.2083, -33.6371], [151.2082, -33.637], [151.2079, -33.6367], [151.2079, -33.6365], [151.2078, -33.6364], [151.2077, -33.6364], [151.2076, -33.6364], [151.2075, -33.6364], [151.2074, -33.6364], [151.2073, -33.6364], [151.2073, -33.6365], [151.2069, -33.6367], [151.2066, -33.6367], [151.2057, -33.6367], [151.2054, -33.6367], [151.2051, -33.6367], [151.2048, -33.6365], [151.2045, -33.6363], [151.2043, -33.6362], [151.2041, -33.636], [151.204, -33.6355], [151.2038, -33.6352], [151.2037, -33.635], [151.2036, -33.6348], [151.2033, -33.6346], [151.203, -33.6343], [151.2027, -33.6341], [151.2023, -33.6339], [151.2019, -33.6336], [151.2016, -33.6335], [151.2013, -33.6333], [151.2011, -33.6332], [151.2008, -33.633], [151.2006, -33.6329], [151.2, -33.6325], [151.1995, -33.6322], [151.1991, -33.6319], [151.199, -33.6318], [151.1988, -33.6316], [151.1987, -33.6315], [151.1988, -33.6313], [151.1988, -33.6311], [151.1987, -33.6308], [151.1986, -33.6306], [151.1984, -33.6303]]]}}, {"type": "Feature", "properties": {}, "geometry": {"type": "Polygon", "coordinates": [[[151.2811, -33.642], [151.281, -33.6421], [151.2808, -33.6422], [151.2807, -33.6422], [151.2807, -33.6423], [151.2807, -33.6423], [151.2806, -33.6422], [151.2805, -33.6422], [151.2803, -33.6423], [151.2802, -33.6423], [151.2801, -33.6423], [151.28, -33.6424], [151.2798, -33.6425], [151.2795, -33.6425], [151.2792, -33.6426], [151.2791, -33.6427], [151.279, -33.6427], [151.279, -33.6427], [151.2789, -33.6427], [151.2789, -33.6428], [151.2787, -33.6429], [151.2786, -33.643], [151.2782, -33.6433], [151.2781, -33.6434], [151.2779, -33.6434], [151.2779, -33.6435], [151.2778, -33.6436], [151.2776, -33.6437], [151.2776, -33.6438], [151.2775, -33.6439], [151.2774, -33.644], [151.2772, -33.6442], [151.2771, -33.6443], [151.277, -33.6443], [151.2768, -33.6444], [151.2764, -33.6445], [151.2762, -33.6446], [151.2759, -33.6447], [151.2757, -33.6447], [151.2756, -33.6448], [151.2755, -33.6449], [151.2752, -33.645], [151.2749, -33.645], [151.2748, -33.6451], [151.2747, -33.6451], [151.2746, -33.645], [151.2746, -33.6451], [151.2746, -33.6452], [151.2747, -33.6453], [151.2748, -33.6454], [151.2749, -33.6454], [151.275, -33.6455], [151.2752, -33.6457], [151.2753, -33.6459], [151.2754, -33.646], [151.2755, -33.6461], [151.2755, -33.6463], [151.2755, -33.6464], [151.2755, -33.6465], [151.2755, -33.6467], [151.2754, -33.6469], [151.2753, -33.6471], [151.2751, -33.6473], [151.2751, -33.6474], [151.275, -33.6476], [151.2749, -33.6479], [151.2748, -33.648], [151.2746, -33.6483], [151.2745, -33.6484], [151.2743, -33.6486], [151.2742, -33.6486], [151.274, -33.6488], [151.2738, -33.6489], [151.2736, -33.6489], [151.2734, -33.6489], [151.2733, -33.649], [151.2733, -33.6491], [151.2733, -33.6492], [151.2733, -33.6492], [151.2734, -33.6493], [151.2734, -33.6493], [151.2735, -33.6495], [151.2736, -33.6496], [151.2739, -33.6498], [151.274, -33.6498], [151.2742, -33.6499], [151.2743, -33.6501], [151.2743, -33.6502], [151.2744, -33.6504], [151.2744, -33.6509], [151.2745, -33.651], [151.2746, -33.6512], [151.2745, -33.6512], [151.2745, -33.6514], [151.2743, -33.6515], [151.2743, -33.6516], [151.2743, -33.6518], [151.2743, -33.6518], [151.2744, -33.6519], [151.2745, -33.6522], [151.2746, -33.6523], [151.2746, -33.6525], [151.2746, -33.6527], [151.2746, -33.653], [151.2745, -33.6533], [151.2744, -33.6535], [151.2743, -33.6536], [151.2743, -33.6537], [151.2742, -33.6538], [151.2742, -33.6539], [151.2742, -33.654], [151.2741, -33.654], [151.2741, -33.654], [151.274, -33.6542], [151.2739, -33.6542], [151.274, -33.6543], [151.274, -33.6544], [151.274, -33.6544], [151.274, -33.6545], [151.274, -33.6546], [151.2739, -33.6547], [151.2739, -33.655], [151.2739, -33.655], [151.2739, -33.655], [151.2738, -33.6551], [151.2738, -33.6552], [151.2738, -33.6553], [151.2738, -33.6554], [151.2738, -33.6555], [151.2737, -33.6555], [151.2736, -33.6556], [151.2734, -33.6556], [151.2734, -33.6556], [151.2732, -33.6557], [151.273, -33.6557], [151.2727, -33.6558], [151.2725, -33.6558], [151.2724, -33.6558], [151.2722, -33.6558], [151.272, -33.6558], [151.2718, -33.6558], [151.2716, -33.6557], [151.2715, -33.6557], [151.2712, -33.6557], [151.2709, -33.6556], [151.2707, -33.6555], [151.2706, -33.6555], [151.2705, -33.6555], [151.2702, -33.6556], [151.2699, -33.6556], [151.2698, -33.6557], [151.2695, -33.6558], [151.2695, -33.6558], [151.2691, -33.6559], [151.2688, -33.6559], [151.2687, -33.656], [151.2686, -33.6561], [151.2685, -33.6561], [151.2683, -33.6562], [151.2679, -33.6565], [151.2676, -33.6566], [151.2674, -33.6566], [151.2672, -33.6566], [151.267, -33.6566], [151.2669, -33.6567], [151.2667, -33.6568], [151.2664, -33.6569], [151.2663, -33.657], [151.2661, -33.6572], [151.2659, -33.6572], [151.2656, -33.6574], [151.2653, -33.6575], [151.265, -33.6576], [151.2648, -33.6577], [151.2647, -33.6578], [151.2645, -33.6578], [151.2644, -33.6578], [151.2643, -33.6579], [151.2642, -33.6581], [151.2642, -33.6582], [151.2642, -33.6582], [151.2643, -33.6582], [151.2644, -33.6582], [151.2646, -33.658], [151.2648, -33.658], [151.265, -33.6579], [151.2651, -33.6578], [151.2652, -33.6578], [151.2655, -33.6577], [151.2656, -33.6577], [151.2659, -33.6576], [151.2664, -33.6574], [151.2665, -33.6574], [151.2672, -33.657], [151.2675, -33.6569], [151.2678, -33.6568], [151.2686, -33.6565], [151.2687, -33.6565], [151.2688, -33.6564], [151.269, -33.6563], [151.269, -33.6563], [151.2693, -33.6562], [151.2693, -33.6562], [151.2697, -33.6562], [151.2699, -33.6562], [151.27, -33.6562], [151.2701, -33.6562], [151.2701, -33.6562], [151.2702, -33.6561], [151.2704, -33.6561], [151.2706, -33.6561], [151.2709, -33.6562], [151.271, -33.6562], [151.2711, -33.6562], [151.2711, -33.6563], [151.2712, -33.6563], [151.2715, -33.6563], [151.2715, -33.6563], [151.2717, -33.6564], [151.2718, -33.6564], [151.272, -33.6565], [151.2727, -33.6565], [151.273, -33.6565], [151.2732, -33.6565], [151.2732, -33.6565], [151.2733, -33.6566], [151.2733, -33.6567], [151.2733, -33.6568], [151.2741, -33.657], [151.2741, -33.657], [151.2742, -33.6569], [151.2744, -33.6569], [151.2745, -33.6568], [151.2745, -33.6568], [151.2745, -33.6567], [151.2746, -33.6566], [151.2746, -33.6566], [151.2746, -33.6565], [151.2746, -33.6565], [151.2746, -33.6564], [151.2747, -33.6563], [151.2747, -33.6562], [151.2748, -33.6562], [151.2747, -33.6561], [151.2747, -33.6561], [151.2748, -33.656], [151.2748, -33.656], [151.2747, -33.656], [151.2748, -33.6557], [151.2749, -33.6557], [151.2749, -33.6556], [151.2749, -33.6556], [151.275, -33.6555], [151.2751, -33.6555], [151.2752, -33.6553], [151.2754, -33.6551], [151.2755, -33.6549], [151.2759, -33.6545], [151.276, -33.6545], [151.2761, -33.6545], [151.2761, -33.6544], [151.2761, -33.6544], [151.276, -33.6544], [151.276, -33.6543], [151.276, -33.6543], [151.2761, -33.6543], [151.2761, -33.6543], [151.2762, -33.6543], [151.2761, -33.6542], [151.2761, -33.6542], [151.2761, -33.6542], [151.2762, -33.6541], [151.2762, -33.654], [151.2763, -33.654], [151.2763, -33.654], [151.2763, -33.6539], [151.2763, -33.6538], [151.2763, -33.6538], [151.2763, -33.6538], [151.2763, -33.6537], [151.2763, -33.6536], [151.2763, -33.6536], [151.2764, -33.6535], [151.2763, -33.6534], [151.2763, -33.6534], [151.2763, -33.6534], [151.2763, -33.6534], [151.2764, -33.6534], [151.2764, -33.6533], [151.2765, -33.6532], [151.2765, -33.6532], [151.2766, -33.6532], [151.2766, -33.6531], [151.2766, -33.6529], [151.2766, -33.6529], [151.2767, -33.6527], [151.2767, -33.6526], [151.2767, -33.6525], [151.2767, -33.6524], [151.2767, -33.6523], [151.2767, -33.6519], [151.2767, -33.6518], [151.2767, -33.6518], [151.2769, -33.6517], [151.277, -33.6516], [151.277, -33.6516], [151.2771, -33.6516], [151.2772, -33.6516], [151.2774, -33.6516], [151.2774, -33.6516], [151.2776, -33.6516], [151.2777, -33.6517], [151.2781, -33.6519], [151.2783, -33.652], [151.2784, -33.652], [151.2785, -33.6521], [151.2786, -33.6521], [151.2788, -33.6522], [151.2789, -33.6523], [151.279, -33.6523], [151.279, -33.6524], [151.2791, -33.6524], [151.2792, -33.6524], [151.2793, -33.6525], [151.2793, -33.6525], [151.2794, -33.6525], [151.2794, -33.6525], [151.2795, -33.6525], [151.2796, -33.6525], [151.2796, -33.6525], [151.2798, -33.6526], [151.28, -33.6528], [151.2801, -33.6528], [151.2802, -33.6529], [151.2803, -33.653], [151.2803, -33.653], [151.2804, -33.653], [151.2803, -33.6528], [151.2803, -33.6528], [151.2802, -33.6527], [151.2801, -33.6525], [151.28, -33.6523], [151.2799, -33.6522], [151.2799, -33.6521], [151.28, -33.652], [151.28, -33.6519], [151.28, -33.6519], [151.2799, -33.6518], [151.2798, -33.6518], [151.2796, -33.6518], [151.2794, -33.6518], [151.2793, -33.6517], [151.279, -33.6514], [151.2789, -33.6513], [151.2786, -33.6509], [151.2784, -33.6507], [151.2781, -33.6504], [151.2779, -33.6503], [151.2779, -33.6501], [151.2778, -33.6499], [151.2777, -33.6498], [151.2777, -33.6497], [151.2777, -33.6495], [151.2777, -33.6494], [151.2777, -33.6491], [151.2778, -33.6489], [151.2778, -33.6488], [151.278, -33.6486], [151.278, -33.6485], [151.2781, -33.6483], [151.2782, -33.6482], [151.2783, -33.6478], [151.2784, -33.6476], [151.2785, -33.6475], [151.2789, -33.6472], [151.2792, -33.6469], [151.2795, -33.6467], [151.2796, -33.6466], [151.2797, -33.6464], [151.28, -33.6461], [151.2803, -33.6459], [151.2803, -33.6459], [151.2807, -33.6457], [151.2808, -33.6457], [151.2815, -33.6456], [151.2818, -33.6456], [151.2819, -33.6456], [151.2821, -33.6456], [151.2821, -33.6455], [151.2822, -33.6454], [151.2824, -33.6454], [151.2828, -33.6453], [151.2829, -33.6451], [151.2832, -33.6451], [151.2837, -33.6448], [151.2839, -33.6448], [151.2839, -33.6448], [151.284, -33.6447], [151.2842, -33.6445], [151.2846, -33.6444], [151.2811, -33.642]]]}}, {"type": "Feature", "properties": {}, "geometry": {"type": "Polygon", "coordinates": [[[151.2469, -33.5792], [151.2454, -33.5793], [151.2448, -33.5798], [151.2441, -33.5808], [151.2432, -33.5812], [151.2439, -33.5819], [151.2439, -33.5831], [151.2425, -33.5837], [151.2423, -33.5845], [151.2415, -33.5851], [151.2398, -33.5853], [151.2378, -33.5857], [151.2373, -33.5867], [151.2368, -33.5881], [151.2359, -33.5886], [151.2331, -33.5899], [151.2289, -33.5932], [151.2263, -33.5923], [151.2252, -33.5921], [151.2254, -33.593], [151.2245, -33.5938], [151.2237, -33.5933], [151.2236, -33.5927], [151.2226, -33.5924], [151.2214, -33.5922], [151.2201, -33.5916], [151.2197, -33.5921], [151.2196, -33.5928], [151.2206, -33.5938], [151.2199, -33.5943], [151.2165, -33.5931], [151.2132, -33.5924], [151.212, -33.5911], [151.2114, -33.5901], [151.2109, -33.5905], [151.2095, -33.591], [151.2074, -33.5907], [151.205, -33.5903], [151.2023, -33.5902], [151.2006, -33.5903], [151.1987, -33.5902], [151.1974, -33.5898], [151.1958, -33.5894], [151.1941, -33.5897], [151.1927, -33.5893], [151.1927, -33.5902], [151.1921, -33.5915], [151.1899, -33.5921], [151.1881, -33.5925], [151.1864, -33.5922], [151.1885, -33.5928], [151.1906, -33.5923], [151.1923, -33.5924], [151.1935, -33.5917], [151.195, -33.591], [151.1963, -33.5913], [151.198, -33.5918], [151.1984, -33.5925], [151.2, -33.5925], [151.2018, -33.5921], [151.2022, -33.5933], [151.2015, -33.5952], [151.2013, -33.5962], [151.2023, -33.5958], [151.2032, -33.5941], [151.2044, -33.5929], [151.2057, -33.593], [151.2067, -33.5939], [151.2078, -33.5938], [151.2093, -33.5941], [151.2099, -33.595], [151.2101, -33.5956], [151.2115, -33.5962], [151.2129, -33.5964], [151.2139, -33.5969], [151.2133, -33.5979], [151.2122, -33.5986], [151.2117, -33.599], [151.2109, -33.5996], [151.2097, -33.5996], [151.2083, -33.5995], [151.2079, -33.5998], [151.2086, -33.5999], [151.2097, -33.6005], [151.2109, -33.6009], [151.212, -33.601], [151.2132, -33.6021], [151.213, -33.6034], [151.2132, -33.6045], [151.2129, -33.6057], [151.2136, -33.6063], [151.2131, -33.607], [151.2129, -33.6081], [151.2111, -33.6084], [151.2101, -33.6091], [151.2093, -33.6099], [151.2081, -33.6105], [151.2066, -33.6099], [151.206, -33.609], [151.2047, -33.6097], [151.2036, -33.6103], [151.2036, -33.6114], [151.2026, -33.612], [151.2009, -33.6124], [151.1996, -33.6125], [151.1978, -33.6122], [151.1968, -33.6118], [151.1949, -33.6121], [151.1952, -33.6124], [151.1968, -33.613], [151.1983, -33.6141], [151.1987, -33.6148], [151.1982, -33.6154], [151.1971, -33.6159], [151.1965, -33.6163], [151.1956, -33.6168], [151.1952, -33.6176], [151.1941, -33.6187], [151.1923, -33.6183], [151.1902, -33.6186], [151.1888, -33.6181], [151.1869, -33.618], [151.1853, -33.6188], [151.1832, -33.6198], [151.1815, -33.6214], [151.1804, -33.6224], [151.1787, -33.6223], [151.1775, -33.6218], [151.1766, -33.6209], [151.1767, -33.6203], [151.1755, -33.6202], [151.1758, -33.6212], [151.1757, -33.6226], [151.175, -33.623], [151.1734, -33.6234], [151.1711, -33.6239], [151.1704, -33.6244], [151.1699, -33.6254], [151.1693, -33.6256], [151.1684, -33.6259], [151.1669, -33.6265], [151.166, -33.6266], [151.1639, -33.6259], [151.1645, -33.6268], [151.1658, -33.6276], [151.167, -33.6278], [151.1686, -33.6275], [151.1697, -33.6275], [151.1702, -33.6279], [151.1704, -33.6291], [151.1702, -33.63], [151.1693, -33.6307], [151.1683, -33.6314], [151.1676, -33.632], [151.1669, -33.6341], [151.1657, -33.6351], [151.1647, -33.635], [151.1641, -33.6354], [151.1626, -33.6358], [151.1622, -33.6363], [151.1635, -33.6364], [151.1638, -33.6368], [151.1632, -33.6377], [151.1619, -33.6393], [151.1611, -33.6404], [151.1596, -33.6409], [151.1585, -33.6411], [151.1599, -33.6416], [151.1617, -33.6418], [151.1624, -33.6421], [151.1623, -33.6435], [151.1616, -33.6444], [151.1602, -33.645], [151.16, -33.6453], [151.1619, -33.6454], [151.1629, -33.646], [151.1627, -33.6469], [151.1613, -33.6475], [151.1606, -33.6485], [151.1588, -33.6502], [151.1581, -33.6506], [151.1565, -33.6509], [151.1555, -33.6518], [151.1558, -33.6524], [151.1567, -33.6524], [151.1574, -33.6524], [151.1588, -33.6524], [151.1592, -33.6531], [151.1592, -33.6543], [151.1599, -33.6557], [151.1607, -33.6561], [151.1605, -33.6588], [151.1607, -33.6602], [151.1608, -33.6606], [151.1609, -33.6611], [151.1635, -33.6634], [151.1657, -33.6646], [151.1664, -33.6654], [151.167, -33.667], [151.1683, -33.6678], [151.1674, -33.6688], [151.1667, -33.6697], [151.1671, -33.6706], [151.1671, -33.6699], [151.1677, -33.6704], [151.1678, -33.6717], [151.1665, -33.6724], [151.1674, -33.6737], [151.168, -33.676], [151.1702, -33.6766], [151.1715, -33.6771], [151.1711, -33.6782], [151.17, -33.6791], [151.1699, -33.6806], [151.1687, -33.6823], [151.1662, -33.6863], [151.1659, -33.6857], [151.1687, -33.683], [151.1706, -33.6806], [151.1705, -33.6791], [151.1718, -33.6779], [151.1716, -33.6769], [151.1699, -33.6762], [151.1686, -33.6748], [151.1683, -33.6736], [151.1674, -33.673], [151.1676, -33.6722], [151.1685, -33.6721], [151.1693, -33.6724], [151.1701, -33.6718], [151.1694, -33.6709], [151.1682, -33.6705], [151.1688, -33.6694], [151.1704, -33.6692], [151.1702, -33.6685], [151.1698, -33.6672], [151.1693, -33.6666], [151.1699, -33.6662], [151.1687, -33.6662], [151.1679, -33.6659], [151.168, -33.6649], [151.1678, -33.6635], [151.1667, -33.6629], [151.1656, -33.6629], [151.165, -33.6618], [151.1635, -33.661], [151.1619, -33.6599], [151.1637, -33.6584], [151.1641, -33.658], [151.1641, -33.6565], [151.1635, -33.6555], [151.1618, -33.6546], [151.1612, -33.6533], [151.1608, -33.6514], [151.1612, -33.6503], [151.1629, -33.6495], [151.1644, -33.65], [151.1661, -33.6507], [151.1668, -33.6508], [151.166, -33.6495], [151.1648, -33.6483], [151.1655, -33.6467], [151.1652, -33.6451], [151.1645, -33.6435], [151.1654, -33.6422], [151.1655, -33.6408], [151.1651, -33.6391], [151.1662, -33.6381], [151.167, -33.6379], [151.1683, -33.639], [151.1703, -33.6393], [151.1714, -33.6397], [151.1721, -33.64], [151.1717, -33.639], [151.1704, -33.6386], [151.1695, -33.638], [151.1692, -33.637], [151.1698, -33.6357], [151.17, -33.6342], [151.1709, -33.6331], [151.1723, -33.6323], [151.1734, -33.632], [151.1731, -33.63], [151.1731, -33.6275], [151.1731, -33.6264], [151.1745, -33.6262], [151.1751, -33.627], [151.176, -33.6272], [151.1772, -33.6268], [151.1783, -33.6268], [151.1792, -33.6262], [151.1801, -33.6259], [151.1811, -33.6271], [151.1822, -33.6281], [151.1822, -33.6269], [151.1825, -33.6259], [151.1835, -33.6254], [151.1841, -33.6245], [151.1845, -33.6239], [151.1849, -33.623], [151.1857, -33.6223], [151.1877, -33.6216], [151.189, -33.6221], [151.1907, -33.622], [151.1962, -33.6221], [151.1969, -33.6213], [151.1977, -33.6207], [151.1983, -33.62], [151.1994, -33.6202], [151.2001, -33.6205], [151.2002, -33.619], [151.2011, -33.6181], [151.2027, -33.6176], [151.2036, -33.6171], [151.2043, -33.6158], [151.205, -33.6155], [151.2056, -33.6154], [151.2071, -33.6154], [151.21, -33.6145], [151.2142, -33.6124], [151.2155, -33.6128], [151.216, -33.6121], [151.2164, -33.611], [151.2172, -33.61], [151.218, -33.6094], [151.2196, -33.6091], [151.2212, -33.6105], [151.2219, -33.6118], [151.2227, -33.6135], [151.2224, -33.6146], [151.2235, -33.6168], [151.2269, -33.6174], [151.2274, -33.6172], [151.2252, -33.6151], [151.2249, -33.6126], [151.2242, -33.6106], [151.2238, -33.6085], [151.2263, -33.6081], [151.2237, -33.607], [151.221, -33.6059], [151.2199, -33.6037], [151.2186, -33.602], [151.2192, -33.5998], [151.2205, -33.5994], [151.2204, -33.6003], [151.2218, -33.6011], [151.2225, -33.6029], [151.2235, -33.6037], [151.2248, -33.6], [151.2258, -33.5995], [151.227, -33.5986], [151.2284, -33.5991], [151.2285, -33.6003], [151.2285, -33.6015], [151.2297, -33.6018], [151.2306, -33.6023], [151.2315, -33.6035], [151.2326, -33.6032], [151.2338, -33.6022], [151.2349, -33.6021], [151.2364, -33.6026], [151.2375, -33.6016], [151.2384, -33.6006], [151.2392, -33.5996], [151.2399, -33.6001], [151.2413, -33.6004], [151.2426, -33.5984], [151.2433, -33.598], [151.243, -33.5963], [151.2428, -33.5948], [151.2437, -33.5945], [151.2454, -33.5953], [151.2466, -33.5968], [151.2465, -33.5982], [151.2462, -33.6001], [151.2465, -33.6022], [151.2474, -33.6025], [151.2491, -33.6026], [151.2492, -33.6029], [151.2496, -33.6028], [151.2504, -33.6027], [151.2523, -33.6033], [151.2543, -33.6037], [151.2567, -33.6054], [151.2545, -33.6025], [151.2518, -33.5987], [151.2543, -33.5974], [151.2575, -33.5971], [151.2594, -33.5981], [151.2605, -33.5993], [151.2626, -33.5979], [151.2605, -33.5966], [151.2584, -33.5947], [151.2587, -33.5932], [151.2536, -33.5934], [151.25, -33.5926], [151.2493, -33.5911], [151.249, -33.5899], [151.2493, -33.5891], [151.2497, -33.5884], [151.2469, -33.5792]]]}}, {"type": "Feature", "properties": {}, "geometry": {"type": "Polygon", "coordinates": [[[151.0878, -34.0645], [151.0865, -34.0654], [151.0861, -34.0654], [151.0857, -34.0652], [151.0854, -34.065], [151.0848, -34.0645], [151.0846, -34.0642], [151.0844, -34.0641], [151.084, -34.0638], [151.084, -34.0636], [151.084, -34.0633], [151.0841, -34.0632], [151.0841, -34.0628], [151.0842, -34.0625], [151.0841, -34.062], [151.0837, -34.0612], [151.083, -34.0607], [151.0825, -34.0606], [151.0819, -34.0605], [151.0814, -34.0606], [151.0811, -34.0607], [151.0807, -34.061], [151.0805, -34.0611], [151.0799, -34.0612], [151.0796, -34.0613], [151.0797, -34.0615], [151.08, -34.0617], [151.0802, -34.0617], [151.0805, -34.0618], [151.0809, -34.0619], [151.0809, -34.0621], [151.0811, -34.0622], [151.0813, -34.0622], [151.0816, -34.0622], [151.0819, -34.0621], [151.0821, -34.062], [151.0823, -34.0621], [151.0823, -34.0624], [151.082, -34.0625], [151.0815, -34.0626], [151.081, -34.0626], [151.0807, -34.0627], [151.0804, -34.0624], [151.08, -34.0621], [151.0788, -34.062], [151.0781, -34.062], [151.0756, -34.0623], [151.0735, -34.0626], [151.0705, -34.0629], [151.0693, -34.0631], [151.0687, -34.0632], [151.0685, -34.0634], [151.0682, -34.0636], [151.067, -34.0641], [151.0658, -34.0643], [151.065, -34.0643], [151.0644, -34.0643], [151.0639, -34.0642], [151.0632, -34.064], [151.0626, -34.0639], [151.0619, -34.064], [151.0611, -34.0643], [151.0605, -34.0653], [151.0597, -34.0667], [151.0594, -34.0674], [151.059, -34.0679], [151.0589, -34.0683], [151.0589, -34.0687], [151.059, -34.0691], [151.0592, -34.0694], [151.0595, -34.0695], [151.0604, -34.07], [151.0609, -34.0703], [151.0609, -34.0705], [151.0608, -34.0707], [151.0606, -34.0708], [151.0604, -34.071], [151.0601, -34.0712], [151.0585, -34.0717], [151.0574, -34.0725], [151.0569, -34.0729], [151.0569, -34.0731], [151.057, -34.0732], [151.0567, -34.0734], [151.0565, -34.0736], [151.0563, -34.0739], [151.056, -34.074], [151.0556, -34.0743], [151.0551, -34.0745], [151.0547, -34.075], [151.0547, -34.0753], [151.0547, -34.0754], [151.0548, -34.0755], [151.0549, -34.0758], [151.0551, -34.076], [151.0551, -34.0762], [151.0553, -34.0763], [151.0553, -34.0765], [151.0554, -34.0766], [151.0556, -34.0767], [151.0558, -34.0772], [151.0557, -34.0777], [151.0544, -34.0788], [151.0538, -34.0796], [151.0537, -34.0806], [151.0536, -34.081], [151.0535, -34.0823], [151.0547, -34.0824], [151.0551, -34.0823], [151.0554, -34.0822], [151.0558, -34.0821], [151.0561, -34.0823], [151.0563, -34.0825], [151.0563, -34.0827], [151.0564, -34.083], [151.0564, -34.0833], [151.0563, -34.0838], [151.0563, -34.0841], [151.0562, -34.085], [151.0562, -34.0856], [151.0561, -34.086], [151.0559, -34.0865], [151.0556, -34.0868], [151.0554, -34.087], [151.0553, -34.0873], [151.0551, -34.0878], [151.0547, -34.0885], [151.0543, -34.0891], [151.0539, -34.0897], [151.0533, -34.0905], [151.0529, -34.091], [151.0527, -34.0913], [151.0525, -34.0915], [151.0524, -34.092], [151.0525, -34.0927], [151.0525, -34.0932], [151.0524, -34.0936], [151.0523, -34.0939], [151.0522, -34.0942], [151.052, -34.0945], [151.052, -34.095], [151.0518, -34.0954], [151.0517, -34.0957], [151.0517, -34.0962], [151.0516, -34.0965], [151.0515, -34.0972], [151.0514, -34.0975], [151.0512, -34.0978], [151.0509, -34.098], [151.05, -34.0983], [151.0496, -34.0984], [151.0493, -34.0985], [151.0489, -34.0987], [151.0488, -34.0988], [151.0486, -34.099], [151.0484, -34.0993], [151.0482, -34.0997], [151.0482, -34.1001], [151.0482, -34.1004], [151.0483, -34.1007], [151.0484, -34.1009], [151.0485, -34.1011], [151.0484, -34.1013], [151.0485, -34.1019], [151.0485, -34.1021], [151.0485, -34.1024], [151.0484, -34.1028], [151.0482, -34.1033], [151.0482, -34.1036], [151.0483, -34.1041], [151.0485, -34.1045], [151.0485, -34.1047], [151.0486, -34.1048], [151.0485, -34.1049], [151.0487, -34.105], [151.0488, -34.1052], [151.0489, -34.1054], [151.049, -34.1057], [151.049, -34.1059], [151.0491, -34.106], [151.0491, -34.1064], [151.0491, -34.1066], [151.0492, -34.1069], [151.0495, -34.1072], [151.0496, -34.1076], [151.0497, -34.108], [151.0497, -34.1082], [151.05, -34.1084], [151.0501, -34.1087], [151.05, -34.109], [151.0502, -34.1095], [151.0502, -34.1097], [151.0501, -34.11], [151.05, -34.1102], [151.0494, -34.1108], [151.0493, -34.1109], [151.0492, -34.1111], [151.0493, -34.1114], [151.0495, -34.1116], [151.0496, -34.1118], [151.0497, -34.1122], [151.0496, -34.1123], [151.0495, -34.1126], [151.0493, -34.1128], [151.0492, -34.1129], [151.0495, -34.1127], [151.0496, -34.1125], [151.0498, -34.1122], [151.0498, -34.112], [151.0497, -34.1117], [151.0496, -34.1114], [151.0494, -34.1112], [151.0494, -34.111], [151.0496, -34.1108], [151.05, -34.1104], [151.0502, -34.1101], [151.0504, -34.1097], [151.0503, -34.1093], [151.0502, -34.109], [151.0503, -34.1088], [151.0502, -34.1085], [151.05, -34.1083], [151.0498, -34.1078], [151.0497, -34.1075], [151.0494, -34.1068], [151.0493, -34.1066], [151.0492, -34.1063], [151.0492, -34.1059], [151.0491, -34.1057], [151.049, -34.1053], [151.0488, -34.1049], [151.0487, -34.1045], [151.0485, -34.1041], [151.0484, -34.1038], [151.0484, -34.1036], [151.0486, -34.1031], [151.0487, -34.1025], [151.0487, -34.1021], [151.0487, -34.1016], [151.0486, -34.1013], [151.0486, -34.1011], [151.0485, -34.1008], [151.0485, -34.1006], [151.0484, -34.1004], [151.0484, -34.1003], [151.0484, -34.1001], [151.0484, -34.0999], [151.0484, -34.0996], [151.0485, -34.0994], [151.0485, -34.0993], [151.0487, -34.0991], [151.0488, -34.099], [151.0489, -34.0988], [151.049, -34.0988], [151.0492, -34.0987], [151.0494, -34.0986], [151.0498, -34.0985], [151.0503, -34.0984], [151.0505, -34.0983], [151.0508, -34.0982], [151.0512, -34.0979], [151.0516, -34.0974], [151.0517, -34.0971], [151.0517, -34.0965], [151.0519, -34.0962], [151.052, -34.0957], [151.0521, -34.0953], [151.0522, -34.095], [151.0522, -34.0947], [151.0524, -34.0945], [151.0525, -34.0938], [151.0525, -34.0935], [151.0526, -34.0931], [151.0527, -34.0922], [151.0528, -34.0915], [151.0532, -34.0909], [151.0535, -34.0906], [151.0538, -34.0902], [151.0542, -34.0897], [151.0544, -34.0893], [151.0546, -34.0889], [151.0548, -34.0887], [151.055, -34.0884], [151.0553, -34.0877], [151.0555, -34.0875], [151.0556, -34.0872], [151.0558, -34.0869], [151.0561, -34.0866], [151.0562, -34.0864], [151.0564, -34.0859], [151.0565, -34.0849], [151.0566, -34.0841], [151.0566, -34.0833], [151.0566, -34.0825], [151.0564, -34.0823], [151.0562, -34.0821], [151.056, -34.082], [151.0557, -34.082], [151.0547, -34.0821], [151.0539, -34.0815], [151.0539, -34.0811], [151.054, -34.08], [151.0542, -34.0793], [151.0546, -34.079], [151.0551, -34.0787], [151.0554, -34.0785], [151.0557, -34.0783], [151.056, -34.078], [151.0563, -34.0776], [151.0563, -34.0774], [151.056, -34.0769], [151.0558, -34.0767], [151.0556, -34.076], [151.0554, -34.0756], [151.0553, -34.0752], [151.0553, -34.075], [151.0554, -34.0748], [151.0558, -34.0746], [151.0561, -34.0745], [151.0566, -34.0742], [151.0568, -34.074], [151.0572, -34.0737], [151.0575, -34.0736], [151.0577, -34.0733], [151.0579, -34.073], [151.0583, -34.0726], [151.0585, -34.0724], [151.0589, -34.0722], [151.059, -34.0722], [151.0593, -34.0721], [151.0595, -34.072], [151.0594, -34.0718], [151.0601, -34.0717], [151.0608, -34.0714], [151.0611, -34.0713], [151.0615, -34.0709], [151.0618, -34.0707], [151.0619, -34.0705], [151.0618, -34.0703], [151.0617, -34.0701], [151.0613, -34.0699], [151.0609, -34.0697], [151.0604, -34.0694], [151.06, -34.069], [151.0598, -34.0688], [151.0596, -34.0684], [151.0595, -34.0682], [151.0596, -34.0678], [151.06, -34.0675], [151.0604, -34.0671], [151.0606, -34.0667], [151.0611, -34.0663], [151.0613, -34.0659], [151.0616, -34.0656], [151.0618, -34.0652], [151.062, -34.0651], [151.0629, -34.0647], [151.0632, -34.0647], [151.0638, -34.0647], [151.0642, -34.0649], [151.0649, -34.0652], [151.0653, -34.0653], [151.0658, -34.0654], [151.0661, -34.0653], [151.0668, -34.0652], [151.0675, -34.0648], [151.0685, -34.0643], [151.0746, -34.0634], [151.0777, -34.0633], [151.0797, -34.0635], [151.0845, -34.0664], [151.085, -34.0673], [151.0862, -34.0676], [151.0873, -34.0679], [151.088, -34.0689], [151.0879, -34.0694], [151.0885, -34.0695], [151.0889, -34.0692], [151.0892, -34.069], [151.0897, -34.0688], [151.0899, -34.0685], [151.0902, -34.0682], [151.0904, -34.0679], [151.0907, -34.0677], [151.0912, -34.0675], [151.0914, -34.0672], [151.0915, -34.067], [151.0915, -34.0669], [151.0913, -34.0667], [151.0913, -34.0665], [151.091, -34.0661], [151.091, -34.0658], [151.0908, -34.0655], [151.0905, -34.065], [151.0903, -34.0647], [151.0903, -34.0645], [151.089, -34.0649], [151.0888, -34.0656], [151.0887, -34.0649], [151.0884, -34.0649], [151.0878, -34.0645]]]}}, {"type": "Feature", "properties": {}, "geometry": {"type": "Polygon", "coordinates": [[[151.0659, -33.994], [151.0636, -33.9946], [151.0616, -33.9946], [151.0607, -33.9947], [151.0592, -33.9949], [151.0582, -33.9944], [151.058, -33.9948], [151.0577, -33.9957], [151.0574, -33.996], [151.0567, -33.9966], [151.0555, -33.9973], [151.055, -33.9975], [151.0543, -33.9978], [151.0537, -33.9978], [151.0535, -33.9985], [151.0534, -33.9989], [151.0533, -33.9991], [151.0529, -33.9995], [151.0525, -33.9997], [151.0519, -33.9997], [151.0512, -33.9999], [151.0511, -34.0001], [151.0515, -34.0003], [151.0522, -34.0006], [151.0527, -34.0007], [151.0529, -34.0014], [151.0531, -34.0018], [151.0534, -34.0012], [151.0536, -34.0009], [151.0541, -34.0005], [151.0543, -34.0], [151.0544, -33.9996], [151.0543, -33.999], [151.0544, -33.9988], [151.0547, -33.9986], [151.055, -33.9985], [151.0551, -33.9986], [151.0552, -33.9989], [151.0552, -33.9993], [151.0552, -33.9997], [151.055, -33.9998], [151.0547, -34.0003], [151.0539, -34.0014], [151.0536, -34.0017], [151.0533, -34.0021], [151.0516, -34.0031], [151.0497, -34.0031], [151.0489, -34.0033], [151.0483, -34.0035], [151.0479, -34.0039], [151.0474, -34.0048], [151.0472, -34.0054], [151.0471, -34.0059], [151.0467, -34.0063], [151.0463, -34.0063], [151.0454, -34.0061], [151.0448, -34.0063], [151.0445, -34.0064], [151.0442, -34.0065], [151.0437, -34.007], [151.0436, -34.0072], [151.0431, -34.0075], [151.043, -34.0078], [151.043, -34.008], [151.0431, -34.0084], [151.0431, -34.0086], [151.0433, -34.0089], [151.0435, -34.0088], [151.0438, -34.0088], [151.044, -34.0089], [151.0442, -34.0091], [151.0445, -34.0091], [151.0447, -34.0091], [151.0448, -34.0096], [151.0447, -34.0099], [151.0445, -34.0104], [151.0443, -34.0108], [151.0443, -34.0112], [151.0445, -34.0122], [151.0448, -34.0128], [151.045, -34.0131], [151.045, -34.0135], [151.0451, -34.0142], [151.0449, -34.0147], [151.0451, -34.0149], [151.0455, -34.0149], [151.0458, -34.0149], [151.0465, -34.0144], [151.0467, -34.0141], [151.0462, -34.0137], [151.0459, -34.0134], [151.0459, -34.0129], [151.0456, -34.0126], [151.0455, -34.0123], [151.0453, -34.0118], [151.0452, -34.0114], [151.0455, -34.0114], [151.0461, -34.0121], [151.0465, -34.0127], [151.0477, -34.0147], [151.0479, -34.0166], [151.0485, -34.0183], [151.0481, -34.0188], [151.048, -34.0191], [151.0479, -34.0194], [151.0483, -34.0199], [151.0485, -34.0201], [151.0488, -34.0204], [151.0489, -34.0208], [151.0488, -34.0213], [151.0486, -34.0218], [151.0483, -34.0224], [151.0479, -34.0229], [151.0477, -34.0233], [151.0472, -34.0234], [151.047, -34.0235], [151.0467, -34.0239], [151.0465, -34.0241], [151.0461, -34.0247], [151.0458, -34.0253], [151.0455, -34.0259], [151.0454, -34.0262], [151.0451, -34.0269], [151.0451, -34.0275], [151.0448, -34.028], [151.0446, -34.0281], [151.044, -34.0282], [151.043, -34.0282], [151.042, -34.028], [151.0415, -34.0279], [151.0409, -34.0275], [151.0402, -34.0269], [151.0395, -34.0265], [151.0389, -34.0264], [151.0381, -34.0263], [151.0372, -34.0263], [151.0364, -34.0264], [151.0349, -34.0262], [151.0342, -34.026], [151.0333, -34.0255], [151.0329, -34.0251], [151.0327, -34.0247], [151.0325, -34.0245], [151.0322, -34.0243], [151.0316, -34.0241], [151.0314, -34.0241], [151.0308, -34.0243], [151.0305, -34.0246], [151.0297, -34.0252], [151.0292, -34.0253], [151.0289, -34.0253], [151.0286, -34.0252], [151.0283, -34.0249], [151.028, -34.0248], [151.0274, -34.0249], [151.0272, -34.0251], [151.0266, -34.0252], [151.0258, -34.0254], [151.0253, -34.0255], [151.0247, -34.0255], [151.0238, -34.0253], [151.0232, -34.0253], [151.0228, -34.0256], [151.0221, -34.0261], [151.0216, -34.0264], [151.0212, -34.0267], [151.0209, -34.0272], [151.02, -34.0294], [151.0197, -34.03], [151.0194, -34.0303], [151.0188, -34.0306], [151.0185, -34.0308], [151.0182, -34.031], [151.0179, -34.0315], [151.0176, -34.0321], [151.0176, -34.0325], [151.0177, -34.0328], [151.018, -34.0333], [151.0182, -34.0338], [151.0186, -34.0344], [151.0189, -34.0347], [151.0194, -34.035], [151.0198, -34.0353], [151.02, -34.0357], [151.0198, -34.036], [151.0195, -34.0362], [151.0188, -34.0365], [151.0178, -34.0368], [151.0171, -34.0371], [151.0164, -34.0375], [151.0156, -34.0382], [151.0151, -34.0387], [151.0146, -34.0393], [151.0143, -34.0396], [151.0141, -34.04], [151.0138, -34.0404], [151.0137, -34.0409], [151.0137, -34.0413], [151.0137, -34.042], [151.0138, -34.0424], [151.0137, -34.0429], [151.0132, -34.0436], [151.0123, -34.0441], [151.0113, -34.0446], [151.0108, -34.0447], [151.0103, -34.0448], [151.0091, -34.045], [151.0089, -34.0451], [151.0094, -34.0451], [151.0102, -34.0451], [151.0114, -34.0448], [151.0118, -34.0446], [151.0122, -34.0445], [151.0128, -34.0442], [151.0134, -34.0438], [151.014, -34.0432], [151.0143, -34.0417], [151.0146, -34.04], [151.0151, -34.0394], [151.0158, -34.0388], [151.0161, -34.0384], [151.0164, -34.0382], [151.0168, -34.0379], [151.0174, -34.0375], [151.018, -34.0373], [151.0186, -34.037], [151.0194, -34.0368], [151.02, -34.0366], [151.0204, -34.0364], [151.0206, -34.0361], [151.0206, -34.0358], [151.0196, -34.0346], [151.0186, -34.0316], [151.0198, -34.0306], [151.0206, -34.03], [151.0209, -34.0296], [151.0211, -34.029], [151.0215, -34.0278], [151.0219, -34.0273], [151.0224, -34.0266], [151.0243, -34.0258], [151.0257, -34.0261], [151.0262, -34.026], [151.0265, -34.0259], [151.027, -34.0256], [151.0277, -34.0256], [151.0283, -34.0257], [151.0288, -34.0259], [151.0292, -34.0259], [151.03, -34.0258], [151.0303, -34.0256], [151.0305, -34.0253], [151.0309, -34.025], [151.0313, -34.0249], [151.0317, -34.0249], [151.032, -34.0249], [151.0323, -34.0251], [151.0326, -34.0256], [151.033, -34.026], [151.0335, -34.0265], [151.0343, -34.0269], [151.0351, -34.027], [151.0364, -34.0268], [151.0382, -34.0272], [151.0396, -34.0276], [151.0403, -34.0279], [151.0407, -34.0281], [151.0408, -34.0282], [151.0418, -34.0288], [151.0427, -34.0291], [151.0431, -34.0292], [151.0434, -34.0292], [151.0438, -34.0293], [151.0443, -34.0293], [151.0447, -34.0292], [151.0451, -34.029], [151.0454, -34.0286], [151.0456, -34.0279], [151.0459, -34.0271], [151.0462, -34.0265], [151.0464, -34.0262], [151.0466, -34.0258], [151.0484, -34.0239], [151.05, -34.0217], [151.0501, -34.0215], [151.0498, -34.021], [151.0498, -34.0202], [151.05, -34.0197], [151.0501, -34.0196], [151.0503, -34.0192], [151.0502, -34.0186], [151.0501, -34.0178], [151.05, -34.0173], [151.0498, -34.0166], [151.0497, -34.0161], [151.0492, -34.0152], [151.0493, -34.015], [151.0497, -34.0149], [151.0499, -34.0152], [151.0501, -34.0155], [151.0503, -34.0157], [151.0504, -34.016], [151.0506, -34.0166], [151.0507, -34.017], [151.0509, -34.0172], [151.0512, -34.0172], [151.0514, -34.0169], [151.0514, -34.0164], [151.0514, -34.0159], [151.0515, -34.0152], [151.0514, -34.0149], [151.0513, -34.0147], [151.0511, -34.0145], [151.0507, -34.0145], [151.0504, -34.0144], [151.0504, -34.0141], [151.0501, -34.0138], [151.0499, -34.0133], [151.0495, -34.013], [151.0491, -34.0129], [151.049, -34.0126], [151.049, -34.0124], [151.0491, -34.0124], [151.0493, -34.0123], [151.0491, -34.0121], [151.0485, -34.012], [151.048, -34.0119], [151.0475, -34.0119], [151.0472, -34.0117], [151.0468, -34.0111], [151.0466, -34.0107], [151.0464, -34.0099], [151.0463, -34.0094], [151.0462, -34.0089], [151.0462, -34.0083], [151.0464, -34.0077], [151.0468, -34.007], [151.0473, -34.0068], [151.0478, -34.0064], [151.0486, -34.0061], [151.0489, -34.0062], [151.0487, -34.0064], [151.0485, -34.0067], [151.0483, -34.0073], [151.0483, -34.0074], [151.0485, -34.0075], [151.0485, -34.0076], [151.0484, -34.0076], [151.0482, -34.0076], [151.0485, -34.008], [151.0488, -34.0082], [151.0492, -34.0082], [151.0496, -34.0083], [151.0499, -34.0082], [151.0501, -34.008], [151.0502, -34.0078], [151.0501, -34.0074], [151.05, -34.006], [151.0503, -34.0054], [151.0525, -34.005], [151.0537, -34.0056], [151.0544, -34.0065], [151.0546, -34.0069], [151.0549, -34.0072], [151.0552, -34.0072], [151.0561, -34.0071], [151.0571, -34.0074], [151.0575, -34.0076], [151.0579, -34.0077], [151.0581, -34.008], [151.0583, -34.0083], [151.0587, -34.0082], [151.0588, -34.0079], [151.0588, -34.0074], [151.0584, -34.007], [151.0576, -34.0064], [151.0573, -34.006], [151.0571, -34.0054], [151.0571, -34.0044], [151.0567, -34.0038], [151.0564, -34.0032], [151.0562, -34.0027], [151.0558, -34.0022], [151.0557, -34.0018], [151.0558, -34.0011], [151.0559, -34.0005], [151.0561, -34.0003], [151.0566, -34.0], [151.0571, -33.9996], [151.0575, -33.9992], [151.0581, -33.9989], [151.0587, -33.9986], [151.0591, -33.9984], [151.0597, -33.9981], [151.0606, -33.9981], [151.0615, -33.9976], [151.0631, -33.9975], [151.0659, -33.9972], [151.0672, -33.9968], [151.0682, -33.9964], [151.0659, -33.994]]]}}, {"type": "Feature", "properties": {}, "geometry": {"type": "Polygon", "coordinates": [[[151.0111, -33.8138], [151.0103, -33.8131], [151.01, -33.8135], [151.0107, -33.8141], [151.0118, -33.8152], [151.0144, -33.8161], [151.0174, -33.8162], [151.0206, -33.8152], [151.0226, -33.8146], [151.0249, -33.8148], [151.026, -33.8156], [151.026, -33.8171], [151.0282, -33.8179], [151.0326, -33.8189], [151.0367, -33.8198], [151.0388, -33.8185], [151.0413, -33.8184], [151.044, -33.819], [151.0455, -33.821], [151.0468, -33.8226], [151.0478, -33.8236], [151.0483, -33.8244], [151.054, -33.8248], [151.0569, -33.8247], [151.0591, -33.8245], [151.0622, -33.825], [151.0645, -33.8249], [151.0686, -33.823], [151.074, -33.8204], [151.0782, -33.8223], [151.0839, -33.822], [151.0805, -33.8265], [151.0767, -33.8347], [151.0774, -33.8352], [151.0783, -33.8346], [151.0783, -33.8348], [151.0783, -33.8349], [151.0784, -33.8353], [151.0797, -33.8353], [151.0799, -33.8357], [151.0796, -33.8392], [151.08, -33.8396], [151.0817, -33.8397], [151.0815, -33.84], [151.081, -33.8401], [151.0811, -33.8407], [151.0811, -33.8416], [151.0812, -33.8427], [151.0813, -33.844], [151.0814, -33.8441], [151.0813, -33.8445], [151.0808, -33.845], [151.0807, -33.8455], [151.0816, -33.8456], [151.0823, -33.845], [151.0822, -33.8445], [151.0824, -33.8441], [151.0821, -33.8439], [151.0824, -33.8436], [151.0823, -33.8428], [151.0826, -33.8419], [151.0827, -33.8404], [151.0826, -33.8394], [151.0827, -33.8378], [151.0838, -33.8346], [151.0865, -33.8238], [151.0887, -33.823], [151.0903, -33.8231], [151.0926, -33.8238], [151.0938, -33.8244], [151.0943, -33.8258], [151.0933, -33.8271], [151.0933, -33.8283], [151.0907, -33.8293], [151.0897, -33.8302], [151.0898, -33.8331], [151.0909, -33.834], [151.0924, -33.8351], [151.0948, -33.8342], [151.0957, -33.8322], [151.097, -33.8307], [151.0984, -33.8313], [151.0993, -33.8325], [151.0988, -33.8342], [151.0988, -33.8352], [151.0984, -33.8362], [151.0957, -33.8373], [151.0947, -33.8384], [151.0938, -33.8401], [151.0959, -33.8402], [151.0978, -33.8386], [151.1, -33.8379], [151.102, -33.838], [151.1026, -33.8389], [151.1014, -33.8405], [151.0994, -33.8424], [151.0995, -33.844], [151.1016, -33.8445], [151.1035, -33.8432], [151.1049, -33.8398], [151.1043, -33.8366], [151.1043, -33.8344], [151.1051, -33.8353], [151.1056, -33.8362], [151.1056, -33.8371], [151.1064, -33.8378], [151.1088, -33.8387], [151.1133, -33.8412], [151.1149, -33.8436], [151.1159, -33.8423], [151.1182, -33.8419], [151.1202, -33.8417], [151.1208, -33.842], [151.1201, -33.8431], [151.1193, -33.8446], [151.1184, -33.8463], [151.1177, -33.8475], [151.1168, -33.8479], [151.1159, -33.8486], [151.1151, -33.8498], [151.1155, -33.8507], [151.1167, -33.8511], [151.1183, -33.8509], [151.1193, -33.852], [151.1197, -33.8526], [151.1192, -33.8533], [151.117, -33.8536], [151.1153, -33.8531], [151.114, -33.8535], [151.1139, -33.8545], [151.1159, -33.8564], [151.117, -33.8571], [151.1186, -33.8569], [151.1207, -33.8568], [151.1218, -33.8577], [151.1209, -33.8592], [151.1166, -33.8603], [151.1159, -33.8614], [151.1176, -33.8628], [151.1186, -33.8646], [151.123, -33.8627], [151.1255, -33.8624], [151.1265, -33.8621], [151.1283, -33.8612], [151.1284, -33.8591], [151.1277, -33.8572], [151.1264, -33.8548], [151.1263, -33.8525], [151.1261, -33.8514], [151.1252, -33.8502], [151.1241, -33.8502], [151.1226, -33.8496], [151.1224, -33.8479], [151.124, -33.8466], [151.1269, -33.8451], [151.1273, -33.844], [151.1291, -33.8439], [151.1301, -33.8448], [151.131, -33.8454], [151.1317, -33.8461], [151.1322, -33.8473], [151.1323, -33.8485], [151.1324, -33.8491], [151.1351, -33.8493], [151.1363, -33.849], [151.1368, -33.8484], [151.1372, -33.8478], [151.1376, -33.8473], [151.1396, -33.8465], [151.1403, -33.8462], [151.1409, -33.8457], [151.1423, -33.846], [151.1426, -33.8471], [151.1436, -33.8483], [151.1436, -33.8492], [151.1423, -33.8501], [151.1415, -33.8511], [151.1404, -33.8518], [151.1411, -33.8532], [151.1427, -33.8533], [151.1454, -33.8514], [151.1477, -33.8503], [151.1488, -33.8479], [151.1495, -33.8466], [151.1461, -33.8459], [151.1449, -33.8451], [151.1444, -33.8444], [151.1446, -33.8435], [151.1451, -33.8437], [151.1462, -33.8445], [151.1473, -33.8443], [151.148, -33.8438], [151.1508, -33.8428], [151.1523, -33.8423], [151.1537, -33.8423], [151.1533, -33.8435], [151.1535, -33.8453], [151.1559, -33.8455], [151.1566, -33.8475], [151.1595, -33.85], [151.1602, -33.8506], [151.161, -33.8515], [151.1621, -33.8532], [151.1629, -33.8534], [151.1632, -33.8562], [151.1601, -33.8584], [151.1589, -33.8581], [151.158, -33.8576], [151.1567, -33.8575], [151.1568, -33.8587], [151.1559, -33.8595], [151.1538, -33.859], [151.153, -33.8595], [151.1517, -33.8603], [151.1498, -33.862], [151.1473, -33.8625], [151.1452, -33.8627], [151.1445, -33.8633], [151.1452, -33.8647], [151.1487, -33.8652], [151.1496, -33.8659], [151.1482, -33.866], [151.1468, -33.8665], [151.1447, -33.8673], [151.1426, -33.8681], [151.1412, -33.8687], [151.1417, -33.8703], [151.1439, -33.8698], [151.1481, -33.8702], [151.1495, -33.8716], [151.1501, -33.8723], [151.1504, -33.8728], [151.1509, -33.8723], [151.1516, -33.8713], [151.1527, -33.8668], [151.1554, -33.8659], [151.1575, -33.8648], [151.1586, -33.8644], [151.159, -33.8631], [151.1595, -33.8622], [151.1603, -33.8624], [151.1624, -33.8623], [151.1633, -33.8606], [151.1661, -33.859], [151.1693, -33.8578], [151.1687, -33.8558], [151.1708, -33.855], [151.1716, -33.8538], [151.1713, -33.8529], [151.1719, -33.853], [151.1729, -33.8537], [151.1747, -33.853], [151.1757, -33.8525], [151.1779, -33.8514], [151.1788, -33.8499], [151.1793, -33.8494], [151.1814, -33.8477], [151.1847, -33.8467], [151.1854, -33.846], [151.1863, -33.8465], [151.1872, -33.8434], [151.1844, -33.8424], [151.1839, -33.8422], [151.1832, -33.8416], [151.1825, -33.8415], [151.1815, -33.8423], [151.1743, -33.843], [151.1691, -33.8428], [151.1669, -33.8434], [151.1651, -33.8426], [151.1636, -33.8423], [151.1619, -33.8421], [151.1621, -33.8436], [151.1619, -33.8447], [151.1608, -33.8445], [151.1593, -33.843], [151.1585, -33.8428], [151.1584, -33.8415], [151.1583, -33.8409], [151.1578, -33.8406], [151.157, -33.8394], [151.1558, -33.8389], [151.155, -33.8388], [151.1532, -33.8378], [151.1525, -33.8369], [151.1513, -33.8377], [151.1498, -33.8372], [151.1486, -33.8395], [151.1472, -33.8405], [151.1457, -33.8412], [151.1444, -33.8405], [151.1435, -33.8401], [151.1431, -33.8413], [151.1412, -33.8422], [151.1396, -33.8415], [151.1382, -33.8421], [151.1374, -33.8424], [151.1378, -33.8429], [151.1383, -33.8436], [151.1386, -33.8443], [151.1373, -33.8447], [151.1361, -33.8448], [151.135, -33.8448], [151.1338, -33.8448], [151.1335, -33.8437], [151.1333, -33.8419], [151.133, -33.8409], [151.1325, -33.8408], [151.1316, -33.8407], [151.1302, -33.8412], [151.1288, -33.8417], [151.1279, -33.8414], [151.127, -33.84], [151.1262, -33.8386], [151.1256, -33.8395], [151.1258, -33.8409], [151.1252, -33.8418], [151.1246, -33.8411], [151.1243, -33.8401], [151.123, -33.8391], [151.1217, -33.8383], [151.1198, -33.838], [151.1199, -33.8363], [151.1212, -33.8351], [151.1204, -33.834], [151.1196, -33.8326], [151.119, -33.8334], [151.1185, -33.8353], [151.1173, -33.8367], [151.1152, -33.8369], [151.1148, -33.8351], [151.1162, -33.834], [151.1147, -33.8329], [151.1133, -33.8309], [151.1119, -33.8296], [151.1107, -33.8307], [151.1116, -33.8325], [151.1119, -33.8341], [151.111, -33.8347], [151.1095, -33.8354], [151.1087, -33.8356], [151.1083, -33.8341], [151.1088, -33.8327], [151.1078, -33.8309], [151.1055, -33.8308], [151.1038, -33.8303], [151.1023, -33.8304], [151.1014, -33.8307], [151.101, -33.8288], [151.1011, -33.8276], [151.1, -33.8252], [151.0989, -33.8242], [151.0977, -33.8236], [151.097, -33.8231], [151.0953, -33.8223], [151.0942, -33.8211], [151.0915, -33.8199], [151.0899, -33.821], [151.0886, -33.8208], [151.087, -33.8204], [151.0865, -33.8197], [151.0846, -33.8187], [151.0811, -33.8188], [151.0793, -33.8195], [151.0773, -33.8194], [151.0762, -33.8196], [151.0752, -33.819], [151.0745, -33.8184], [151.0731, -33.8188], [151.0729, -33.8181], [151.0724, -33.8174], [151.0713, -33.8174], [151.0712, -33.8171], [151.0699, -33.8165], [151.0681, -33.8182], [151.0676, -33.8204], [151.0662, -33.8224], [151.0651, -33.8232], [151.0626, -33.8236], [151.0596, -33.8233], [151.0551, -33.8237], [151.051, -33.8235], [151.0492, -33.8227], [151.0464, -33.8203], [151.0446, -33.8182], [151.0417, -33.8174], [151.0404, -33.8175], [151.0387, -33.8175], [151.037, -33.8186], [151.0335, -33.8181], [151.0302, -33.8175], [151.0276, -33.8171], [151.0266, -33.8162], [151.0267, -33.8146], [151.0252, -33.8143], [151.0222, -33.814], [151.0208, -33.8141], [151.019, -33.8154], [151.015, -33.8157], [151.0124, -33.8147], [151.0111, -33.8138]], [[151.1726, -33.8457], [151.1727, -33.8458], [151.1727, -33.8458], [151.1728, -33.8458], [151.1728, -33.8458], [151.1729, -33.8458], [151.173, -33.8457], [151.1731, -33.8457], [151.1731, -33.8458], [151.1733, -33.8458], [151.1733, -33.8458], [151.1734, -33.8458], [151.1734, -33.8458], [151.1736, -33.8459], [151.1737, -33.846], [151.1737, -33.846], [151.1742, -33.8472], [151.1744, -33.8471], [151.1746, -33.8476], [151.1752, -33.8486], [151.1752, -33.8486], [151.1751, -33.8486], [151.1745, -33.8489], [151.1736, -33.8487], [151.1724, -33.8483], [151.1721, -33.8483], [151.1721, -33.8483], [151.1725, -33.8485], [151.1736, -33.8489], [151.1737, -33.8489], [151.1737, -33.849], [151.1736, -33.849], [151.1737, -33.8491], [151.1737, -33.8492], [151.1737, -33.8493], [151.1735, -33.8492], [151.1734, -33.8494], [151.1735, -33.8494], [151.1734, -33.8495], [151.1733, -33.8495], [151.1733, -33.8495], [151.1728, -33.8496], [151.1728, -33.8495], [151.1727, -33.8495], [151.1727, -33.8494], [151.1725, -33.8494], [151.1725, -33.8494], [151.1724, -33.8494], [151.1724, -33.8493], [151.1724, -33.8488], [151.1721, -33.8488], [151.1721, -33.8492], [151.172, -33.8492], [151.172, -33.8491], [151.1718, -33.8491], [151.1719, -33.8492], [151.1714, -33.8492], [151.1713, -33.8493], [151.1712, -33.8494], [151.171, -33.8493], [151.1709, -33.8494], [151.1694, -33.849], [151.1694, -33.8489], [151.1691, -33.8488], [151.1691, -33.8488], [151.1691, -33.8488], [151.1691, -33.8487], [151.1694, -33.8487], [151.1711, -33.8485], [151.1715, -33.8484], [151.1715, -33.8483], [151.1711, -33.8483], [151.1693, -33.8485], [151.1689, -33.8485], [151.169, -33.8482], [151.1692, -33.8482], [151.1693, -33.8479], [151.1693, -33.8478], [151.1698, -33.8476], [151.1696, -33.8474], [151.1692, -33.8476], [151.1691, -33.8476], [151.1692, -33.8476], [151.1692, -33.8475], [151.1694, -33.8474], [151.1693, -33.8473], [151.1692, -33.8473], [151.1692, -33.8473], [151.1692, -33.8472], [151.1692, -33.8471], [151.1691, -33.8471], [151.1692, -33.8469], [151.1693, -33.8469], [151.1693, -33.8468], [151.1693, -33.8467], [151.1694, -33.8466], [151.1694, -33.8466], [151.1697, -33.8465], [151.1702, -33.8464], [151.1704, -33.8463], [151.1706, -33.8462], [151.1711, -33.8461], [151.1713, -33.8461], [151.1714, -33.8461], [151.1716, -33.846], [151.1717, -33.8461], [151.1726, -33.8457]], [[151.1644, -33.8495], [151.1643, -33.8496], [151.1641, -33.8498], [151.164, -33.8497], [151.164, -33.8498], [151.1639, -33.8497], [151.1638, -33.8497], [151.1637, -33.8496], [151.1637, -33.8495], [151.1637, -33.8494], [151.1636, -33.8493], [151.1631, -33.8491], [151.1629, -33.8491], [151.1625, -33.8488], [151.1624, -33.8486], [151.1623, -33.8486], [151.1623, -33.8486], [151.1623, -33.8485], [151.1623, -33.8485], [151.1623, -33.8485], [151.1623, -33.8485], [151.1624, -33.8484], [151.1625, -33.8484], [151.1627, -33.8484], [151.1628, -33.8484], [151.1628, -33.8484], [151.1628, -33.8484], [151.1634, -33.8487], [151.1634, -33.8487], [151.1635, -33.8487], [151.1635, -33.8487], [151.1636, -33.8487], [151.1636, -33.8487], [151.1647, -33.8483], [151.1648, -33.8482], [151.165, -33.848], [151.1652, -33.8479], [151.1652, -33.8479], [151.1652, -33.8479], [151.1653, -33.8478], [151.1654, -33.8479], [151.1655, -33.848], [151.1655, -33.848], [151.1655, -33.848], [151.1656, -33.8481], [151.1656, -33.8481], [151.1656, -33.8481], [151.1656, -33.8482], [151.1655, -33.8483], [151.1654, -33.8484], [151.1654, -33.8484], [151.1654, -33.8485], [151.1654, -33.8486], [151.1654, -33.8486], [151.1654, -33.8487], [151.1654, -33.8487], [151.1654, -33.8488], [151.1653, -33.8488], [151.1653, -33.8488], [151.1653, -33.8488], [151.1652, -33.8489], [151.1652, -33.8489], [151.1651, -33.8489], [151.1651, -33.849], [151.1652, -33.8491], [151.165, -33.8493], [151.1649, -33.8493], [151.1649, -33.8492], [151.1647, -33.8492], [151.1647, -33.8492], [151.1645, -33.8493], [151.1644, -33.8495]], [[151.0817, -33.844], [151.0817, -33.8439], [151.0817, -33.8438], [151.0817, -33.8438], [151.0817, -33.8437], [151.0817, -33.8436], [151.0817, -33.8434], [151.0817, -33.8433], [151.0817, -33.8432], [151.0816, -33.8431], [151.0816, -33.843], [151.0815, -33.8425], [151.0814, -33.8424], [151.0814, -33.8423], [151.0815, -33.8423], [151.0815, -33.8423], [151.0815, -33.8422], [151.0815, -33.8422], [151.0815, -33.8422], [151.0816, -33.8422], [151.0816, -33.8423], [151.0817, -33.8423], [151.0817, -33.8423], [151.0817, -33.8423], [151.0818, -33.8423], [151.0818, -33.8424], [151.0818, -33.8424], [151.0819, -33.8424], [151.0819, -33.8425], [151.0819, -33.8425], [151.082, -33.8426], [151.082, -33.8427], [151.082, -33.8428], [151.082, -33.8429], [151.0821, -33.843], [151.0821, -33.8431], [151.0821, -33.8434], [151.0821, -33.8435], [151.0821, -33.8436], [151.082, -33.8437], [151.082, -33.8438], [151.082, -33.8439], [151.0819, -33.844], [151.0819, -33.8441], [151.0819, -33.8441], [151.0818, -33.8441], [151.0818, -33.8441], [151.0818, -33.8441], [151.0818, -33.844], [151.0817, -33.844], [151.0817, -33.844]], [[151.1527, -33.8638], [151.1527, -33.8637], [151.1527, -33.8637], [151.1526, -33.8637], [151.1526, -33.8637], [151.1526, -33.8637], [151.1526, -33.8636], [151.1526, -33.8636], [151.1526, -33.8636], [151.1526, -33.8636], [151.1526, -33.8635], [151.1526, -33.8635], [151.1527, -33.8635], [151.1528, -33.8633], [151.1528, -33.8633], [151.1529, -33.8633], [151.1529, -33.8633], [151.1529, -33.8632], [151.1529, -33.8632], [151.153, -33.8632], [151.153, -33.8632], [151.153, -33.8632], [151.1531, -33.8632], [151.1531, -33.8631], [151.1531, -33.8631], [151.1532, -33.8631], [151.1532, -33.8631], [151.1537, -33.8633], [151.1537, -33.8633], [151.1537, -33.8633], [151.1537, -33.8633], [151.1537, -33.8633], [151.1537, -33.8633], [151.1538, -33.8633], [151.1538, -33.8634], [151.1538, -33.8635], [151.1538, -33.8635], [151.1538, -33.8635], [151.1538, -33.8635], [151.1538, -33.8635], [151.1538, -33.8636], [151.1537, -33.8636], [151.1537, -33.8636], [151.1537, -33.8636], [151.1537, -33.8636], [151.1537, -33.8637], [151.1537, -33.8637], [151.1537, -33.8637], [151.1537, -33.8637], [151.1537, -33.8637], [151.1537, -33.8638], [151.1537, -33.8638], [151.1537, -33.8638], [151.1538, -33.8638], [151.1538, -33.8638], [151.1538, -33.8638], [151.1537, -33.8638], [151.1537, -33.8638], [151.1537, -33.8639], [151.1537, -33.8639], [151.1537, -33.8639], [151.1537, -33.8639], [151.1537, -33.8639], [151.1536, -33.8639], [151.1536, -33.8639], [151.1536, -33.8639], [151.1536, -33.8639], [151.1536, -33.8639], [151.1536, -33.8639], [151.1535, -33.8639], [151.1535, -33.8639], [151.1535, -33.8639], [151.1534, -33.8639], [151.1534, -33.8639], [151.1534, -33.8639], [151.1534, -33.8639], [151.1534, -33.8639], [151.1533, -33.8639], [151.1533, -33.8639], [151.1533, -33.8639], [151.1533, -33.8639], [151.1533, -33.8639], [151.1532, -33.8639], [151.1531, -33.8639], [151.1531, -33.8639], [151.153, -33.8639], [151.1529, -33.8639], [151.1529, -33.8639], [151.1529, -33.8639], [151.1529, -33.8638], [151.1529, -33.8638], [151.1528, -33.8638], [151.1528, -33.8638], [151.1529, -33.8638], [151.1529, -33.8638], [151.1529, -33.8638], [151.1528, -33.8638], [151.1528, -33.8638], [151.1528, -33.8638], [151.1527, -33.8638], [151.1527, -33.8638], [151.1527, -33.8638]], [[151.1671, -33.8519], [151.1671, -33.8519], [151.1671, -33.8518], [151.1672, -33.8518], [151.1672, -33.8518], [151.1672, -33.8518], [151.1673, -33.8519], [151.1673, -33.8519], [151.1673, -33.8519], [151.1673, -33.8519], [151.1673, -33.8519], [151.1673, -33.852], [151.1674, -33.852], [151.1674, -33.852], [151.1674, -33.852], [151.1674, -33.852], [151.1673, -33.852], [151.1672, -33.8523], [151.167, -33.8525], [151.1667, -33.8527], [151.1665, -33.8525], [151.1666, -33.8523], [151.1666, -33.8522], [151.1667, -33.8521], [151.1667, -33.8521], [151.1668, -33.852], [151.167, -33.8519], [151.167, -33.8519], [151.1671, -33.8519], [151.1671, -33.8519], [151.1671, -33.8519], [151.1671, -33.8519]]]}}, {"type": "Feature", "properties": {}, "geometry": {"type": "Polygon", "coordinates": [[[151.1662, -33.9465], [151.1652, -33.9461], [151.1631, -33.945], [151.1621, -33.9446], [151.1616, -33.9444], [151.1614, -33.9441], [151.1614, -33.9436], [151.1616, -33.9431], [151.162, -33.9415], [151.1622, -33.9405], [151.1624, -33.9398], [151.1624, -33.9396], [151.1625, -33.9394], [151.1626, -33.9389], [151.1628, -33.9383], [151.1628, -33.9377], [151.1628, -33.9371], [151.1626, -33.9364], [151.1626, -33.936], [151.1625, -33.9356], [151.1622, -33.9343], [151.1621, -33.9335], [151.1614, -33.9325], [151.1608, -33.9322], [151.1603, -33.9321], [151.16, -33.932], [151.1597, -33.9319], [151.1591, -33.9317], [151.1585, -33.9315], [151.158, -33.9313], [151.1577, -33.9311], [151.1575, -33.9308], [151.1576, -33.9306], [151.1579, -33.9302], [151.1582, -33.9298], [151.1585, -33.9294], [151.1586, -33.9292], [151.1594, -33.9282], [151.1589, -33.9274], [151.1586, -33.9273], [151.1576, -33.9286], [151.1572, -33.9284], [151.1572, -33.9283], [151.1572, -33.928], [151.1569, -33.9275], [151.1567, -33.927], [151.1564, -33.9265], [151.156, -33.9262], [151.1556, -33.9258], [151.1554, -33.9253], [151.1555, -33.9248], [151.1556, -33.9244], [151.1555, -33.9243], [151.1555, -33.924], [151.1553, -33.9238], [151.155, -33.9235], [151.1541, -33.9229], [151.1534, -33.9226], [151.1533, -33.9223], [151.1532, -33.9223], [151.1532, -33.9225], [151.153, -33.9226], [151.1526, -33.9226], [151.1519, -33.9227], [151.1513, -33.9228], [151.1509, -33.9228], [151.1506, -33.9228], [151.1499, -33.9225], [151.1495, -33.9221], [151.1492, -33.9218], [151.1487, -33.9215], [151.1484, -33.9212], [151.1479, -33.921], [151.1475, -33.9209], [151.1473, -33.9208], [151.1472, -33.9208], [151.1469, -33.9208], [151.1469, -33.9209], [151.1467, -33.921], [151.1461, -33.9213], [151.1458, -33.9216], [151.1452, -33.922], [151.1448, -33.9222], [151.1442, -33.9223], [151.1434, -33.9225], [151.1426, -33.9225], [151.1419, -33.9225], [151.1412, -33.9225], [151.1406, -33.9223], [151.14, -33.922], [151.1393, -33.9217], [151.1381, -33.9214], [151.1375, -33.9212], [151.1371, -33.9208], [151.1371, -33.9202], [151.1371, -33.9199], [151.1373, -33.9196], [151.1378, -33.9193], [151.1382, -33.9191], [151.1391, -33.9187], [151.1395, -33.9182], [151.1397, -33.9179], [151.1399, -33.9175], [151.1403, -33.9171], [151.1404, -33.9166], [151.1402, -33.916], [151.1401, -33.9158], [151.1398, -33.9156], [151.1392, -33.9153], [151.1385, -33.915], [151.1378, -33.9147], [151.1372, -33.9143], [151.137, -33.914], [151.1366, -33.9135], [151.1363, -33.9132], [151.1359, -33.913], [151.1357, -33.913], [151.1353, -33.9129], [151.135, -33.913], [151.1345, -33.9131], [151.1342, -33.9133], [151.1338, -33.9136], [151.1336, -33.9139], [151.1333, -33.9142], [151.1328, -33.9147], [151.1324, -33.9151], [151.1321, -33.9153], [151.1317, -33.9155], [151.1305, -33.9159], [151.1301, -33.916], [151.1299, -33.916], [151.1297, -33.9159], [151.1286, -33.9154], [151.1285, -33.9153], [151.128, -33.915], [151.1269, -33.9148], [151.1266, -33.9147], [151.1258, -33.9146], [151.1249, -33.9145], [151.1242, -33.9143], [151.1235, -33.9142], [151.1237, -33.914], [151.1233, -33.9139], [151.1231, -33.9139], [151.1232, -33.9142], [151.1232, -33.9142], [151.1226, -33.9142], [151.1211, -33.9143], [151.1205, -33.9144], [151.1199, -33.9144], [151.1193, -33.9143], [151.1186, -33.9141], [151.1182, -33.9139], [151.1168, -33.9126], [151.1155, -33.9112], [151.1153, -33.9108], [151.1154, -33.9104], [151.1157, -33.91], [151.1158, -33.9096], [151.1159, -33.9094], [151.1158, -33.9091], [151.1157, -33.9088], [151.1154, -33.9086], [151.1143, -33.908], [151.113, -33.9073], [151.1126, -33.907], [151.1122, -33.9065], [151.1118, -33.9058], [151.1112, -33.9045], [151.1107, -33.9036], [151.1104, -33.9031], [151.1102, -33.9029], [151.1099, -33.9027], [151.1096, -33.9025], [151.1086, -33.902], [151.108, -33.9017], [151.1075, -33.9016], [151.1073, -33.9016], [151.1068, -33.9016], [151.1057, -33.9017], [151.1047, -33.9019], [151.1042, -33.9019], [151.1038, -33.9021], [151.1033, -33.9024], [151.1026, -33.9028], [151.102, -33.9029], [151.1016, -33.9029], [151.1012, -33.9029], [151.1005, -33.9026], [151.1002, -33.9026], [151.0998, -33.9026], [151.0993, -33.9027], [151.099, -33.9029], [151.0986, -33.9031], [151.0979, -33.9034], [151.0976, -33.9035], [151.0971, -33.9036], [151.0969, -33.9037], [151.0972, -33.9037], [151.0978, -33.9037], [151.0983, -33.9035], [151.099, -33.9031], [151.0995, -33.9029], [151.1001, -33.9028], [151.1006, -33.9029], [151.1012, -33.9031], [151.1016, -33.9032], [151.1019, -33.9032], [151.1022, -33.9032], [151.1028, -33.9029], [151.1037, -33.9025], [151.1043, -33.9022], [151.1045, -33.9021], [151.1052, -33.9021], [151.1063, -33.9021], [151.1073, -33.902], [151.1078, -33.9021], [151.1082, -33.9022], [151.1085, -33.9024], [151.1089, -33.9026], [151.1092, -33.9027], [151.1094, -33.9029], [151.1098, -33.9031], [151.1101, -33.9034], [151.1103, -33.9037], [151.1106, -33.9044], [151.1108, -33.9048], [151.1113, -33.9057], [151.1116, -33.9064], [151.1119, -33.9068], [151.112, -33.907], [151.1124, -33.9074], [151.1131, -33.9078], [151.1138, -33.9082], [151.1151, -33.9089], [151.1154, -33.9093], [151.1155, -33.9094], [151.1154, -33.9098], [151.1151, -33.91], [151.115, -33.9102], [151.1149, -33.9105], [151.1148, -33.9108], [151.1148, -33.9109], [151.1149, -33.9112], [151.1151, -33.9115], [151.1156, -33.9121], [151.1161, -33.9125], [151.1169, -33.9133], [151.1172, -33.9136], [151.1176, -33.914], [151.1178, -33.9142], [151.1184, -33.9145], [151.1186, -33.9146], [151.1192, -33.9148], [151.1197, -33.9149], [151.1204, -33.9149], [151.1208, -33.9148], [151.1225, -33.9147], [151.123, -33.9147], [151.1233, -33.9147], [151.1244, -33.9148], [151.1259, -33.9151], [151.1266, -33.9152], [151.1275, -33.9154], [151.1283, -33.9157], [151.1288, -33.916], [151.1297, -33.9164], [151.1302, -33.9165], [151.1308, -33.9163], [151.1311, -33.9162], [151.1317, -33.916], [151.132, -33.9159], [151.1327, -33.9155], [151.133, -33.9153], [151.1332, -33.9151], [151.1333, -33.9149], [151.1336, -33.9146], [151.1338, -33.9144], [151.1342, -33.914], [151.1345, -33.9137], [151.1348, -33.9135], [151.1352, -33.9134], [151.1359, -33.9134], [151.1361, -33.9135], [151.1363, -33.9139], [151.1368, -33.9145], [151.1371, -33.9148], [151.1376, -33.9152], [151.1382, -33.9154], [151.1386, -33.9156], [151.1392, -33.9158], [151.1395, -33.916], [151.1398, -33.9163], [151.1398, -33.9166], [151.1397, -33.9171], [151.1395, -33.9174], [151.1392, -33.9178], [151.1388, -33.9183], [151.1382, -33.9187], [151.1375, -33.9189], [151.1371, -33.9191], [151.1368, -33.9193], [151.1365, -33.92], [151.1365, -33.9207], [151.1367, -33.9211], [151.1372, -33.9216], [151.1377, -33.9217], [151.1385, -33.922], [151.1392, -33.9222], [151.14, -33.9225], [151.1407, -33.9228], [151.1415, -33.923], [151.1419, -33.923], [151.143, -33.9229], [151.1438, -33.9229], [151.1446, -33.9227], [151.1456, -33.9223], [151.1466, -33.9216], [151.1468, -33.9215], [151.1471, -33.9214], [151.1475, -33.9214], [151.1479, -33.9215], [151.1486, -33.922], [151.1489, -33.9222], [151.1492, -33.9225], [151.1497, -33.923], [151.1502, -33.9232], [151.1508, -33.9233], [151.1512, -33.9233], [151.1519, -33.9232], [151.1522, -33.9231], [151.153, -33.923], [151.1534, -33.9231], [151.1542, -33.9235], [151.1547, -33.9238], [151.155, -33.9242], [151.155, -33.9243], [151.1549, -33.9248], [151.1549, -33.9255], [151.1549, -33.9258], [151.1551, -33.9263], [151.1554, -33.9267], [151.1554, -33.927], [151.156, -33.9282], [151.1568, -33.9292], [151.1569, -33.9295], [151.1563, -33.9302], [151.1559, -33.9307], [151.1558, -33.931], [151.1559, -33.9314], [151.1562, -33.9319], [151.1565, -33.9321], [151.1574, -33.9325], [151.1585, -33.9329], [151.1598, -33.9333], [151.1603, -33.9337], [151.1606, -33.9341], [151.1607, -33.9346], [151.1609, -33.9356], [151.161, -33.9362], [151.1612, -33.9371], [151.1613, -33.9377], [151.1612, -33.9382], [151.1611, -33.9388], [151.161, -33.9393], [151.1609, -33.9397], [151.1606, -33.9408], [151.1603, -33.9418], [151.1601, -33.9426], [151.16, -33.943], [151.1599, -33.9434], [151.1598, -33.9442], [151.16, -33.9446], [151.1602, -33.945], [151.1605, -33.9453], [151.1606, -33.9455], [151.1612, -33.9459], [151.1614, -33.9459], [151.1616, -33.946], [151.1622, -33.9462], [151.1636, -33.9467], [151.1646, -33.947], [151.1653, -33.9473], [151.1657, -33.9475], [151.1661, -33.9478], [151.1667, -33.9483], [151.1671, -33.9487], [151.1675, -33.9492], [151.1679, -33.9496], [151.168, -33.9496], [151.1687, -33.9498], [151.1688, -33.9494], [151.1686, -33.9488], [151.1686, -33.9485], [151.1685, -33.9482], [151.1683, -33.948], [151.168, -33.9477], [151.1677, -33.9475], [151.1673, -33.947], [151.167, -33.9467], [151.1662, -33.9465]]]}}, {"type": "Feature", "properties": {}, "geometry": {"type": "Polygon", "coordinates": [[[151.0409, -33.9424], [151.0408, -33.9424], [151.0408, -33.9423], [151.0407, -33.9423], [151.0408, -33.9425], [151.0408, -33.9428], [151.0409, -33.9431], [151.041, -33.9435], [151.0412, -33.9438], [151.0414, -33.9442], [151.0417, -33.9448], [151.042, -33.9461], [151.042, -33.9463], [151.042, -33.9465], [151.042, -33.9466], [151.0421, -33.9466], [151.0425, -33.9468], [151.0427, -33.947], [151.0429, -33.9472], [151.043, -33.9475], [151.0429, -33.9477], [151.0428, -33.9479], [151.0425, -33.9481], [151.0425, -33.9483], [151.0424, -33.9485], [151.0423, -33.9486], [151.0422, -33.9487], [151.042, -33.949], [151.042, -33.949], [151.042, -33.9492], [151.042, -33.9495], [151.042, -33.9496], [151.0421, -33.95], [151.042, -33.9504], [151.0421, -33.9503], [151.0421, -33.9502], [151.0423, -33.9502], [151.0423, -33.9506], [151.0423, -33.9509], [151.0422, -33.9509], [151.042, -33.9508], [151.042, -33.9506], [151.042, -33.9506], [151.0418, -33.9512], [151.0418, -33.9512], [151.0417, -33.9513], [151.0415, -33.9514], [151.0413, -33.9513], [151.0412, -33.9513], [151.0412, -33.9514], [151.0413, -33.9515], [151.0414, -33.9516], [151.0416, -33.9517], [151.0421, -33.952], [151.0421, -33.9523], [151.0412, -33.9524], [151.0413, -33.9526], [151.0415, -33.9528], [151.0417, -33.953], [151.0418, -33.9532], [151.0417, -33.9534], [151.0416, -33.9538], [151.0415, -33.9539], [151.0413, -33.9544], [151.0413, -33.9547], [151.0414, -33.9549], [151.0414, -33.9549], [151.0413, -33.955], [151.0413, -33.9551], [151.0413, -33.9554], [151.0413, -33.9555], [151.0413, -33.9557], [151.0414, -33.9558], [151.0413, -33.956], [151.0413, -33.9562], [151.0412, -33.9563], [151.0412, -33.9563], [151.0411, -33.9564], [151.0411, -33.9565], [151.0411, -33.9571], [151.0412, -33.9572], [151.0414, -33.9572], [151.0415, -33.9573], [151.0415, -33.9574], [151.0416, -33.9574], [151.0416, -33.9577], [151.0416, -33.9578], [151.0415, -33.9579], [151.0415, -33.9579], [151.0414, -33.9581], [151.0412, -33.9585], [151.0411, -33.9586], [151.0411, -33.9587], [151.041, -33.9589], [151.0408, -33.9591], [151.0404, -33.9595], [151.0404, -33.9598], [151.0404, -33.9601], [151.0403, -33.9603], [151.0404, -33.9605], [151.0404, -33.9611], [151.0405, -33.9613], [151.0406, -33.9616], [151.0406, -33.9617], [151.0406, -33.9617], [151.0406, -33.9619], [151.0405, -33.9623], [151.0404, -33.9624], [151.0403, -33.9626], [151.0402, -33.9626], [151.0406, -33.9633], [151.0408, -33.9635], [151.0409, -33.9635], [151.041, -33.9634], [151.0411, -33.9634], [151.0412, -33.9634], [151.0415, -33.9634], [151.0415, -33.9635], [151.0416, -33.9636], [151.0416, -33.9637], [151.0415, -33.9639], [151.0414, -33.9639], [151.0413, -33.9641], [151.0414, -33.9642], [151.0415, -33.9642], [151.0416, -33.9644], [151.0417, -33.9645], [151.0418, -33.9648], [151.0418, -33.9649], [151.0418, -33.965], [151.0417, -33.9652], [151.0417, -33.9653], [151.0421, -33.9658], [151.0423, -33.966], [151.0428, -33.9667], [151.0432, -33.9674], [151.0434, -33.9676], [151.0437, -33.968], [151.0438, -33.9681], [151.044, -33.9682], [151.0441, -33.9684], [151.0443, -33.9686], [151.0445, -33.9689], [151.0446, -33.9693], [151.0446, -33.9695], [151.0445, -33.9698], [151.0444, -33.9699], [151.0443, -33.9701], [151.044, -33.9703], [151.0437, -33.9704], [151.0435, -33.9704], [151.0432, -33.9704], [151.0428, -33.9704], [151.0425, -33.9704], [151.0423, -33.9706], [151.0422, -33.9708], [151.042, -33.9709], [151.0419, -33.971], [151.0413, -33.9713], [151.0411, -33.9715], [151.0411, -33.9716], [151.0412, -33.9719], [151.0413, -33.9721], [151.0414, -33.9723], [151.0415, -33.9725], [151.0415, -33.9725], [151.0415, -33.9726], [151.0415, -33.9727], [151.0414, -33.9728], [151.0413, -33.9731], [151.0412, -33.9732], [151.0412, -33.9732], [151.0411, -33.9733], [151.0401, -33.9737], [151.0397, -33.9739], [151.0396, -33.974], [151.0395, -33.974], [151.0392, -33.9742], [151.0389, -33.9744], [151.0384, -33.9747], [151.0381, -33.9747], [151.0379, -33.9747], [151.0377, -33.9747], [151.0373, -33.9746], [151.0373, -33.9746], [151.0368, -33.9746], [151.0366, -33.9746], [151.0363, -33.9746], [151.036, -33.9747], [151.0358, -33.9748], [151.0363, -33.9765], [151.0372, -33.9787], [151.0372, -33.9788], [151.0372, -33.9787], [151.0373, -33.9785], [151.0378, -33.9779], [151.0378, -33.9779], [151.0381, -33.9777], [151.0383, -33.9774], [151.0384, -33.9773], [151.0387, -33.9769], [151.0388, -33.9767], [151.039, -33.9765], [151.0394, -33.9762], [151.0395, -33.9761], [151.0395, -33.9761], [151.04, -33.9757], [151.0402, -33.9756], [151.0404, -33.9755], [151.0405, -33.9754], [151.0407, -33.9754], [151.0412, -33.9753], [151.0415, -33.9752], [151.0418, -33.9751], [151.0419, -33.9751], [151.042, -33.975], [151.0422, -33.9748], [151.0423, -33.9746], [151.0424, -33.9744], [151.0425, -33.9742], [151.0426, -33.9741], [151.0428, -33.9738], [151.0432, -33.9734], [151.0436, -33.9731], [151.0437, -33.973], [151.0437, -33.9729], [151.0437, -33.9725], [151.0438, -33.9721], [151.0439, -33.9719], [151.0441, -33.9719], [151.0444, -33.9718], [151.0446, -33.9718], [151.0454, -33.9716], [151.0459, -33.9713], [151.0461, -33.9711], [151.0463, -33.9709], [151.0464, -33.9709], [151.0465, -33.9705], [151.0465, -33.9703], [151.0466, -33.97], [151.0465, -33.9697], [151.0465, -33.9694], [151.0465, -33.9692], [151.0467, -33.9687], [151.0467, -33.9687], [151.0467, -33.9684], [151.0466, -33.9683], [151.0464, -33.968], [151.0457, -33.9676], [151.0455, -33.9674], [151.0454, -33.9672], [151.0455, -33.9669], [151.0456, -33.9667], [151.0462, -33.9663], [151.0464, -33.9663], [151.0464, -33.9662], [151.0465, -33.9661], [151.0463, -33.966], [151.0462, -33.966], [151.0459, -33.966], [151.0456, -33.9659], [151.0453, -33.9657], [151.045, -33.9655], [151.0448, -33.9654], [151.0445, -33.9652], [151.0443, -33.9651], [151.0441, -33.965], [151.044, -33.965], [151.0439, -33.9649], [151.0437, -33.9645], [151.0437, -33.9643], [151.0436, -33.9641], [151.0435, -33.9639], [151.0434, -33.9636], [151.0432, -33.9632], [151.0432, -33.963], [151.0432, -33.9629], [151.043, -33.9628], [151.043, -33.9628], [151.0428, -33.9629], [151.0427, -33.9629], [151.0426, -33.963], [151.0424, -33.9631], [151.0423, -33.9631], [151.0422, -33.9629], [151.0422, -33.9626], [151.0423, -33.9626], [151.0424, -33.9625], [151.0425, -33.9624], [151.0425, -33.9622], [151.0425, -33.9618], [151.0424, -33.9615], [151.0424, -33.9614], [151.0423, -33.9613], [151.0422, -33.9611], [151.0422, -33.9609], [151.0421, -33.9607], [151.042, -33.9605], [151.042, -33.9604], [151.042, -33.9602], [151.0422, -33.9599], [151.0424, -33.9597], [151.0425, -33.9595], [151.0426, -33.9594], [151.0427, -33.9593], [151.0428, -33.9591], [151.0432, -33.9591], [151.0433, -33.959], [151.043, -33.959], [151.0429, -33.9589], [151.043, -33.9587], [151.0427, -33.9585], [151.0426, -33.9583], [151.0426, -33.9582], [151.0428, -33.9579], [151.0428, -33.9578], [151.0426, -33.9577], [151.0426, -33.9576], [151.0424, -33.9576], [151.0424, -33.9575], [151.0424, -33.9573], [151.0425, -33.9572], [151.0426, -33.9571], [151.0425, -33.957], [151.0425, -33.9569], [151.0424, -33.9568], [151.0423, -33.9567], [151.0422, -33.9564], [151.0421, -33.9562], [151.0422, -33.9561], [151.0423, -33.9561], [151.0423, -33.956], [151.0424, -33.956], [151.0422, -33.9559], [151.0422, -33.9558], [151.0423, -33.9558], [151.0423, -33.9557], [151.0426, -33.9556], [151.0426, -33.9555], [151.0427, -33.9554], [151.0427, -33.9553], [151.0424, -33.9552], [151.0424, -33.955], [151.0424, -33.9548], [151.0425, -33.9548], [151.0426, -33.9547], [151.0429, -33.9547], [151.0429, -33.9546], [151.0425, -33.9544], [151.0424, -33.9543], [151.0425, -33.9541], [151.0424, -33.9539], [151.0425, -33.9538], [151.0425, -33.9537], [151.0425, -33.9535], [151.0427, -33.9533], [151.0427, -33.9531], [151.0427, -33.9529], [151.0426, -33.9526], [151.0425, -33.9523], [151.0425, -33.9521], [151.0425, -33.952], [151.0425, -33.9519], [151.0425, -33.9517], [151.0425, -33.9514], [151.0427, -33.9512], [151.0428, -33.9511], [151.0431, -33.951], [151.0431, -33.9509], [151.0431, -33.9506], [151.0431, -33.9505], [151.0431, -33.9504], [151.043, -33.9503], [151.043, -33.9502], [151.043, -33.95], [151.043, -33.95], [151.0429, -33.9499], [151.0428, -33.9498], [151.0427, -33.95], [151.0425, -33.9501], [151.0424, -33.9498], [151.0424, -33.9495], [151.0424, -33.9493], [151.0424, -33.949], [151.0427, -33.9486], [151.043, -33.9481], [151.0431, -33.9481], [151.0432, -33.9479], [151.0432, -33.9476], [151.0432, -33.9472], [151.0427, -33.9466], [151.0424, -33.9462], [151.0423, -33.9457], [151.0422, -33.9452], [151.042, -33.9445], [151.0413, -33.9432], [151.0411, -33.9426], [151.0411, -33.9423], [151.041, -33.9424], [151.041, -33.9425], [151.0409, -33.9424]]]}}, {"type": "Feature", "properties": {}, "geometry": {"type": "Polygon", "coordinates": [[[151.0808, -33.8397], [151.0804, -33.8396], [151.0801, -33.8396], [151.0801, -33.8397], [151.0801, -33.8397], [151.0801, -33.84], [151.0801, -33.84], [151.0801, -33.8401], [151.0801, -33.8404], [151.0801, -33.8406], [151.0801, -33.8407], [151.0801, -33.8408], [151.0801, -33.841], [151.0801, -33.8411], [151.0801, -33.8412], [151.0801, -33.8413], [151.0801, -33.8414], [151.0801, -33.8417], [151.08, -33.8417], [151.08, -33.8419], [151.08, -33.842], [151.08, -33.8421], [151.08, -33.8422], [151.08, -33.8425], [151.08, -33.8426], [151.08, -33.8427], [151.0799, -33.8431], [151.0799, -33.8432], [151.0799, -33.8433], [151.0799, -33.8435], [151.0799, -33.8438], [151.0799, -33.8441], [151.0799, -33.8441], [151.0799, -33.8442], [151.0799, -33.8443], [151.0799, -33.8446], [151.0799, -33.8447], [151.0799, -33.8449], [151.0799, -33.8451], [151.0799, -33.8453], [151.0799, -33.8455], [151.08, -33.8457], [151.08, -33.8459], [151.0801, -33.8461], [151.0801, -33.8463], [151.0801, -33.8464], [151.0801, -33.8464], [151.0802, -33.8464], [151.0802, -33.8465], [151.0802, -33.8465], [151.0802, -33.8466], [151.0803, -33.8466], [151.0803, -33.8467], [151.0804, -33.8468], [151.0804, -33.8468], [151.0804, -33.8469], [151.0804, -33.8469], [151.0804, -33.847], [151.0805, -33.847], [151.0805, -33.8471], [151.0805, -33.8472], [151.0805, -33.8473], [151.0805, -33.8475], [151.0805, -33.8477], [151.0805, -33.8477], [151.0805, -33.8478], [151.0805, -33.8479], [151.0805, -33.8479], [151.0805, -33.848], [151.0806, -33.8482], [151.0806, -33.8483], [151.0807, -33.8485], [151.0808, -33.8487], [151.0808, -33.8488], [151.0809, -33.8489], [151.0809, -33.849], [151.081, -33.8491], [151.081, -33.8493], [151.0811, -33.8494], [151.0811, -33.8496], [151.0811, -33.8496], [151.0811, -33.8497], [151.0811, -33.8498], [151.0811, -33.8499], [151.0812, -33.85], [151.0812, -33.85], [151.0813, -33.8501], [151.0813, -33.8502], [151.0813, -33.8502], [151.0813, -33.8503], [151.0814, -33.8504], [151.0814, -33.8504], [151.0814, -33.8506], [151.0814, -33.8506], [151.0814, -33.8507], [151.0814, -33.8508], [151.0815, -33.8509], [151.0815, -33.8509], [151.0815, -33.851], [151.0815, -33.851], [151.0816, -33.8511], [151.0817, -33.8511], [151.0817, -33.8512], [151.0817, -33.8513], [151.0818, -33.8513], [151.0818, -33.8515], [151.0818, -33.8516], [151.0819, -33.8516], [151.0819, -33.8517], [151.082, -33.8519], [151.082, -33.852], [151.0827, -33.8541], [151.0834, -33.8563], [151.084, -33.8582], [151.0841, -33.8584], [151.0842, -33.8584], [151.0842, -33.8584], [151.0842, -33.8583], [151.0842, -33.8581], [151.0839, -33.8572], [151.0832, -33.855], [151.0825, -33.8528], [151.0821, -33.8517], [151.082, -33.8512], [151.082, -33.8511], [151.0819, -33.851], [151.0819, -33.8509], [151.0819, -33.8509], [151.0819, -33.8507], [151.0819, -33.8507], [151.0818, -33.8506], [151.0818, -33.8504], [151.0817, -33.8503], [151.0817, -33.8502], [151.0817, -33.8501], [151.0817, -33.8501], [151.0816, -33.85], [151.0816, -33.85], [151.0816, -33.8499], [151.0815, -33.8499], [151.0815, -33.8499], [151.0814, -33.8496], [151.0814, -33.8494], [151.0814, -33.8494], [151.0813, -33.8493], [151.0813, -33.8493], [151.0813, -33.8492], [151.0813, -33.8491], [151.0813, -33.849], [151.0813, -33.8489], [151.0813, -33.8488], [151.0813, -33.8488], [151.0813, -33.8488], [151.0812, -33.8487], [151.0812, -33.8487], [151.0812, -33.8487], [151.0812, -33.8486], [151.0812, -33.8486], [151.0812, -33.8485], [151.0812, -33.8485], [151.0812, -33.8484], [151.0812, -33.8483], [151.0812, -33.8483], [151.0812, -33.8483], [151.0812, -33.8482], [151.0812, -33.8482], [151.0812, -33.8481], [151.0811, -33.848], [151.0811, -33.8479], [151.0811, -33.8478], [151.0811, -33.8478], [151.081, -33.8477], [151.081, -33.8476], [151.081, -33.8475], [151.081, -33.8475], [151.0809, -33.8473], [151.0808, -33.8472], [151.0808, -33.8472], [151.0808, -33.8471], [151.0808, -33.847], [151.0807, -33.8469], [151.0807, -33.8468], [151.0807, -33.8465], [151.0806, -33.8464], [151.0806, -33.8464], [151.0806, -33.8463], [151.0806, -33.8462], [151.0805, -33.8461], [151.0805, -33.846], [151.0805, -33.8459], [151.0805, -33.8459], [151.0805, -33.8458], [151.0805, -33.8457], [151.0805, -33.8457], [151.0805, -33.8456], [151.0805, -33.8455], [151.0805, -33.8454], [151.0805, -33.8454], [151.0805, -33.8453], [151.0805, -33.8451], [151.0805, -33.8449], [151.0805, -33.8448], [151.0805, -33.8447], [151.0805, -33.8445], [151.0805, -33.8443], [151.0805, -33.8441], [151.0805, -33.8438], [151.0805, -33.8437], [151.0805, -33.8436], [151.0805, -33.8434], [151.0805, -33.8433], [151.0805, -33.843], [151.0805, -33.8429], [151.0804, -33.8427], [151.0804, -33.8426], [151.0804, -33.8424], [151.0804, -33.8423], [151.0804, -33.8422], [151.0804, -33.8422], [151.0805, -33.8421], [151.0805, -33.842], [151.0805, -33.842], [151.0806, -33.8419], [151.0806, -33.8419], [151.0806, -33.8418], [151.0806, -33.8418], [151.0807, -33.8417], [151.0807, -33.8415], [151.0807, -33.8415], [151.0807, -33.8412], [151.0807, -33.8409], [151.0807, -33.8408], [151.0807, -33.8407], [151.0807, -33.8406], [151.0807, -33.8404], [151.0807, -33.8403], [151.0807, -33.8401], [151.0807, -33.84], [151.0807, -33.8399], [151.0807, -33.8398], [151.0808, -33.8398], [151.0808, -33.8398], [151.0808, -33.8397], [151.0808, -33.8397], [151.0808, -33.8397]]]}}, {"type": "Feature", "properties": {}, "geometry": {"type": "Polygon", "coordinates": [[[150.7009, -33.6098], [150.6992, -33.611], [150.6993, -33.6119], [150.6993, -33.6128], [150.6992, -33.6132], [150.699, -33.6135], [150.6984, -33.6138], [150.6979, -33.614], [150.6976, -33.614], [150.6966, -33.6143], [150.6951, -33.6154], [150.694, -33.6159], [150.6917, -33.6172], [150.6888, -33.6187], [150.6885, -33.6191], [150.6886, -33.6195], [150.6896, -33.6195], [150.6893, -33.6197], [150.6887, -33.62], [150.6877, -33.6199], [150.687, -33.62], [150.6864, -33.6204], [150.6857, -33.6209], [150.6847, -33.6217], [150.6839, -33.6224], [150.6834, -33.6229], [150.6827, -33.6234], [150.6824, -33.6236], [150.6818, -33.6243], [150.6802, -33.6254], [150.6791, -33.6267], [150.6778, -33.628], [150.677, -33.6295], [150.6755, -33.6333], [150.6745, -33.6355], [150.6741, -33.6365], [150.6736, -33.6375], [150.6731, -33.6386], [150.6726, -33.6394], [150.6717, -33.6409], [150.6711, -33.6423], [150.6703, -33.6439], [150.6684, -33.6486], [150.6676, -33.6514], [150.6674, -33.6519], [150.667, -33.6527], [150.6669, -33.6536], [150.6669, -33.6542], [150.6673, -33.6544], [150.667, -33.6546], [150.6669, -33.6551], [150.6665, -33.6556], [150.6665, -33.6559], [150.6665, -33.6562], [150.6661, -33.6572], [150.6659, -33.6579], [150.6657, -33.6585], [150.6648, -33.6595], [150.6641, -33.6606], [150.6648, -33.6604], [150.6648, -33.6599], [150.665, -33.6597], [150.6655, -33.6591], [150.6661, -33.6586], [150.6669, -33.6578], [150.6666, -33.6574], [150.667, -33.6575], [150.6672, -33.6578], [150.6674, -33.6591], [150.6672, -33.6598], [150.6672, -33.6604], [150.6674, -33.6608], [150.6675, -33.6616], [150.6677, -33.6636], [150.6678, -33.6644], [150.6675, -33.6646], [150.6675, -33.665], [150.6674, -33.6654], [150.6672, -33.6658], [150.6666, -33.6667], [150.6653, -33.6678], [150.6634, -33.6686], [150.6625, -33.669], [150.6615, -33.6696], [150.6609, -33.6694], [150.661, -33.6691], [150.6608, -33.6687], [150.6612, -33.6673], [150.6619, -33.6662], [150.6628, -33.6664], [150.6632, -33.6674], [150.6639, -33.6672], [150.6639, -33.6667], [150.6631, -33.6665], [150.6631, -33.6658], [150.6636, -33.6651], [150.6642, -33.6654], [150.6648, -33.666], [150.6649, -33.6655], [150.6649, -33.6651], [150.6646, -33.665], [150.664, -33.6644], [150.6638, -33.664], [150.6642, -33.6632], [150.6645, -33.6628], [150.6648, -33.6623], [150.665, -33.6619], [150.6652, -33.6612], [150.6651, -33.6613], [150.6635, -33.6629], [150.663, -33.6635], [150.6623, -33.6641], [150.662, -33.6647], [150.6615, -33.666], [150.6609, -33.6675], [150.6602, -33.6692], [150.6582, -33.6734], [150.6574, -33.6765], [150.6574, -33.6791], [150.658, -33.6824], [150.6583, -33.683], [150.6585, -33.6865], [150.6588, -33.6898], [150.6591, -33.6927], [150.6589, -33.6973], [150.6578, -33.7033], [150.6578, -33.7044], [150.6579, -33.7062], [150.6578, -33.7075], [150.6576, -33.7089], [150.6573, -33.7088], [150.6571, -33.709], [150.6561, -33.7117], [150.6556, -33.7132], [150.6563, -33.7137], [150.6561, -33.7144], [150.6548, -33.7157], [150.6541, -33.7178], [150.6533, -33.7208], [150.6534, -33.722], [150.6538, -33.7229], [150.6535, -33.724], [150.6533, -33.7249], [150.6536, -33.7255], [150.6536, -33.7264], [150.6537, -33.727], [150.6541, -33.7276], [150.6549, -33.7295], [150.6554, -33.7299], [150.6563, -33.7305], [150.6566, -33.7311], [150.6572, -33.7318], [150.6582, -33.7322], [150.659, -33.7317], [150.6594, -33.7323], [150.6598, -33.7327], [150.6601, -33.7325], [150.6607, -33.7329], [150.6606, -33.7335], [150.6612, -33.7339], [150.6622, -33.7346], [150.6653, -33.7353], [150.6663, -33.7355], [150.6676, -33.7355], [150.6702, -33.7355], [150.6722, -33.7351], [150.6729, -33.7347], [150.674, -33.7347], [150.6753, -33.7342], [150.677, -33.7336], [150.6782, -33.7334], [150.6793, -33.7334], [150.6803, -33.7337], [150.6794, -33.7341], [150.68, -33.7345], [150.681, -33.7351], [150.6815, -33.7358], [150.6825, -33.7356], [150.6831, -33.7349], [150.6837, -33.7353], [150.6844, -33.7356], [150.6846, -33.7365], [150.6846, -33.7368], [150.6846, -33.738], [150.6848, -33.7388], [150.685, -33.7396], [150.6853, -33.7401], [150.6847, -33.7409], [150.6839, -33.7411], [150.6833, -33.742], [150.6818, -33.7443], [150.6799, -33.7467], [150.6741, -33.752], [150.665, -33.7591], [150.6591, -33.7637], [150.6566, -33.7655], [150.6507, -33.7703], [150.6454, -33.7756], [150.6413, -33.7799], [150.6411, -33.7808], [150.638, -33.7854], [150.6361, -33.7889], [150.6335, -33.7941], [150.6278, -33.801], [150.6231, -33.8081], [150.6181, -33.8149], [150.6111, -33.8209], [150.6068, -33.823], [150.5999, -33.8257], [150.5947, -33.8295], [150.5908, -33.8353], [150.589, -33.8413], [150.5868, -33.8471], [150.5913, -33.8548], [150.5993, -33.8575], [150.6098, -33.8573], [150.6141, -33.8581], [150.6166, -33.858], [150.6141, -33.8578], [150.6111, -33.8576], [150.6078, -33.8568], [150.6052, -33.857], [150.6011, -33.857], [150.5927, -33.8552], [150.5911, -33.8524], [150.5891, -33.8483], [150.5888, -33.844], [150.5908, -33.8377], [150.5929, -33.8329], [150.6009, -33.8259], [150.6061, -33.8239], [150.6135, -33.82], [150.6204, -33.8136], [150.6244, -33.8078], [150.6277, -33.8035], [150.6298, -33.8004], [150.6322, -33.7978], [150.6337, -33.7956], [150.6349, -33.7932], [150.6364, -33.7901], [150.6377, -33.7876], [150.6399, -33.7844], [150.6416, -33.7817], [150.6431, -33.7804], [150.6449, -33.7785], [150.6467, -33.7766], [150.6484, -33.7749], [150.6516, -33.7715], [150.6566, -33.7671], [150.6607, -33.7642], [150.6699, -33.7573], [150.6786, -33.7505], [150.6825, -33.7467], [150.6846, -33.7425], [150.6854, -33.7405], [150.6858, -33.7386], [150.6851, -33.7361], [150.6803, -33.7325], [150.6763, -33.7331], [150.6757, -33.7331], [150.6754, -33.7327], [150.6744, -33.7328], [150.6732, -33.7332], [150.6727, -33.7339], [150.6722, -33.7338], [150.6721, -33.7346], [150.6715, -33.735], [150.6701, -33.7348], [150.6696, -33.7348], [150.6691, -33.7344], [150.669, -33.7349], [150.6679, -33.7345], [150.6669, -33.7347], [150.666, -33.7346], [150.6643, -33.7347], [150.6643, -33.7345], [150.6629, -33.734], [150.6616, -33.7332], [150.6609, -33.7326], [150.6601, -33.7317], [150.659, -33.7309], [150.6579, -33.7303], [150.6566, -33.73], [150.6557, -33.7292], [150.6552, -33.728], [150.6552, -33.7273], [150.6546, -33.7259], [150.6544, -33.725], [150.6546, -33.7239], [150.655, -33.7227], [150.6551, -33.7219], [150.6553, -33.7206], [150.6552, -33.7204], [150.6555, -33.7196], [150.6555, -33.7191], [150.6559, -33.7185], [150.6559, -33.7172], [150.6563, -33.7163], [150.6581, -33.7134], [150.6582, -33.7124], [150.6585, -33.7121], [150.6589, -33.7111], [150.6586, -33.7105], [150.659, -33.7091], [150.6589, -33.7079], [150.6597, -33.7078], [150.6596, -33.7074], [150.6591, -33.7067], [150.6592, -33.7052], [150.6593, -33.7038], [150.6596, -33.7024], [150.6598, -33.7017], [150.66, -33.7011], [150.6601, -33.7003], [150.6601, -33.6997], [150.6606, -33.6982], [150.6608, -33.696], [150.6608, -33.6943], [150.6599, -33.6871], [150.6591, -33.6804], [150.6592, -33.6743], [150.6613, -33.6698], [150.6638, -33.6689], [150.6642, -33.6687], [150.6654, -33.6681], [150.666, -33.6677], [150.6666, -33.6671], [150.6673, -33.6668], [150.6677, -33.6667], [150.6674, -33.6667], [150.6675, -33.666], [150.6677, -33.665], [150.6679, -33.6649], [150.668, -33.6641], [150.6681, -33.6634], [150.6674, -33.6608], [150.6673, -33.66], [150.6676, -33.6596], [150.668, -33.66], [150.668, -33.6606], [150.6682, -33.6602], [150.6677, -33.6593], [150.6675, -33.6588], [150.6674, -33.6585], [150.6674, -33.658], [150.6677, -33.6577], [150.6678, -33.657], [150.6681, -33.6569], [150.668, -33.6576], [150.668, -33.6586], [150.6681, -33.6589], [150.6688, -33.6582], [150.6689, -33.6575], [150.669, -33.6572], [150.6689, -33.6569], [150.6689, -33.6566], [150.6689, -33.6564], [150.6686, -33.656], [150.6687, -33.6554], [150.6684, -33.6551], [150.6676, -33.6547], [150.6679, -33.6542], [150.6683, -33.6538], [150.6692, -33.6536], [150.6694, -33.6532], [150.6695, -33.6527], [150.6696, -33.6521], [150.6697, -33.6516], [150.6698, -33.6508], [150.67, -33.6502], [150.6701, -33.6499], [150.6702, -33.6491], [150.6704, -33.6479], [150.6702, -33.6474], [150.6707, -33.6463], [150.6717, -33.644], [150.6723, -33.6427], [150.6736, -33.64], [150.6748, -33.6377], [150.6752, -33.6369], [150.6756, -33.6361], [150.6764, -33.6346], [150.6769, -33.6334], [150.6772, -33.6326], [150.6776, -33.6318], [150.678, -33.6308], [150.6784, -33.6299], [150.6787, -33.6293], [150.6798, -33.6276], [150.6809, -33.6264], [150.6843, -33.6237], [150.6864, -33.6223], [150.6872, -33.6222], [150.6881, -33.6226], [150.6936, -33.6207], [150.6962, -33.6181], [150.697, -33.6175], [150.6971, -33.6166], [150.6978, -33.6159], [150.699, -33.6148], [150.7009, -33.6098]], [[150.6924, -33.6191], [150.6927, -33.6189], [150.693, -33.6189], [150.6932, -33.6187], [150.6935, -33.6186], [150.6936, -33.6185], [150.6938, -33.6185], [150.694, -33.6184], [150.694, -33.6184], [150.6942, -33.6183], [150.6946, -33.6181], [150.695, -33.6179], [150.6951, -33.6177], [150.6951, -33.6177], [150.6954, -33.6176], [150.6954, -33.6176], [150.6956, -33.6176], [150.6958, -33.6175], [150.6958, -33.6174], [150.6959, -33.6174], [150.6962, -33.6171], [150.6963, -33.617], [150.6964, -33.617], [150.6964, -33.6169], [150.6964, -33.6168], [150.6963, -33.6168], [150.6962, -33.6168], [150.6962, -33.6167], [150.6962, -33.6165], [150.6962, -33.6165], [150.6963, -33.6163], [150.6963, -33.6163], [150.6964, -33.6162], [150.6965, -33.6161], [150.6966, -33.6161], [150.6967, -33.6161], [150.6967, -33.6161], [150.6968, -33.6161], [150.6969, -33.6161], [150.6969, -33.6161], [150.697, -33.616], [150.6971, -33.6159], [150.6971, -33.6159], [150.6971, -33.6159], [150.6972, -33.6158], [150.6973, -33.6157], [150.6974, -33.6156], [150.6974, -33.6155], [150.6977, -33.6151], [150.6977, -33.615], [150.6977, -33.615], [150.6977, -33.615], [150.6978, -33.615], [150.6978, -33.615], [150.6979, -33.615], [150.6979, -33.615], [150.6979, -33.6151], [150.6978, -33.6152], [150.6978, -33.6153], [150.6978, -33.6153], [150.6977, -33.6154], [150.6977, -33.6154], [150.6977, -33.6155], [150.6976, -33.6156], [150.6975, -33.6157], [150.6975, -33.6157], [150.6974, -33.6158], [150.6973, -33.6159], [150.6972, -33.616], [150.6972, -33.616], [150.697, -33.6162], [150.6969, -33.6163], [150.6969, -33.6165], [150.6969, -33.6166], [150.6969, -33.6166], [150.6969, -33.6167], [150.6968, -33.6168], [150.6968, -33.6169], [150.6968, -33.6169], [150.6967, -33.617], [150.6966, -33.6172], [150.6965, -33.6173], [150.6964, -33.6174], [150.6963, -33.6175], [150.6962, -33.6176], [150.6961, -33.6177], [150.6957, -33.6181], [150.6955, -33.6182], [150.6954, -33.6183], [150.6954, -33.6185], [150.6953, -33.6186], [150.6953, -33.6189], [150.6952, -33.619], [150.695, -33.6191], [150.6949, -33.6193], [150.6947, -33.6196], [150.6946, -33.6197], [150.6946, -33.6198], [150.6944, -33.6199], [150.6943, -33.62], [150.6941, -33.6202], [150.6939, -33.6203], [150.6934, -33.6206], [150.6932, -33.6207], [150.6927, -33.621], [150.6926, -33.6211], [150.6925, -33.6211], [150.6923, -33.6212], [150.6922, -33.6213], [150.692, -33.6214], [150.6918, -33.6215], [150.6916, -33.6215], [150.6914, -33.6216], [150.6912, -33.6217], [150.6908, -33.6218], [150.6906, -33.6218], [150.6904, -33.6219], [150.6901, -33.6219], [150.6898, -33.622], [150.6896, -33.6221], [150.6894, -33.6221], [150.6893, -33.6221], [150.6892, -33.6221], [150.6888, -33.6222], [150.6887, -33.6222], [150.6885, -33.6222], [150.6881, -33.6224], [150.6879, -33.6224], [150.6877, -33.6224], [150.6876, -33.6224], [150.6876, -33.6223], [150.6875, -33.6223], [150.6873, -33.6222], [150.6873, -33.6221], [150.6872, -33.622], [150.6871, -33.622], [150.6871, -33.622], [150.687, -33.622], [150.687, -33.622], [150.687, -33.622], [150.6869, -33.622], [150.6869, -33.622], [150.6869, -33.622], [150.6868, -33.622], [150.6868, -33.622], [150.6867, -33.622], [150.6867, -33.6219], [150.6867, -33.6219], [150.6867, -33.6219], [150.6867, -33.6219], [150.6867, -33.6219], [150.6868, -33.6219], [150.6869, -33.6218], [150.6869, -33.6218], [150.6869, -33.6218], [150.6871, -33.6217], [150.6872, -33.6217], [150.6872, -33.6217], [150.6872, -33.6217], [150.6872, -33.6217], [150.6872, -33.6217], [150.6873, -33.6217], [150.6873, -33.6218], [150.6874, -33.6218], [150.6874, -33.6218], [150.6875, -33.6218], [150.6875, -33.6218], [150.6877, -33.6217], [150.6877, -33.6217], [150.6878, -33.6216], [150.6879, -33.6216], [150.688, -33.6215], [150.688, -33.6215], [150.688, -33.6214], [150.688, -33.6214], [150.688, -33.6214], [150.688, -33.6213], [150.688, -33.6213], [150.6881, -33.6213], [150.6881, -33.6214], [150.6882, -33.6214], [150.6882, -33.6214], [150.6883, -33.6214], [150.6884, -33.6213], [150.6884, -33.6213], [150.6884, -33.6213], [150.6884, -33.6213], [150.6884, -33.6213], [150.6884, -33.6212], [150.6884, -33.6212], [150.6884, -33.6212], [150.6884, -33.6212], [150.6884, -33.6212], [150.6885, -33.6212], [150.6885, -33.6212], [150.6887, -33.6212], [150.6887, -33.6212], [150.6888, -33.6211], [150.6889, -33.6211], [150.6889, -33.6211], [150.6889, -33.6211], [150.6888, -33.6208], [150.6886, -33.6206], [150.6886, -33.6205], [150.6886, -33.6205], [150.6886, -33.6205], [150.6886, -33.6204], [150.6887, -33.6204], [150.6887, -33.6204], [150.6887, -33.6204], [150.6887, -33.6204], [150.6888, -33.6203], [150.6888, -33.6203], [150.6889, -33.6203], [150.6889, -33.6203], [150.6889, -33.6203], [150.689, -33.6203], [150.689, -33.6203], [150.6891, -33.6203], [150.6891, -33.6203], [150.6892, -33.6204], [150.6892, -33.6205], [150.6893, -33.6205], [150.6894, -33.6205], [150.6894, -33.6206], [150.6895, -33.6207], [150.6895, -33.6207], [150.6895, -33.6208], [150.6896, -33.6208], [150.6896, -33.6208], [150.6896, -33.6208], [150.6897, -33.6208], [150.6897, -33.6208], [150.6897, -33.6208], [150.6898, -33.6208], [150.6899, -33.6208], [150.6899, -33.6208], [150.69, -33.6208], [150.69, -33.6208], [150.6901, -33.6207], [150.6901, -33.6207], [150.6902, -33.6206], [150.6902, -33.6206], [150.6903, -33.6205], [150.6906, -33.6203], [150.6909, -33.6201], [150.6909, -33.62], [150.691, -33.6199], [150.6909, -33.6199], [150.6909, -33.6199], [150.6908, -33.6199], [150.6907, -33.6199], [150.6905, -33.6199], [150.6904, -33.62], [150.6904, -33.62], [150.6903, -33.6199], [150.6902, -33.62], [150.6902, -33.6201], [150.6903, -33.6202], [150.6903, -33.6202], [150.6902, -33.6202], [150.6902, -33.6203], [150.6901, -33.6203], [150.6901, -33.6203], [150.69, -33.6203], [150.69, -33.6203], [150.6899, -33.6203], [150.6899, -33.6202], [150.6899, -33.6202], [150.6899, -33.6203], [150.6898, -33.6203], [150.6898, -33.6203], [150.6897, -33.6203], [150.6897, -33.6203], [150.6896, -33.6204], [150.6896, -33.6204], [150.6895, -33.6204], [150.6895, -33.6204], [150.6896, -33.6203], [150.6896, -33.6203], [150.6896, -33.6202], [150.6896, -33.6202], [150.6896, -33.6202], [150.6897, -33.6202], [150.6897, -33.6202], [150.6897, -33.6202], [150.6898, -33.6201], [150.6898, -33.6201], [150.6898, -33.6201], [150.6899, -33.62], [150.6899, -33.62], [150.69, -33.62], [150.69, -33.62], [150.6901, -33.6199], [150.6902, -33.6198], [150.6903, -33.6197], [150.6903, -33.6197], [150.6904, -33.6196], [150.6904, -33.6193], [150.6905, -33.6192], [150.6906, -33.6191], [150.6906, -33.619], [150.6907, -33.6189], [150.6907, -33.6189], [150.6908, -33.6189], [150.6909, -33.619], [150.6909, -33.619], [150.691, -33.6189], [150.6911, -33.6188], [150.6913, -33.6188], [150.6913, -33.6189], [150.6913, -33.6189], [150.6913, -33.619], [150.6912, -33.6191], [150.6911, -33.6192], [150.691, -33.6192], [150.6909, -33.6193], [150.6908, -33.6194], [150.6908, -33.6195], [150.6908, -33.6196], [150.691, -33.6196], [150.6912, -33.6195], [150.6913, -33.6194], [150.6915, -33.6192], [150.6915, -33.6192], [150.6918, -33.6191], [150.692, -33.6191], [150.692, -33.6192], [150.692, -33.6193], [150.6921, -33.6193], [150.6922, -33.6192], [150.6924, -33.6191]], [[150.6799, -33.7333], [150.6798, -33.7333], [150.6797, -33.7332], [150.6796, -33.7332], [150.6795, -33.7332], [150.6795, -33.7332], [150.6793, -33.7332], [150.6792, -33.7332], [150.6791, -33.7332], [150.6791, -33.7331], [150.679, -33.7331], [150.679, -33.7331], [150.679, -33.733], [150.6789, -33.733], [150.679, -33.733], [150.679, -33.7329], [150.679, -33.7329], [150.679, -33.7329], [150.679, -33.7329], [150.679, -33.7328], [150.6791, -33.7328], [150.6791, -33.7328], [150.6792, -33.7328], [150.6793, -33.7328], [150.6794, -33.7328], [150.6795, -33.7328], [150.6796, -33.7328], [150.6797, -33.7327], [150.6798, -33.7327], [150.6799, -33.7327], [150.6801, -33.7327], [150.6801, -33.7327], [150.6802, -33.7326], [150.6803, -33.7326], [150.6804, -33.7325], [150.6805, -33.7325], [150.6806, -33.7325], [150.6807, -33.7325], [150.6807, -33.7325], [150.6808, -33.7325], [150.681, -33.7325], [150.6811, -33.7325], [150.6812, -33.7325], [150.6812, -33.7325], [150.6813, -33.7325], [150.6813, -33.7325], [150.6814, -33.7325], [150.6814, -33.7325], [150.6816, -33.7326], [150.6817, -33.7326], [150.6817, -33.7327], [150.6818, -33.7327], [150.6818, -33.7327], [150.6819, -33.7328], [150.682, -33.7329], [150.6822, -33.733], [150.6823, -33.7331], [150.6823, -33.7331], [150.6824, -33.7332], [150.6824, -33.7332], [150.6824, -33.7332], [150.6826, -33.7334], [150.6828, -33.7336], [150.6829, -33.7336], [150.6829, -33.7337], [150.683, -33.7337], [150.6831, -33.7338], [150.6832, -33.7339], [150.6833, -33.734], [150.6833, -33.734], [150.6834, -33.7341], [150.6835, -33.7342], [150.6835, -33.7342], [150.6836, -33.7344], [150.6837, -33.7345], [150.6837, -33.7345], [150.6837, -33.7345], [150.6836, -33.7346], [150.6836, -33.7346], [150.6836, -33.7346], [150.6835, -33.7346], [150.6835, -33.7346], [150.6833, -33.7344], [150.6832, -33.7343], [150.6832, -33.7343], [150.6831, -33.7342], [150.683, -33.7341], [150.6829, -33.7341], [150.6828, -33.734], [150.6828, -33.734], [150.6827, -33.734], [150.6827, -33.734], [150.6827, -33.734], [150.6826, -33.7341], [150.6826, -33.7341], [150.6826, -33.7341], [150.6826, -33.7342], [150.6826, -33.7343], [150.6826, -33.7343], [150.6828, -33.7344], [150.6828, -33.7346], [150.6825, -33.7347], [150.6823, -33.7347], [150.6821, -33.7346], [150.6821, -33.7346], [150.682, -33.7346], [150.682, -33.7345], [150.6819, -33.7345], [150.6818, -33.7345], [150.6818, -33.7345], [150.6817, -33.7345], [150.6817, -33.7345], [150.6816, -33.7345], [150.6816, -33.7344], [150.6816, -33.7343], [150.6816, -33.7343], [150.6815, -33.7343], [150.6815, -33.7342], [150.6814, -33.7342], [150.6813, -33.7341], [150.6813, -33.7341], [150.6812, -33.7341], [150.6811, -33.734], [150.6811, -33.734], [150.681, -33.734], [150.681, -33.7339], [150.681, -33.7338], [150.6809, -33.7338], [150.6809, -33.7338], [150.6808, -33.7337], [150.6808, -33.7337], [150.6806, -33.7336], [150.6806, -33.7336], [150.6803, -33.7335], [150.6802, -33.7334], [150.6801, -33.7334], [150.68, -33.7333], [150.6799, -33.7333]], [[150.6573, -33.7305], [150.6574, -33.7305], [150.6575, -33.7305], [150.6576, -33.7305], [150.6576, -33.7305], [150.6577, -33.7305], [150.6577, -33.7306], [150.6578, -33.7306], [150.6578, -33.7306], [150.6579, -33.7307], [150.6579, -33.7307], [150.658, -33.7308], [150.6582, -33.7309], [150.6584, -33.731], [150.6585, -33.7311], [150.6586, -33.7311], [150.6587, -33.7312], [150.6589, -33.7314], [150.659, -33.7314], [150.659, -33.7314], [150.659, -33.7314], [150.6591, -33.7315], [150.6591, -33.7315], [150.6591, -33.7315], [150.6591, -33.7315], [150.6591, -33.7315], [150.6591, -33.7316], [150.659, -33.7316], [150.6589, -33.7316], [150.6589, -33.7317], [150.6587, -33.7318], [150.6587, -33.7318], [150.6586, -33.7319], [150.6586, -33.7319], [150.6585, -33.7319], [150.6585, -33.732], [150.6584, -33.732], [150.6584, -33.732], [150.6584, -33.732], [150.6583, -33.732], [150.6583, -33.732], [150.6583, -33.732], [150.6582, -33.732], [150.6582, -33.7319], [150.6582, -33.7319], [150.6581, -33.7319], [150.6581, -33.7318], [150.6579, -33.7317], [150.6579, -33.7316], [150.6579, -33.7316], [150.6578, -33.7316], [150.6578, -33.7316], [150.6578, -33.7316], [150.6577, -33.7316], [150.6577, -33.7315], [150.6577, -33.7315], [150.6576, -33.7315], [150.6576, -33.7315], [150.6576, -33.7314], [150.6576, -33.7314], [150.6576, -33.7314], [150.6576, -33.7313], [150.6576, -33.7313], [150.6576, -33.7313], [150.6576, -33.7312], [150.6576, -33.7312], [150.6575, -33.7311], [150.6575, -33.731], [150.6575, -33.7309], [150.6575, -33.7308], [150.6574, -33.7308], [150.6574, -33.7308], [150.6574, -33.7308], [150.6574, -33.7308], [150.6573, -33.7308], [150.6573, -33.7308], [150.6573, -33.7307], [150.6572, -33.7307], [150.6572, -33.7308], [150.6572, -33.7308], [150.6572, -33.7308], [150.6572, -33.7309], [150.6572, -33.7309], [150.6572, -33.7309], [150.6572, -33.731], [150.6572, -33.731], [150.6572, -33.731], [150.6571, -33.731], [150.6571, -33.731], [150.657, -33.731], [150.657, -33.7309], [150.657, -33.7309], [150.6569, -33.7308], [150.6569, -33.7307], [150.6569, -33.7306], [150.6569, -33.7306], [150.6569, -33.7306], [150.6569, -33.7306], [150.6569, -33.7305], [150.6569, -33.7305], [150.657, -33.7305], [150.657, -33.7305], [150.6571, -33.7305], [150.6573, -33.7305]], [[150.6757, -33.7338], [150.6756, -33.7338], [150.6756, -33.7338], [150.6755, -33.7339], [150.6754, -33.7339], [150.6753, -33.7339], [150.6752, -33.734], [150.6751, -33.734], [150.6751, -33.734], [150.675, -33.734], [150.675, -33.7341], [150.6749, -33.7341], [150.6749, -33.7341], [150.6749, -33.7341], [150.6748, -33.7341], [150.6748, -33.7341], [150.6747, -33.734], [150.6747, -33.734], [150.6746, -33.734], [150.6746, -33.7339], [150.6745, -33.7339], [150.6745, -33.7338], [150.6745, -33.7338], [150.6745, -33.7338], [150.6745, -33.7337], [150.6745, -33.7337], [150.6745, -33.7336], [150.6745, -33.7336], [150.6745, -33.7336], [150.6745, -33.7335], [150.6745, -33.7335], [150.6745, -33.7334], [150.6746, -33.7334], [150.6746, -33.7334], [150.6746, -33.7333], [150.6747, -33.7333], [150.6748, -33.7332], [150.6749, -33.7332], [150.6751, -33.7331], [150.6752, -33.7331], [150.6752, -33.733], [150.6753, -33.733], [150.6753, -33.733], [150.6754, -33.733], [150.6754, -33.733], [150.6755, -33.733], [150.6755, -33.733], [150.6756, -33.7331], [150.6756, -33.7332], [150.6756, -33.7332], [150.6757, -33.7333], [150.6757, -33.7333], [150.6757, -33.7334], [150.6757, -33.7334], [150.6757, -33.7334], [150.6757, -33.7334], [150.6758, -33.7335], [150.6758, -33.7335], [150.6758, -33.7335], [150.6759, -33.7335], [150.676, -33.7335], [150.676, -33.7335], [150.676, -33.7336], [150.676, -33.7336], [150.676, -33.7336], [150.6759, -33.7337], [150.6757, -33.7338]], [[150.6689, -33.6499], [150.6689, -33.6499], [150.6689, -33.6499], [150.6689, -33.6498], [150.6689, -33.6498], [150.6689, -33.6497], [150.6689, -33.6497], [150.6689, -33.6497], [150.6689, -33.6497], [150.6689, -33.6496], [150.6689, -33.6496], [150.669, -33.6496], [150.669, -33.6495], [150.669, -33.6495], [150.6691, -33.6495], [150.6691, -33.6495], [150.6691, -33.6495], [150.6692, -33.6495], [150.6693, -33.6495], [150.6693, -33.6495], [150.6694, -33.6495], [150.6694, -33.6497], [150.6695, -33.6497], [150.6695, -33.6498], [150.6695, -33.6498], [150.6695, -33.6498], [150.6696, -33.6499], [150.6696, -33.6499], [150.6696, -33.6499], [150.6696, -33.65], [150.6696, -33.65], [150.6696, -33.65], [150.6696, -33.6501], [150.6696, -33.6501], [150.6696, -33.6502], [150.6696, -33.6502], [150.6696, -33.6503], [150.6696, -33.6504], [150.6696, -33.6506], [150.6696, -33.6507], [150.6696, -33.6508], [150.6696, -33.6508], [150.6696, -33.6508], [150.6695, -33.6509], [150.6695, -33.6509], [150.6695, -33.651], [150.6695, -33.651], [150.6696, -33.6511], [150.6696, -33.6512], [150.6696, -33.6512], [150.6696, -33.6512], [150.6696, -33.6512], [150.6696, -33.6513], [150.6696, -33.6513], [150.6695, -33.6514], [150.6695, -33.6515], [150.6695, -33.6515], [150.6695, -33.6515], [150.6695, -33.6516], [150.6694, -33.6516], [150.6694, -33.6516], [150.6694, -33.6516], [150.6694, -33.6516], [150.6694, -33.6515], [150.6694, -33.6515], [150.6693, -33.6514], [150.6693, -33.6514], [150.6693, -33.6512], [150.6693, -33.6512], [150.6693, -33.6512], [150.6693, -33.6511], [150.6692, -33.6511], [150.6692, -33.6511], [150.6691, -33.651], [150.6691, -33.651], [150.669, -33.651], [150.669, -33.651], [150.669, -33.6509], [150.669, -33.6509], [150.669, -33.6508], [150.669, -33.6508], [150.669, -33.6507], [150.669, -33.6507], [150.669, -33.6507], [150.6689, -33.6507], [150.6689, -33.6507], [150.6689, -33.6507], [150.6689, -33.6507], [150.6689, -33.6506], [150.6689, -33.6506], [150.6689, -33.6504], [150.6691, -33.6501], [150.6691, -33.6501], [150.6691, -33.65], [150.6691, -33.65], [150.6691, -33.6499], [150.6691, -33.6499], [150.6691, -33.6499], [150.6691, -33.6499], [150.669, -33.6499], [150.669, -33.6499], [150.6689, -33.6499], [150.6689, -33.6499]], [[150.6666, -33.657], [150.6665, -33.657], [150.6665, -33.657], [150.6665, -33.6569], [150.6664, -33.6569], [150.6664, -33.6569], [150.6665, -33.6568], [150.6665, -33.6567], [150.6665, -33.6567], [150.6667, -33.6564], [150.6667, -33.6563], [150.6667, -33.6563], [150.6667, -33.6563], [150.6667, -33.6562], [150.6667, -33.6562], [150.6667, -33.6561], [150.6667, -33.6561], [150.6667, -33.656], [150.6667, -33.6559], [150.6667, -33.6559], [150.6667, -33.6558], [150.6667, -33.6558], [150.6668, -33.6557], [150.6668, -33.6557], [150.6668, -33.6557], [150.6669, -33.6558], [150.6669, -33.6559], [150.667, -33.6559], [150.667, -33.6559], [150.667, -33.6559], [150.6671, -33.6559], [150.6671, -33.6559], [150.6672, -33.6559], [150.6673, -33.6558], [150.6674, -33.6558], [150.6675, -33.6558], [150.6675, -33.6558], [150.6676, -33.6559], [150.6675, -33.6561], [150.6674, -33.6563], [150.6676, -33.6564], [150.6674, -33.6567], [150.6672, -33.6569], [150.6671, -33.657], [150.6669, -33.657], [150.6667, -33.6571], [150.6666, -33.657]], [[150.6849, -33.7364], [150.6848, -33.7363], [150.6848, -33.7362], [150.6848, -33.7362], [150.6849, -33.7362], [150.6849, -33.7362], [150.6849, -33.7362], [150.685, -33.7362], [150.685, -33.7362], [150.6851, -33.7364], [150.6851, -33.7364], [150.6851, -33.7366], [150.6853, -33.7368], [150.6853, -33.7369], [150.6854, -33.7371], [150.6855, -33.7372], [150.6855, -33.7373], [150.6855, -33.7374], [150.6856, -33.7374], [150.6856, -33.7375], [150.6856, -33.7375], [150.6856, -33.7376], [150.6856, -33.7376], [150.6856, -33.7377], [150.6856, -33.7378], [150.6856, -33.7379], [150.6856, -33.7379], [150.6855, -33.7379], [150.6855, -33.738], [150.6855, -33.738], [150.6855, -33.738], [150.6855, -33.738], [150.6854, -33.738], [150.6854, -33.7379], [150.6853, -33.7376], [150.6853, -33.7376], [150.6853, -33.7375], [150.6853, -33.7375], [150.6852, -33.7374], [150.6851, -33.7373], [150.6851, -33.7373], [150.6851, -33.7372], [150.6851, -33.7371], [150.685, -33.7371], [150.685, -33.7368], [150.6849, -33.7367], [150.6849, -33.7366], [150.6849, -33.7364]], [[150.6688, -33.6509], [150.6689, -33.6511], [150.6689, -33.6512], [150.669, -33.6512], [150.6691, -33.6513], [150.6691, -33.6513], [150.6691, -33.6514], [150.6691, -33.6514], [150.6691, -33.6514], [150.6691, -33.6515], [150.6691, -33.6515], [150.669, -33.6516], [150.669, -33.6516], [150.669, -33.6516], [150.669, -33.6516], [150.6689, -33.6517], [150.6689, -33.6517], [150.6689, -33.6516], [150.6688, -33.6516], [150.6687, -33.6516], [150.6687, -33.6515], [150.6686, -33.6515], [150.6685, -33.6514], [150.6684, -33.6513], [150.6684, -33.6513], [150.6683, -33.6512], [150.6683, -33.6512], [150.6682, -33.6511], [150.6682, -33.6511], [150.6682, -33.651], [150.6682, -33.651], [150.6683, -33.651], [150.6683, -33.6509], [150.6683, -33.6509], [150.6683, -33.6509], [150.6684, -33.6508], [150.6684, -33.6508], [150.6685, -33.6508], [150.6685, -33.6508], [150.6686, -33.6508], [150.6688, -33.6509]], [[150.6583, -33.7092], [150.6583, -33.7092], [150.6584, -33.7092], [150.6584, -33.7092], [150.6584, -33.7092], [150.6584, -33.7092], [150.6584, -33.7093], [150.6584, -33.7093], [150.6584, -33.7094], [150.6584, -33.7094], [150.6584, -33.7095], [150.6584, -33.7095], [150.6584, -33.7096], [150.6584, -33.7096], [150.6585, -33.7096], [150.6585, -33.7097], [150.6585, -33.7097], [150.6585, -33.7097], [150.6585, -33.7098], [150.6585, -33.7098], [150.6584, -33.7099], [150.6584, -33.7099], [150.6584, -33.7099], [150.6583, -33.71], [150.6583, -33.71], [150.6583, -33.71], [150.6582, -33.71], [150.6582, -33.71], [150.6582, -33.71], [150.6581, -33.71], [150.6581, -33.71], [150.6581, -33.71], [150.6581, -33.71], [150.658, -33.71], [150.658, -33.71], [150.658, -33.7099], [150.658, -33.7099], [150.658, -33.7098], [150.6581, -33.7097], [150.6581, -33.7097], [150.658, -33.7097], [150.658, -33.7096], [150.658, -33.7095], [150.6579, -33.7094], [150.6578, -33.7094], [150.6578, -33.7093], [150.6578, -33.7093], [150.6578, -33.7093], [150.6578, -33.7093], [150.6578, -33.7093], [150.6578, -33.7092], [150.6579, -33.7092], [150.6579, -33.7092], [150.6579, -33.7092], [150.6579, -33.7093], [150.658, -33.7093], [150.6581, -33.7093], [150.6581, -33.7094], [150.6581, -33.7094], [150.6582, -33.7094], [150.6582, -33.7093], [150.6582, -33.7093], [150.6583, -33.7092], [150.6583, -33.7092]], [[150.657, -33.7304], [150.657, -33.7304], [150.6569, -33.7304], [150.6569, -33.7304], [150.6569, -33.7304], [150.6568, -33.7304], [150.6568, -33.7303], [150.6567, -33.7302], [150.6566, -33.7302], [150.6566, -33.7302], [150.6565, -33.7301], [150.6565, -33.7301], [150.6565, -33.7301], [150.6565, -33.7301], [150.6565, -33.7301], [150.6565, -33.73], [150.6565, -33.73], [150.6565, -33.73], [150.6566, -33.73], [150.6566, -33.73], [150.6566, -33.73], [150.6567, -33.73], [150.6568, -33.73], [150.6568, -33.73], [150.6569, -33.7301], [150.6572, -33.7301], [150.6573, -33.7301], [150.6573, -33.7302], [150.6574, -33.7302], [150.6574, -33.7302], [150.6574, -33.7303], [150.6574, -33.7303], [150.6574, -33.7303], [150.6574, -33.7304], [150.6574, -33.7304], [150.6574, -33.7304], [150.6574, -33.7304], [150.6572, -33.7304], [150.6571, -33.7304], [150.6571, -33.7304], [150.657, -33.7304]], [[150.6634, -33.6671], [150.6634, -33.6671], [150.6634, -33.6671], [150.6634, -33.667], [150.6633, -33.667], [150.6632, -33.667], [150.6632, -33.667], [150.6632, -33.667], [150.6632, -33.667], [150.6632, -33.667], [150.6632, -33.6669], [150.6632, -33.6668], [150.6632, -33.6668], [150.6632, -33.6668], [150.6632, -33.6668], [150.6632, -33.6667], [150.6633, -33.6667], [150.6633, -33.6667], [150.6634, -33.6668], [150.6634, -33.6668], [150.6635, -33.6668], [150.6636, -33.6669], [150.6636, -33.6669], [150.6636, -33.667], [150.6635, -33.6671], [150.6635, -33.6671], [150.6635, -33.6671], [150.6635, -33.6671], [150.6635, -33.6671], [150.6634, -33.6671]], [[150.6679, -33.6641], [150.6679, -33.6641], [150.6679, -33.6641], [150.6678, -33.6641], [150.6678, -33.6641], [150.6678, -33.6641], [150.6678, -33.664], [150.6678, -33.664], [150.6678, -33.664], [150.6678, -33.6639], [150.6678, -33.6639], [150.6678, -33.6639], [150.6678, -33.6638], [150.6678, -33.6638], [150.6678, -33.6637], [150.6678, -33.6636], [150.668, -33.6636], [150.668, -33.6636], [150.6681, -33.6636], [150.6681, -33.6636], [150.6681, -33.6636], [150.6681, -33.6636], [150.6681, -33.6636], [150.6681, -33.6636], [150.6681, -33.6636], [150.6681, -33.6637], [150.6681, -33.6637], [150.668, -33.6637], [150.668, -33.6637], [150.668, -33.6637], [150.668, -33.6637], [150.668, -33.6638], [150.668, -33.6638], [150.668, -33.6639], [150.668, -33.6639], [150.668, -33.664], [150.668, -33.664], [150.668, -33.664], [150.668, -33.6641], [150.668, -33.6641], [150.668, -33.6641], [150.6679, -33.6641], [150.6679, -33.6641], [150.6679, -33.6641]], [[150.6583, -33.7106], [150.6582, -33.7106], [150.6582, -33.7105], [150.6582, -33.7105], [150.6582, -33.7105], [150.6582, -33.7104], [150.6582, -33.7104], [150.6582, -33.7104], [150.6582, -33.7103], [150.6582, -33.7102], [150.6582, -33.7102], [150.6582, -33.7101], [150.6583, -33.7101], [150.6583, -33.7101], [150.6583, -33.7101], [150.6583, -33.7101], [150.6584, -33.7102], [150.6584, -33.7102], [150.6584, -33.7103], [150.6584, -33.7103], [150.6584, -33.7104], [150.6584, -33.7104], [150.6584, -33.7105], [150.6584, -33.7105], [150.6584, -33.7105], [150.6584, -33.7105], [150.6583, -33.7106], [150.6583, -33.7106], [150.6583, -33.7106], [150.6583, -33.7106]]]}}, {"type": "Feature", "properties": {}, "geometry": {"type": "Polygon", "coordinates": [[[151.1256, -33.5999], [151.1254, -33.5983], [151.1251, -33.5963], [151.1233, -33.5937], [151.12, -33.5922], [151.1187, -33.5899], [151.1203, -33.589], [151.1228, -33.5868], [151.1246, -33.5868], [151.1266, -33.5887], [151.126, -33.5857], [151.1284, -33.5837], [151.1303, -33.584], [151.1323, -33.5814], [151.1341, -33.5831], [151.1358, -33.5834], [151.1395, -33.5839], [151.1418, -33.5843], [151.143, -33.5838], [151.1438, -33.5849], [151.144, -33.5866], [151.1443, -33.5866], [151.1441, -33.585], [151.1437, -33.5836], [151.1456, -33.5828], [151.1455, -33.5826], [151.1437, -33.5834], [151.1426, -33.5836], [151.1407, -33.5831], [151.1382, -33.5813], [151.137, -33.581], [151.1362, -33.581], [151.1361, -33.5807], [151.1369, -33.5798], [151.1366, -33.5792], [151.1351, -33.5773], [151.1336, -33.5758], [151.1334, -33.5742], [151.1336, -33.5721], [151.1339, -33.5709], [151.1353, -33.5714], [151.1369, -33.5718], [151.1393, -33.5711], [151.1396, -33.5714], [151.1396, -33.5725], [151.1412, -33.5726], [151.1432, -33.5716], [151.146, -33.5721], [151.1469, -33.5716], [151.1483, -33.5703], [151.149, -33.5694], [151.1497, -33.5687], [151.1505, -33.5689], [151.1513, -33.5701], [151.1525, -33.5703], [151.1536, -33.5718], [151.1555, -33.5725], [151.1567, -33.5739], [151.1571, -33.5744], [151.1578, -33.5746], [151.1591, -33.5749], [151.1613, -33.5748], [151.1623, -33.5758], [151.162, -33.5749], [151.16, -33.5742], [151.1579, -33.5733], [151.1569, -33.5714], [151.1553, -33.57], [151.1553, -33.5688], [151.158, -33.5692], [151.1588, -33.5689], [151.1589, -33.5678], [151.1559, -33.566], [151.1553, -33.5646], [151.1567, -33.5644], [151.158, -33.5637], [151.159, -33.563], [151.1599, -33.5622], [151.1588, -33.5613], [151.1565, -33.5605], [151.1543, -33.5598], [151.1537, -33.5587], [151.1519, -33.5573], [151.1515, -33.556], [151.1518, -33.5547], [151.1519, -33.5539], [151.1513, -33.5527], [151.152, -33.551], [151.1531, -33.5499], [151.1566, -33.5517], [151.1601, -33.5526], [151.1632, -33.5525], [151.1657, -33.5553], [151.1666, -33.557], [151.1676, -33.5577], [151.1685, -33.5582], [151.1695, -33.5585], [151.1683, -33.5574], [151.1674, -33.5566], [151.1673, -33.5558], [151.167, -33.5548], [151.1656, -33.5526], [151.1652, -33.5516], [151.1641, -33.5508], [151.1611, -33.5498], [151.1586, -33.5492], [151.1572, -33.5479], [151.1557, -33.5468], [151.155, -33.5456], [151.1552, -33.544], [151.1548, -33.5429], [151.1534, -33.5418], [151.1522, -33.5409], [151.1505, -33.5402], [151.1485, -33.5396], [151.1489, -33.5387], [151.1489, -33.5374], [151.1492, -33.5362], [151.1513, -33.5352], [151.1531, -33.5345], [151.1549, -33.5337], [151.1557, -33.5342], [151.1567, -33.5341], [151.1578, -33.5343], [151.1589, -33.5348], [151.1601, -33.5342], [151.1612, -33.5344], [151.1624, -33.5352], [151.1635, -33.5359], [151.1651, -33.537], [151.1655, -33.5357], [151.1646, -33.5339], [151.1636, -33.5321], [151.164, -33.5306], [151.1643, -33.5295], [151.16, -33.5266], [151.1533, -33.5245], [151.153, -33.5238], [151.1526, -33.5227], [151.1513, -33.5219], [151.1509, -33.5209], [151.1499, -33.5209], [151.1491, -33.5223], [151.1481, -33.5231], [151.1465, -33.5224], [151.144, -33.5226], [151.1431, -33.5234], [151.142, -33.5242], [151.1431, -33.5289], [151.1433, -33.5301], [151.1422, -33.5314], [151.1413, -33.5318], [151.1411, -33.5328], [151.1414, -33.5339], [151.1415, -33.5347], [151.1406, -33.5354], [151.1408, -33.5364], [151.1406, -33.5381], [151.14, -33.5393], [151.1386, -33.5405], [151.1364, -33.5419], [151.1332, -33.5406], [151.1307, -33.5397], [151.1273, -33.5377], [151.1267, -33.5377], [151.1264, -33.5383], [151.1261, -33.5392], [151.1242, -33.5406], [151.1219, -33.5408], [151.1212, -33.541], [151.1192, -33.5424], [151.1183, -33.5439], [151.1174, -33.545], [151.1169, -33.5461], [151.118, -33.5462], [151.1192, -33.5457], [151.1196, -33.5451], [151.1205, -33.5434], [151.1222, -33.5428], [151.1239, -33.5431], [151.1251, -33.543], [151.1273, -33.5418], [151.1288, -33.5419], [151.1296, -33.5429], [151.1313, -33.543], [151.1332, -33.5439], [151.1351, -33.5449], [151.1365, -33.5456], [151.1376, -33.5466], [151.1372, -33.5471], [151.1356, -33.5476], [151.1345, -33.5483], [151.1327, -33.5491], [151.1313, -33.5492], [151.1322, -33.5499], [151.133, -33.5502], [151.1344, -33.5502], [151.1359, -33.5501], [151.1372, -33.5497], [151.1383, -33.5505], [151.1394, -33.5499], [151.1399, -33.5492], [151.1404, -33.5485], [151.141, -33.5465], [151.1409, -33.5447], [151.1418, -33.5438], [151.1427, -33.5431], [151.1435, -33.5422], [151.1447, -33.542], [151.1473, -33.5437], [151.1474, -33.5459], [151.1483, -33.5486], [151.1473, -33.5502], [151.1466, -33.5534], [151.1465, -33.5557], [151.1482, -33.5582], [151.1486, -33.5594], [151.1494, -33.5607], [151.151, -33.5612], [151.1513, -33.5625], [151.1494, -33.5639], [151.1485, -33.5647], [151.1465, -33.5655], [151.1449, -33.5639], [151.1442, -33.5639], [151.1431, -33.5644], [151.1422, -33.5647], [151.1422, -33.5649], [151.143, -33.565], [151.1442, -33.5651], [151.1445, -33.5661], [151.1447, -33.5671], [151.1438, -33.5673], [151.1413, -33.566], [151.1385, -33.5672], [151.1348, -33.5674], [151.1329, -33.5675], [151.1309, -33.5683], [151.1295, -33.5712], [151.1299, -33.5725], [151.1305, -33.5735], [151.1299, -33.5748], [151.1295, -33.5759], [151.1296, -33.577], [151.1299, -33.5777], [151.1313, -33.5777], [151.1308, -33.5787], [151.1286, -33.5797], [151.126, -33.5813], [151.1251, -33.5818], [151.1253, -33.5823], [151.1246, -33.5825], [151.1233, -33.583], [151.1211, -33.5845], [151.1195, -33.5861], [151.1173, -33.5857], [151.1156, -33.5855], [151.1136, -33.5858], [151.1125, -33.5862], [151.111, -33.5869], [151.1106, -33.5855], [151.1099, -33.5842], [151.1088, -33.5832], [151.1077, -33.5817], [151.107, -33.5805], [151.1065, -33.5806], [151.1053, -33.5813], [151.1033, -33.5815], [151.1013, -33.5812], [151.1029, -33.5816], [151.1054, -33.5815], [151.1069, -33.5808], [151.1073, -33.5814], [151.1078, -33.5827], [151.1085, -33.5843], [151.1092, -33.5853], [151.1085, -33.5863], [151.1066, -33.5864], [151.1049, -33.5866], [151.1035, -33.5874], [151.1036, -33.5877], [151.1057, -33.5874], [151.1079, -33.5875], [151.1097, -33.5886], [151.1107, -33.589], [151.114, -33.5877], [151.1159, -33.5874], [151.1161, -33.5886], [151.1161, -33.5898], [151.1162, -33.591], [151.1168, -33.5922], [151.1176, -33.5931], [151.1183, -33.5938], [151.119, -33.5945], [151.1205, -33.5943], [151.1212, -33.5949], [151.1221, -33.5956], [151.1228, -33.5971], [151.121, -33.5982], [151.1201, -33.5986], [151.1202, -33.5988], [151.1207, -33.5995], [151.1221, -33.5997], [151.1226, -33.6003], [151.1218, -33.6016], [151.1208, -33.6031], [151.1197, -33.6054], [151.12, -33.6079], [151.1209, -33.6084], [151.1218, -33.6084], [151.1226, -33.6101], [151.1229, -33.612], [151.1218, -33.6139], [151.1215, -33.6148], [151.1198, -33.6144], [151.1201, -33.6148], [151.1207, -33.6155], [151.1218, -33.6157], [151.1226, -33.6163], [151.1232, -33.6184], [151.1232, -33.6202], [151.1221, -33.6219], [151.12, -33.6247], [151.1177, -33.627], [151.1166, -33.6286], [151.1161, -33.6287], [151.1155, -33.6281], [151.1147, -33.6267], [151.1143, -33.6252], [151.1132, -33.6247], [151.1113, -33.6257], [151.1104, -33.6261], [151.1093, -33.6272], [151.1085, -33.6282], [151.1077, -33.63], [151.1075, -33.6309], [151.1087, -33.6322], [151.1101, -33.6335], [151.1101, -33.634], [151.108, -33.6347], [151.1071, -33.6352], [151.1065, -33.6364], [151.1058, -33.6377], [151.1046, -33.6384], [151.1023, -33.6382], [151.1015, -33.6387], [151.1014, -33.64], [151.1011, -33.6425], [151.1002, -33.6448], [151.1002, -33.647], [151.1005, -33.6467], [151.1006, -33.6444], [151.1014, -33.6428], [151.1017, -33.6405], [151.1018, -33.6387], [151.1026, -33.6385], [151.1049, -33.6387], [151.1063, -33.6375], [151.1072, -33.6359], [151.108, -33.6349], [151.1096, -33.6346], [151.1106, -33.6339], [151.1103, -33.6331], [151.1093, -33.6322], [151.108, -33.6309], [151.108, -33.6299], [151.1089, -33.6285], [151.1102, -33.6271], [151.1117, -33.6259], [151.1134, -33.6253], [151.1142, -33.6256], [151.1141, -33.6272], [151.1139, -33.628], [151.1149, -33.629], [151.116, -33.6292], [151.1179, -33.628], [151.1197, -33.6264], [151.1203, -33.6262], [151.1209, -33.6254], [151.1217, -33.6244], [151.1228, -33.623], [151.1244, -33.622], [151.1252, -33.6205], [151.1252, -33.6187], [151.1244, -33.6178], [151.1243, -33.6163], [151.1234, -33.6144], [151.1244, -33.6136], [151.1246, -33.6127], [151.1248, -33.6121], [151.1246, -33.6107], [151.1247, -33.6098], [151.1251, -33.6083], [151.124, -33.6073], [151.1222, -33.6067], [151.1221, -33.6055], [151.1234, -33.603], [151.1244, -33.6016], [151.1246, -33.6006], [151.1255, -33.6003], [151.1256, -33.5999]], [[151.1526, -33.5286], [151.1525, -33.5286], [151.1524, -33.5285], [151.1523, -33.5285], [151.1523, -33.5285], [151.1522, -33.5284], [151.1522, -33.5284], [151.1521, -33.5283], [151.1521, -33.5282], [151.1521, -33.5281], [151.152, -33.5281], [151.152, -33.528], [151.152, -33.528], [151.152, -33.5279], [151.152, -33.5279], [151.152, -33.5278], [151.152, -33.5277], [151.152, -33.5277], [151.152, -33.5276], [151.152, -33.5275], [151.1521, -33.5275], [151.1521, -33.5274], [151.1521, -33.5273], [151.1521, -33.5272], [151.1522, -33.5272], [151.1522, -33.527], [151.1523, -33.5268], [151.1523, -33.5267], [151.1523, -33.5266], [151.1524, -33.5265], [151.1524, -33.5264], [151.1524, -33.5263], [151.1524, -33.5263], [151.1524, -33.5262], [151.1524, -33.5262], [151.1524, -33.5261], [151.1524, -33.526], [151.1524, -33.526], [151.1525, -33.5259], [151.1525, -33.5258], [151.1525, -33.5258], [151.1526, -33.5257], [151.1526, -33.5257], [151.1529, -33.5254], [151.1529, -33.5254], [151.153, -33.5254], [151.1531, -33.5253], [151.1531, -33.5252], [151.1531, -33.5252], [151.1532, -33.5252], [151.1532, -33.5252], [151.1533, -33.5252], [151.1533, -33.5252], [151.1533, -33.5253], [151.1533, -33.5253], [151.1534, -33.5253], [151.1534, -33.5253], [151.1534, -33.5254], [151.1534, -33.5254], [151.1535, -33.5254], [151.1535, -33.5255], [151.1535, -33.5256], [151.1535, -33.5256], [151.1536, -33.5258], [151.1537, -33.526], [151.1538, -33.526], [151.1538, -33.5261], [151.1538, -33.5261], [151.1538, -33.5263], [151.1538, -33.5263], [151.1539, -33.5264], [151.1539, -33.5264], [151.1539, -33.5265], [151.1539, -33.5266], [151.154, -33.5266], [151.154, -33.5267], [151.154, -33.5268], [151.154, -33.5269], [151.154, -33.527], [151.154, -33.5271], [151.154, -33.5271], [151.154, -33.5272], [151.1539, -33.5275], [151.1538, -33.5277], [151.1538, -33.5278], [151.1537, -33.5279], [151.1537, -33.528], [151.1536, -33.5281], [151.1536, -33.5281], [151.1536, -33.5282], [151.1535, -33.5283], [151.1535, -33.5283], [151.1534, -33.5284], [151.1534, -33.5284], [151.1533, -33.5284], [151.1532, -33.5284], [151.1531, -33.5284], [151.1529, -33.5285], [151.1528, -33.5285], [151.1527, -33.5286], [151.1526, -33.5286]], [[151.1463, -33.5313], [151.1463, -33.5313], [151.1464, -33.5313], [151.1465, -33.5313], [151.1466, -33.5313], [151.1466, -33.5314], [151.1465, -33.5314], [151.1464, -33.5315], [151.1463, -33.5315], [151.1462, -33.5316], [151.1461, -33.5316], [151.146, -33.5315], [151.146, -33.5315], [151.1459, -33.5314], [151.1459, -33.5314], [151.1459, -33.5314], [151.146, -33.5313], [151.146, -33.5313], [151.1461, -33.5314], [151.1462, -33.5314], [151.1462, -33.5314], [151.1463, -33.5313]]]}}, {"type": "Feature", "properties": {}, "geometry": {"type": "Polygon", "coordinates": [[[151.1474, -34.0732], [151.1478, -34.0722], [151.1475, -34.0715], [151.147, -34.071], [151.1474, -34.0705], [151.1478, -34.0697], [151.1473, -34.0684], [151.1471, -34.067], [151.1466, -34.0654], [151.1466, -34.0622], [151.1481, -34.0598], [151.1505, -34.0574], [151.1502, -34.0564], [151.1502, -34.0561], [151.1499, -34.0554], [151.1495, -34.0548], [151.1484, -34.0547], [151.1482, -34.0552], [151.1479, -34.0553], [151.1473, -34.0556], [151.1466, -34.0554], [151.1458, -34.055], [151.1462, -34.0555], [151.1459, -34.0559], [151.1456, -34.0565], [151.1451, -34.0568], [151.1441, -34.0571], [151.1429, -34.0569], [151.1424, -34.0573], [151.1424, -34.0581], [151.1429, -34.0589], [151.1435, -34.0595], [151.143, -34.0599], [151.1425, -34.0605], [151.1416, -34.0616], [151.1412, -34.0622], [151.1408, -34.0626], [151.1404, -34.0632], [151.1399, -34.0638], [151.1392, -34.0646], [151.1395, -34.0654], [151.1402, -34.0657], [151.1406, -34.0666], [151.1412, -34.0671], [151.141, -34.0678], [151.1413, -34.0686], [151.1407, -34.0694], [151.1405, -34.0699], [151.1406, -34.0703], [151.1403, -34.0708], [151.1406, -34.0718], [151.1405, -34.0727], [151.1406, -34.0735], [151.1396, -34.0737], [151.138, -34.0737], [151.1372, -34.0736], [151.136, -34.0731], [151.1347, -34.0723], [151.1344, -34.0714], [151.1344, -34.0702], [151.1346, -34.0684], [151.1351, -34.0672], [151.135, -34.0659], [151.1354, -34.065], [151.1356, -34.0645], [151.1358, -34.0639], [151.1362, -34.0633], [151.1367, -34.0625], [151.137, -34.0613], [151.1368, -34.0606], [151.1373, -34.0598], [151.1379, -34.0587], [151.1381, -34.0581], [151.138, -34.0569], [151.1382, -34.0562], [151.1374, -34.056], [151.1367, -34.0563], [151.1363, -34.0562], [151.1354, -34.056], [151.1345, -34.0558], [151.1338, -34.0556], [151.134, -34.0563], [151.1344, -34.0568], [151.1348, -34.0572], [151.135, -34.058], [151.1343, -34.0584], [151.1333, -34.0585], [151.1331, -34.0592], [151.1336, -34.0604], [151.1329, -34.0614], [151.1326, -34.0626], [151.132, -34.0634], [151.1314, -34.0641], [151.1305, -34.0643], [151.1292, -34.0641], [151.1289, -34.0635], [151.1283, -34.0618], [151.1279, -34.0614], [151.1275, -34.0618], [151.1271, -34.0626], [151.1267, -34.0636], [151.1263, -34.064], [151.1264, -34.0643], [151.1272, -34.0649], [151.1278, -34.0656], [151.1282, -34.0661], [151.1291, -34.0663], [151.1299, -34.0666], [151.1299, -34.0672], [151.1298, -34.0684], [151.1297, -34.0692], [151.1268, -34.0696], [151.1231, -34.07], [151.1214, -34.0699], [151.121, -34.0692], [151.1208, -34.0689], [151.1205, -34.0687], [151.1199, -34.0683], [151.1193, -34.0678], [151.1192, -34.0683], [151.1193, -34.0686], [151.119, -34.0691], [151.119, -34.0695], [151.1192, -34.0701], [151.1174, -34.0711], [151.1146, -34.0719], [151.1138, -34.0724], [151.113, -34.0723], [151.1123, -34.0725], [151.1114, -34.0722], [151.1114, -34.0715], [151.111, -34.0706], [151.1113, -34.0694], [151.1121, -34.0691], [151.1127, -34.0688], [151.1128, -34.0683], [151.1125, -34.0676], [151.1121, -34.0672], [151.1122, -34.0663], [151.1129, -34.066], [151.1141, -34.0658], [151.1153, -34.0658], [151.1159, -34.0658], [151.1156, -34.0651], [151.1146, -34.0641], [151.1136, -34.063], [151.1141, -34.0621], [151.1145, -34.0613], [151.1142, -34.0603], [151.1144, -34.0595], [151.1139, -34.0595], [151.1132, -34.0601], [151.1127, -34.0605], [151.1114, -34.0617], [151.1107, -34.0618], [151.11, -34.0615], [151.1091, -34.0612], [151.1084, -34.0614], [151.1073, -34.0618], [151.1066, -34.0613], [151.1062, -34.0604], [151.106, -34.0594], [151.1062, -34.0592], [151.107, -34.059], [151.1077, -34.0583], [151.1086, -34.057], [151.1092, -34.0561], [151.1094, -34.0554], [151.11, -34.0549], [151.1108, -34.0542], [151.1116, -34.053], [151.1111, -34.0526], [151.1102, -34.0529], [151.1096, -34.0526], [151.1091, -34.0522], [151.109, -34.0515], [151.1091, -34.0506], [151.1096, -34.0501], [151.1096, -34.0497], [151.1098, -34.0494], [151.1099, -34.049], [151.11, -34.0482], [151.1101, -34.0477], [151.1104, -34.0471], [151.1105, -34.0462], [151.1108, -34.0459], [151.1113, -34.0453], [151.1118, -34.0445], [151.1119, -34.0437], [151.1118, -34.0432], [151.1111, -34.0433], [151.1108, -34.0438], [151.1103, -34.0443], [151.11, -34.0446], [151.1094, -34.0447], [151.1088, -34.0446], [151.108, -34.0443], [151.107, -34.0435], [151.1068, -34.0436], [151.106, -34.0428], [151.1055, -34.0423], [151.1051, -34.0422], [151.1056, -34.0426], [151.106, -34.0432], [151.1064, -34.0441], [151.107, -34.0448], [151.1075, -34.0453], [151.1081, -34.046], [151.1086, -34.0464], [151.1084, -34.0471], [151.1078, -34.0481], [151.1076, -34.0485], [151.1076, -34.0489], [151.1077, -34.0496], [151.1069, -34.0506], [151.1071, -34.0513], [151.1069, -34.0522], [151.1067, -34.053], [151.1066, -34.0543], [151.1044, -34.0557], [151.1035, -34.0559], [151.1033, -34.0566], [151.1026, -34.0572], [151.1022, -34.0586], [151.1011, -34.0591], [151.1004, -34.0581], [151.1002, -34.0575], [151.1, -34.0567], [151.0991, -34.0563], [151.0987, -34.0557], [151.0995, -34.0553], [151.1004, -34.0549], [151.1008, -34.0545], [151.101, -34.0532], [151.101, -34.0525], [151.1013, -34.0517], [151.1003, -34.051], [151.0998, -34.0498], [151.099, -34.0491], [151.0978, -34.048], [151.0969, -34.047], [151.0974, -34.0478], [151.0977, -34.0485], [151.0976, -34.0491], [151.0967, -34.0492], [151.0958, -34.0496], [151.0939, -34.0495], [151.093, -34.0493], [151.0924, -34.0492], [151.0923, -34.0495], [151.0928, -34.0505], [151.0934, -34.0508], [151.0943, -34.0508], [151.0949, -34.0515], [151.0942, -34.054], [151.092, -34.0577], [151.0902, -34.0615], [151.0892, -34.0619], [151.0876, -34.0617], [151.0867, -34.0619], [151.0859, -34.0626], [151.0857, -34.064], [151.0889, -34.0647], [151.093, -34.0635], [151.0938, -34.062], [151.0937, -34.0603], [151.096, -34.058], [151.0978, -34.0609], [151.0986, -34.0616], [151.1, -34.063], [151.0983, -34.0648], [151.1012, -34.0653], [151.102, -34.0654], [151.1023, -34.0663], [151.1019, -34.0673], [151.1016, -34.068], [151.1013, -34.0687], [151.1013, -34.0694], [151.1042, -34.0697], [151.1058, -34.0714], [151.1059, -34.0724], [151.1054, -34.0731], [151.1045, -34.0735], [151.1041, -34.0738], [151.1034, -34.0746], [151.1037, -34.0752], [151.1038, -34.0761], [151.1034, -34.0768], [151.1035, -34.0771], [151.1046, -34.0774], [151.1048, -34.0781], [151.1053, -34.079], [151.1099, -34.0787], [151.1103, -34.0783], [151.1114, -34.078], [151.1119, -34.0781], [151.1125, -34.0784], [151.1135, -34.0787], [151.1142, -34.0795], [151.1147, -34.0791], [151.1151, -34.0784], [151.1154, -34.0791], [151.1164, -34.0792], [151.1169, -34.0787], [151.1169, -34.0781], [151.117, -34.0777], [151.1174, -34.0775], [151.1176, -34.0766], [151.1184, -34.0771], [151.1194, -34.0774], [151.1206, -34.0785], [151.1206, -34.0783], [151.121, -34.0784], [151.121, -34.078], [151.1209, -34.0773], [151.1218, -34.0765], [151.1231, -34.0763], [151.124, -34.0761], [151.1248, -34.076], [151.1248, -34.0767], [151.1251, -34.0778], [151.1249, -34.0786], [151.1248, -34.0796], [151.1252, -34.0802], [151.1256, -34.0809], [151.1263, -34.0807], [151.1265, -34.0804], [151.1276, -34.0799], [151.1279, -34.0793], [151.1284, -34.0785], [151.1284, -34.0777], [151.1292, -34.0771], [151.1301, -34.077], [151.1308, -34.0771], [151.1319, -34.076], [151.1324, -34.0764], [151.1326, -34.0778], [151.1326, -34.0786], [151.1332, -34.0794], [151.1334, -34.0803], [151.1335, -34.0805], [151.133, -34.0812], [151.1329, -34.0821], [151.1324, -34.0827], [151.132, -34.0829], [151.133, -34.0834], [151.1343, -34.0832], [151.135, -34.0823], [151.1347, -34.0827], [151.1341, -34.0832], [151.1329, -34.0832], [151.1327, -34.0827], [151.1332, -34.082], [151.1338, -34.0813], [151.1332, -34.0786], [151.1331, -34.0747], [151.1428, -34.0802], [151.1437, -34.08], [151.1447, -34.08], [151.1454, -34.08], [151.146, -34.0802], [151.1465, -34.0811], [151.1483, -34.0829], [151.1494, -34.0836], [151.1508, -34.0837], [151.1512, -34.0831], [151.1515, -34.0825], [151.1523, -34.0823], [151.1535, -34.0827], [151.1543, -34.0826], [151.1549, -34.0821], [151.156, -34.0812], [151.156, -34.0805], [151.1564, -34.0802], [151.1573, -34.08], [151.1586, -34.0805], [151.159, -34.0807], [151.1595, -34.0809], [151.1604, -34.0812], [151.1622, -34.0815], [151.1648, -34.0812], [151.1659, -34.08], [151.1659, -34.0793], [151.1651, -34.0781], [151.166, -34.0774], [151.1669, -34.0764], [151.1678, -34.0758], [151.1686, -34.0748], [151.1567, -34.0707], [151.1555, -34.0723], [151.155, -34.0724], [151.1544, -34.0727], [151.1536, -34.0731], [151.1526, -34.0731], [151.1516, -34.0729], [151.1509, -34.0725], [151.1502, -34.0725], [151.1495, -34.073], [151.1486, -34.0735], [151.148, -34.0737], [151.1474, -34.0732]]]}}, {"type": "Feature", "properties": {}, "geometry": {"type": "Polygon", "coordinates": [[[150.9623, -33.9062], [150.961, -33.9055], [150.9603, -33.9039], [150.9604, -33.9055], [150.9641, -33.9085], [150.9721, -33.9106], [150.974, -33.9131], [150.9738, -33.9197], [150.9779, -33.927], [150.9738, -33.9285], [150.967, -33.9333], [150.9656, -33.9428], [150.9709, -33.948], [150.9752, -33.9534], [150.9818, -33.9554], [150.9804, -33.9646], [150.9881, -33.9662], [150.9921, -33.9702], [150.9919, -33.9713], [150.9931, -33.9715], [150.9968, -33.9756], [150.9948, -33.9811], [151.0025, -33.9811], [151.0089, -33.983], [151.0193, -33.9797], [151.0259, -33.9787], [151.0338, -33.9773], [151.0361, -33.9808], [151.0325, -33.9829], [151.0301, -33.9842], [151.0293, -33.9866], [151.0316, -33.9887], [151.0328, -33.9902], [151.0334, -33.9927], [151.0403, -33.9928], [151.0454, -33.9932], [151.0479, -33.9946], [151.0543, -33.9941], [151.0594, -33.9896], [151.0628, -33.9911], [151.066, -33.9937], [151.0706, -33.9971], [151.07, -33.9989], [151.0708, -33.9999], [151.0697, -34.0012], [151.07, -34.0021], [151.0706, -34.0016], [151.0735, -33.9993], [151.0751, -33.9979], [151.0762, -33.9995], [151.0778, -34.0004], [151.0794, -34.0005], [151.0802, -34.0], [151.0785, -33.9982], [151.0801, -33.9966], [151.0816, -33.9962], [151.0831, -33.996], [151.0847, -33.9963], [151.0866, -33.997], [151.0886, -33.997], [151.0898, -33.9986], [151.0896, -34.0002], [151.0906, -34.0012], [151.0917, -34.0017], [151.0908, -34.0029], [151.0897, -34.0035], [151.0893, -34.0044], [151.0891, -34.0055], [151.088, -34.0052], [151.0875, -34.0045], [151.0868, -34.0035], [151.0856, -34.0029], [151.0855, -34.0037], [151.0852, -34.0039], [151.0844, -34.0049], [151.0843, -34.0051], [151.0851, -34.0061], [151.0865, -34.0067], [151.0876, -34.0077], [151.0866, -34.0085], [151.0855, -34.0084], [151.084, -34.0084], [151.0831, -34.008], [151.0822, -34.008], [151.0814, -34.0086], [151.0805, -34.0093], [151.0797, -34.0102], [151.078, -34.0114], [151.078, -34.0123], [151.0803, -34.0105], [151.0818, -34.0095], [151.083, -34.0093], [151.0839, -34.0104], [151.0856, -34.01], [151.0871, -34.01], [151.088, -34.01], [151.0883, -34.011], [151.0889, -34.0118], [151.0902, -34.0118], [151.0907, -34.0108], [151.0911, -34.0093], [151.0918, -34.008], [151.0923, -34.0063], [151.0938, -34.0051], [151.095, -34.0042], [151.0955, -34.0027], [151.0955, -34.0012], [151.0949, -33.9997], [151.0943, -33.9986], [151.0967, -33.9978], [151.0978, -33.9986], [151.0974, -33.9995], [151.0976, -34.0009], [151.0977, -34.002], [151.0974, -34.0033], [151.097, -34.0041], [151.0973, -34.0055], [151.0985, -34.0059], [151.0998, -34.0056], [151.1012, -34.0062], [151.1039, -34.0065], [151.1064, -34.0054], [151.1079, -34.0054], [151.1087, -34.006], [151.1091, -34.0061], [151.1094, -34.0067], [151.1109, -34.006], [151.1115, -34.0052], [151.1126, -34.005], [151.1138, -34.0064], [151.1153, -34.0072], [151.1156, -34.0076], [151.1143, -34.0084], [151.1145, -34.0103], [151.1165, -34.0128], [151.1173, -34.0135], [151.1193, -34.0152], [151.12, -34.0158], [151.1215, -34.0147], [151.122, -34.0127], [151.1224, -34.0115], [151.1239, -34.0109], [151.1249, -34.0103], [151.126, -34.01], [151.127, -34.01], [151.1272, -34.0109], [151.1277, -34.0115], [151.1277, -34.0124], [151.127, -34.0132], [151.1261, -34.0144], [151.1253, -34.0156], [151.1257, -34.0172], [151.1264, -34.0186], [151.1269, -34.0187], [151.1266, -34.0189], [151.1274, -34.0198], [151.1282, -34.0204], [151.129, -34.0212], [151.1294, -34.0216], [151.1306, -34.0224], [151.1314, -34.0228], [151.1327, -34.0231], [151.1337, -34.0228], [151.1338, -34.0234], [151.1334, -34.0239], [151.1326, -34.0246], [151.1321, -34.0253], [151.1317, -34.0265], [151.132, -34.0279], [151.1327, -34.0298], [151.1334, -34.0319], [151.1342, -34.0337], [151.1352, -34.0348], [151.1371, -34.0367], [151.1382, -34.037], [151.14, -34.0375], [151.1416, -34.0376], [151.1444, -34.0382], [151.147, -34.0385], [151.1474, -34.0378], [151.1474, -34.037], [151.1481, -34.0378], [151.1483, -34.0387], [151.1519, -34.0383], [151.1528, -34.0341], [151.1571, -34.0333], [151.161, -34.0303], [151.1569, -34.0253], [151.1527, -34.0221], [151.149, -34.0206], [151.1455, -34.0192], [151.1423, -34.0155], [151.1423, -34.0141], [151.1438, -34.0138], [151.1469, -34.014], [151.1495, -34.014], [151.1491, -34.0161], [151.1501, -34.0147], [151.1524, -34.0137], [151.1559, -34.0134], [151.158, -34.0123], [151.1593, -34.0113], [151.1612, -34.0093], [151.1638, -34.0046], [151.1648, -34.0039], [151.1645, -34.0031], [151.1638, -34.0033], [151.1627, -34.0032], [151.162, -34.004], [151.1612, -34.0035], [151.1599, -34.0046], [151.1579, -34.0047], [151.1595, -34.0038], [151.1454, -33.9968], [151.1369, -34.0036], [151.1289, -34.0057], [151.128, -34.0058], [151.1269, -34.0042], [151.1255, -34.0027], [151.1244, -34.0022], [151.1241, -34.0015], [151.1227, -34.0003], [151.1229, -33.9982], [151.1235, -33.9975], [151.1233, -33.9964], [151.1239, -33.9959], [151.1249, -33.995], [151.1261, -33.9939], [151.1273, -33.9922], [151.128, -33.9912], [151.1292, -33.99], [151.1302, -33.9884], [151.1305, -33.9871], [151.1314, -33.9851], [151.131, -33.9842], [151.1299, -33.9836], [151.1282, -33.9842], [151.1259, -33.9859], [151.1245, -33.9871], [151.1213, -33.9891], [151.1193, -33.9902], [151.1177, -33.992], [151.1167, -33.9931], [151.1172, -33.9938], [151.1177, -33.9953], [151.1175, -33.9967], [151.1166, -33.9975], [151.1162, -33.9983], [151.1154, -34.0001], [151.1151, -34.0014], [151.1142, -34.0003], [151.1151, -33.9982], [151.1154, -33.9975], [151.1151, -33.997], [151.1144, -33.9965], [151.1136, -33.9965], [151.113, -33.9966], [151.1116, -33.9966], [151.1103, -33.997], [151.1113, -33.9978], [151.1118, -33.9992], [151.1106, -33.9993], [151.1095, -34.0004], [151.1085, -34.0003], [151.1071, -34.0003], [151.1055, -33.9996], [151.1041, -34.0007], [151.1025, -34.0009], [151.1025, -34.0], [151.104, -33.9988], [151.1048, -33.997], [151.1046, -33.996], [151.1043, -33.9945], [151.1036, -33.994], [151.1024, -33.9937], [151.1022, -33.993], [151.1028, -33.9923], [151.1038, -33.9919], [151.1042, -33.9909], [151.1031, -33.989], [151.1015, -33.9898], [151.1013, -33.9909], [151.1007, -33.9912], [151.1, -33.9918], [151.0994, -33.9934], [151.0986, -33.9933], [151.098, -33.9931], [151.0971, -33.9928], [151.0962, -33.9924], [151.0965, -33.9911], [151.0965, -33.9905], [151.0954, -33.9903], [151.0945, -33.9911], [151.0933, -33.9912], [151.0926, -33.9909], [151.0916, -33.9911], [151.0917, -33.9918], [151.0913, -33.9925], [151.0908, -33.9928], [151.0901, -33.9928], [151.0896, -33.9924], [151.0893, -33.9919], [151.0886, -33.9915], [151.0881, -33.9917], [151.0876, -33.9916], [151.087, -33.9912], [151.0866, -33.9907], [151.0861, -33.9899], [151.086, -33.9895], [151.0864, -33.989], [151.0872, -33.9887], [151.0875, -33.9885], [151.088, -33.9881], [151.0884, -33.9872], [151.089, -33.9865], [151.0901, -33.9858], [151.0911, -33.9856], [151.0924, -33.9856], [151.0934, -33.9855], [151.0943, -33.9848], [151.0942, -33.9845], [151.0937, -33.984], [151.0931, -33.9842], [151.0917, -33.9844], [151.0906, -33.9841], [151.0902, -33.9833], [151.0902, -33.9825], [151.0893, -33.9827], [151.0886, -33.9826], [151.0874, -33.9829], [151.0879, -33.9834], [151.0886, -33.9839], [151.0888, -33.9847], [151.0882, -33.9855], [151.0872, -33.9862], [151.0867, -33.9866], [151.086, -33.987], [151.0854, -33.9874], [151.0846, -33.9875], [151.0841, -33.987], [151.0837, -33.9875], [151.0834, -33.9879], [151.0829, -33.9884], [151.0823, -33.9889], [151.0821, -33.9896], [151.0824, -33.9901], [151.0831, -33.9902], [151.0843, -33.9907], [151.0847, -33.9914], [151.0854, -33.9924], [151.0853, -33.9926], [151.0849, -33.9926], [151.0842, -33.9925], [151.0831, -33.9927], [151.0799, -33.993], [151.0759, -33.9939], [151.0741, -33.9924], [151.071, -33.9935], [151.0708, -33.9894], [151.0727, -33.9865], [151.0741, -33.9845], [151.0721, -33.9841], [151.0711, -33.9861], [151.0676, -33.9865], [151.0649, -33.9881], [151.0652, -33.9838], [151.0634, -33.9835], [151.0595, -33.9832], [151.0578, -33.9862], [151.0533, -33.9907], [151.0477, -33.9911], [151.0451, -33.9908], [151.0399, -33.9908], [151.036, -33.9897], [151.0341, -33.9869], [151.0368, -33.9862], [151.0335, -33.9848], [151.0369, -33.9842], [151.0401, -33.9814], [151.0347, -33.9752], [151.0277, -33.9768], [151.022, -33.9755], [151.0185, -33.9778], [151.011, -33.9829], [151.0056, -33.9803], [151.0024, -33.9796], [150.9959, -33.9808], [150.9986, -33.9739], [150.9911, -33.9669], [150.9866, -33.9645], [150.9818, -33.9593], [150.9749, -33.952], [150.9672, -33.9441], [150.9682, -33.9343], [150.9771, -33.9304], [150.9795, -33.9279], [150.9744, -33.9152], [150.9742, -33.9099], [150.9706, -33.9105], [150.9695, -33.9106], [150.9623, -33.9062]], [[151.1488, -34.011], [151.1487, -34.0109], [151.1487, -34.0109], [151.1486, -34.0109], [151.1486, -34.0108], [151.1486, -34.0108], [151.1485, -34.0107], [151.1485, -34.0106], [151.1485, -34.0106], [151.1485, -34.0106], [151.1485, -34.0105], [151.1485, -34.0105], [151.1485, -34.0105], [151.1486, -34.0104], [151.1486, -34.0104], [151.1487, -34.0104], [151.1487, -34.0103], [151.1488, -34.0103], [151.149, -34.0103], [151.1492, -34.0103], [151.1494, -34.0103], [151.1495, -34.0103], [151.1497, -34.0103], [151.1499, -34.0103], [151.1501, -34.0103], [151.1503, -34.0102], [151.1505, -34.0102], [151.1506, -34.0102], [151.151, -34.0102], [151.1512, -34.0101], [151.1512, -34.0101], [151.1514, -34.0101], [151.1515, -34.0101], [151.1518, -34.0101], [151.1519, -34.0101], [151.152, -34.01], [151.1525, -34.01], [151.1526, -34.01], [151.1528, -34.0099], [151.1529, -34.0099], [151.153, -34.0099], [151.1531, -34.0099], [151.1532, -34.01], [151.1533, -34.01], [151.1536, -34.0101], [151.1538, -34.0102], [151.1538, -34.0102], [151.1539, -34.0102], [151.154, -34.0102], [151.154, -34.0103], [151.1541, -34.0103], [151.1542, -34.0104], [151.1543, -34.0104], [151.1543, -34.0104], [151.1542, -34.0105], [151.1541, -34.0105], [151.154, -34.0106], [151.1539, -34.0106], [151.1539, -34.0107], [151.1538, -34.0107], [151.1538, -34.0108], [151.1537, -34.0108], [151.1536, -34.0108], [151.1536, -34.0109], [151.1535, -34.011], [151.1535, -34.011], [151.1534, -34.0111], [151.1534, -34.0111], [151.1534, -34.0112], [151.1533, -34.0113], [151.1533, -34.0113], [151.1533, -34.0115], [151.1533, -34.0116], [151.1533, -34.0117], [151.1533, -34.0118], [151.1532, -34.0118], [151.1532, -34.0118], [151.1532, -34.0119], [151.1531, -34.0119], [151.1531, -34.0119], [151.153, -34.012], [151.1529, -34.012], [151.1528, -34.012], [151.1527, -34.012], [151.1526, -34.012], [151.1525, -34.012], [151.1525, -34.0121], [151.1524, -34.0121], [151.1524, -34.0122], [151.1524, -34.0122], [151.1524, -34.0123], [151.1524, -34.0124], [151.1523, -34.0125], [151.1522, -34.0125], [151.1521, -34.0126], [151.152, -34.0126], [151.1519, -34.0127], [151.1518, -34.0127], [151.1516, -34.0127], [151.1515, -34.0127], [151.1514, -34.0126], [151.1512, -34.0126], [151.1511, -34.0126], [151.151, -34.0126], [151.151, -34.0125], [151.1509, -34.0125], [151.1508, -34.0125], [151.1507, -34.0124], [151.1506, -34.0123], [151.1506, -34.0121], [151.1505, -34.012], [151.1505, -34.0119], [151.1504, -34.0118], [151.1504, -34.0118], [151.1504, -34.0117], [151.1504, -34.0116], [151.1504, -34.0116], [151.1504, -34.0115], [151.1504, -34.0113], [151.1504, -34.0112], [151.1504, -34.0112], [151.1504, -34.0111], [151.1504, -34.0111], [151.1504, -34.011], [151.1503, -34.011], [151.1503, -34.0109], [151.1502, -34.0109], [151.1502, -34.0108], [151.1501, -34.0108], [151.15, -34.0108], [151.1499, -34.0108], [151.1499, -34.0108], [151.1498, -34.0108], [151.1498, -34.0108], [151.1497, -34.0109], [151.1497, -34.011], [151.1496, -34.011], [151.1495, -34.011], [151.1494, -34.011], [151.1492, -34.011], [151.1491, -34.011], [151.149, -34.011], [151.1489, -34.011], [151.1488, -34.011]], [[151.1465, -34.0077], [151.1467, -34.0076], [151.147, -34.0076], [151.1471, -34.0075], [151.1476, -34.0075], [151.1481, -34.0076], [151.1481, -34.0077], [151.1477, -34.0077], [151.1475, -34.0077], [151.1472, -34.0078], [151.1471, -34.008], [151.147, -34.0081], [151.1468, -34.0082], [151.1466, -34.0082], [151.1463, -34.0082], [151.1462, -34.0081], [151.1462, -34.008], [151.1463, -34.0078], [151.1465, -34.0077]]]}}, {"type": "Feature", "properties": {}, "geometry": {"type": "Polygon", "coordinates": [[[151.1713, -33.8316], [151.1717, -33.8321], [151.1725, -33.8325], [151.1733, -33.833], [151.1735, -33.8337], [151.1732, -33.8342], [151.1721, -33.8346], [151.1714, -33.8348], [151.1709, -33.8349], [151.1703, -33.8355], [151.1694, -33.8361], [151.1684, -33.8358], [151.1681, -33.8353], [151.1678, -33.8346], [151.1672, -33.8342], [151.1662, -33.8342], [151.1652, -33.8343], [151.1646, -33.8342], [151.1644, -33.8336], [151.164, -33.8328], [151.1633, -33.8324], [151.1623, -33.8323], [151.1613, -33.832], [151.161, -33.8312], [151.1612, -33.8307], [151.1615, -33.8303], [151.1618, -33.8302], [151.1625, -33.8301], [151.1633, -33.8301], [151.1639, -33.8299], [151.1644, -33.8295], [151.1653, -33.8288], [151.166, -33.8275], [151.1656, -33.8275], [151.1651, -33.8282], [151.1642, -33.8284], [151.1632, -33.8283], [151.1623, -33.8282], [151.1618, -33.8278], [151.1616, -33.8276], [151.1611, -33.8274], [151.1606, -33.8274], [151.1602, -33.8271], [151.1597, -33.8271], [151.1597, -33.8275], [151.16, -33.8281], [151.1601, -33.8288], [151.1598, -33.8296], [151.1593, -33.8302], [151.1585, -33.8303], [151.157, -33.8298], [151.1559, -33.8297], [151.1552, -33.8294], [151.1543, -33.8289], [151.1538, -33.8282], [151.1541, -33.8274], [151.1542, -33.8269], [151.1542, -33.8264], [151.1534, -33.8259], [151.1532, -33.8253], [151.1528, -33.8248], [151.1522, -33.8239], [151.1524, -33.8227], [151.1524, -33.8219], [151.1517, -33.8219], [151.1514, -33.8221], [151.1511, -33.8227], [151.1507, -33.823], [151.1507, -33.8236], [151.1511, -33.8244], [151.1515, -33.8251], [151.152, -33.826], [151.1521, -33.8267], [151.1523, -33.8275], [151.1521, -33.8285], [151.1514, -33.8287], [151.1507, -33.8289], [151.1499, -33.8294], [151.1491, -33.8292], [151.148, -33.8288], [151.147, -33.8287], [151.1465, -33.829], [151.1458, -33.829], [151.1455, -33.8283], [151.1459, -33.8274], [151.1467, -33.8269], [151.1476, -33.8267], [151.1486, -33.8263], [151.1491, -33.8257], [151.1494, -33.8254], [151.1496, -33.8247], [151.1494, -33.8238], [151.1489, -33.8224], [151.1488, -33.8204], [151.1487, -33.819], [151.1481, -33.8183], [151.147, -33.8179], [151.1459, -33.8178], [151.1455, -33.8171], [151.1447, -33.8165], [151.1453, -33.8158], [151.1445, -33.8145], [151.1434, -33.8134], [151.1428, -33.8098], [151.1424, -33.8086], [151.1425, -33.8076], [151.1435, -33.8067], [151.1445, -33.8063], [151.1447, -33.8058], [151.1447, -33.8051], [151.1448, -33.804], [151.1443, -33.8031], [151.1433, -33.8025], [151.1446, -33.8004], [151.1462, -33.7998], [151.149, -33.7993], [151.15, -33.7997], [151.1508, -33.7998], [151.1515, -33.7996], [151.1522, -33.7991], [151.1528, -33.7995], [151.1529, -33.8003], [151.1534, -33.8007], [151.1543, -33.8006], [151.1554, -33.8004], [151.1561, -33.8004], [151.157, -33.8008], [151.1578, -33.8008], [151.1585, -33.8001], [151.1592, -33.7989], [151.1585, -33.7976], [151.1579, -33.7969], [151.1576, -33.796], [151.1575, -33.7943], [151.1573, -33.7933], [151.1571, -33.7924], [151.1568, -33.7916], [151.1561, -33.791], [151.1556, -33.7911], [151.1549, -33.7914], [151.1542, -33.7913], [151.1535, -33.7907], [151.1524, -33.7903], [151.1514, -33.7917], [151.1493, -33.7937], [151.1487, -33.7942], [151.1483, -33.7937], [151.1481, -33.793], [151.1475, -33.7921], [151.1473, -33.7911], [151.1474, -33.7901], [151.1476, -33.7894], [151.1474, -33.7886], [151.1477, -33.7882], [151.1487, -33.7881], [151.1492, -33.7878], [151.1489, -33.7872], [151.1476, -33.7862], [151.1466, -33.7856], [151.1461, -33.7855], [151.1452, -33.7856], [151.145, -33.7853], [151.1449, -33.7844], [151.1448, -33.7838], [151.1444, -33.7832], [151.1436, -33.7831], [151.1431, -33.7828], [151.1431, -33.7816], [151.1428, -33.7811], [151.1419, -33.7813], [151.1409, -33.7822], [151.1402, -33.7825], [151.1396, -33.7818], [151.1395, -33.7806], [151.1395, -33.78], [151.1389, -33.7793], [151.139, -33.7789], [151.1397, -33.7789], [151.1403, -33.7781], [151.1401, -33.7781], [151.1396, -33.7787], [151.139, -33.7785], [151.1386, -33.7789], [151.1388, -33.7796], [151.1393, -33.7803], [151.1393, -33.7811], [151.1395, -33.782], [151.1399, -33.7826], [151.1407, -33.7825], [151.1412, -33.782], [151.1421, -33.7814], [151.1426, -33.7813], [151.1428, -33.7818], [151.1428, -33.7827], [151.1433, -33.7833], [151.1442, -33.7834], [151.1444, -33.7839], [151.1447, -33.7854], [151.1449, -33.7857], [151.1457, -33.7858], [151.1466, -33.7859], [151.1476, -33.7864], [151.1488, -33.7876], [151.1486, -33.7879], [151.1473, -33.788], [151.1469, -33.7883], [151.1471, -33.7888], [151.1473, -33.7893], [151.1472, -33.7899], [151.1469, -33.7907], [151.1471, -33.7916], [151.1471, -33.7922], [151.1478, -33.7931], [151.148, -33.7938], [151.1482, -33.7944], [151.149, -33.7947], [151.1495, -33.7944], [151.1496, -33.7937], [151.1507, -33.793], [151.1516, -33.7923], [151.1519, -33.7919], [151.1522, -33.791], [151.1527, -33.7907], [151.154, -33.7914], [151.1547, -33.7918], [151.1555, -33.7915], [151.1562, -33.7915], [151.1565, -33.7917], [151.1567, -33.7924], [151.1571, -33.7947], [151.1571, -33.7951], [151.1574, -33.7966], [151.1585, -33.7982], [151.1573, -33.8006], [151.1552, -33.7998], [151.1533, -33.8], [151.1531, -33.7992], [151.1515, -33.799], [151.1469, -33.7992], [151.1439, -33.8006], [151.1425, -33.802], [151.1433, -33.8029], [151.1439, -33.8039], [151.1438, -33.805], [151.1431, -33.806], [151.1422, -33.8065], [151.1417, -33.8063], [151.1408, -33.8075], [151.1412, -33.8086], [151.1418, -33.8096], [151.1412, -33.8101], [151.1404, -33.8096], [151.1397, -33.8096], [151.1414, -33.8147], [151.1423, -33.8149], [151.1435, -33.8152], [151.1438, -33.816], [151.1437, -33.8168], [151.1439, -33.8181], [151.1449, -33.8192], [151.1469, -33.8201], [151.1467, -33.821], [151.147, -33.8227], [151.1473, -33.8241], [151.1471, -33.825], [151.1468, -33.8256], [151.1454, -33.826], [151.1448, -33.8264], [151.1446, -33.8262], [151.1443, -33.8257], [151.1438, -33.8252], [151.1435, -33.8254], [151.1435, -33.8263], [151.1435, -33.8267], [151.1427, -33.8269], [151.1428, -33.8272], [151.1434, -33.8281], [151.1438, -33.8292], [151.1453, -33.8301], [151.1457, -33.8304], [151.1468, -33.8303], [151.1473, -33.8305], [151.1475, -33.831], [151.148, -33.8311], [151.1503, -33.8318], [151.1505, -33.8317], [151.1508, -33.8316], [151.1524, -33.8311], [151.1528, -33.8308], [151.1535, -33.831], [151.1545, -33.8316], [151.1553, -33.8321], [151.1558, -33.8322], [151.1563, -33.8323], [151.1569, -33.8325], [151.1576, -33.8332], [151.1583, -33.8337], [151.1585, -33.834], [151.1592, -33.8341], [151.1595, -33.8338], [151.1601, -33.8338], [151.1607, -33.8338], [151.1612, -33.8339], [151.1618, -33.834], [151.1618, -33.8343], [151.1616, -33.8348], [151.1612, -33.8352], [151.161, -33.8355], [151.1608, -33.8357], [151.1607, -33.8361], [151.1609, -33.8366], [151.1615, -33.837], [151.1622, -33.8377], [151.1627, -33.8377], [151.1634, -33.8376], [151.1647, -33.8376], [151.1657, -33.8382], [151.1668, -33.8384], [151.1678, -33.8384], [151.1684, -33.8389], [151.1695, -33.8393], [151.1709, -33.8385], [151.1715, -33.838], [151.1721, -33.8376], [151.1729, -33.8375], [151.1742, -33.8371], [151.1745, -33.837], [151.1749, -33.8368], [151.1753, -33.8364], [151.1759, -33.8362], [151.1762, -33.8359], [151.1766, -33.8357], [151.177, -33.8353], [151.1777, -33.8352], [151.1788, -33.8355], [151.1793, -33.8355], [151.18, -33.8361], [151.1803, -33.8365], [151.1797, -33.8368], [151.1788, -33.837], [151.1782, -33.8372], [151.1779, -33.8376], [151.1777, -33.838], [151.1771, -33.8385], [151.1762, -33.8387], [151.1757, -33.8385], [151.1752, -33.8384], [151.1747, -33.8384], [151.1739, -33.8386], [151.1735, -33.8389], [151.1736, -33.8395], [151.1737, -33.8399], [151.171, -33.8409], [151.1743, -33.843], [151.181, -33.8421], [151.1806, -33.8418], [151.1801, -33.8413], [151.1795, -33.8405], [151.1794, -33.8401], [151.1804, -33.8391], [151.182, -33.838], [151.1833, -33.8374], [151.1842, -33.8364], [151.1844, -33.8359], [151.1842, -33.8354], [151.1838, -33.8346], [151.1831, -33.8341], [151.1822, -33.8337], [151.1818, -33.833], [151.1819, -33.8323], [151.1817, -33.8318], [151.1815, -33.8314], [151.1815, -33.8308], [151.1817, -33.8302], [151.1821, -33.8297], [151.1813, -33.8297], [151.1807, -33.8302], [151.1801, -33.8305], [151.1799, -33.8307], [151.1802, -33.8311], [151.1803, -33.8321], [151.1801, -33.8325], [151.1795, -33.8327], [151.1792, -33.8325], [151.1788, -33.8325], [151.1784, -33.8323], [151.1782, -33.8319], [151.178, -33.8317], [151.1767, -33.8308], [151.1765, -33.83], [151.176, -33.8294], [151.1754, -33.829], [151.175, -33.8285], [151.1744, -33.828], [151.1738, -33.828], [151.1729, -33.8283], [151.1725, -33.829], [151.1718, -33.8298], [151.1705, -33.8306], [151.1706, -33.8311], [151.1713, -33.8316]]]}}, {"type": "Feature", "properties": {}, "geometry": {"type": "Polygon", "coordinates": [[[150.6858, -33.92], [150.686, -33.9199], [150.6861, -33.9199], [150.6861, -33.9198], [150.686, -33.9197], [150.686, -33.9197], [150.6859, -33.9196], [150.6855, -33.9196], [150.685, -33.9197], [150.6846, -33.9199], [150.6836, -33.9197], [150.6833, -33.9193], [150.6829, -33.919], [150.6829, -33.9187], [150.6831, -33.9183], [150.6833, -33.9182], [150.6833, -33.918], [150.6833, -33.9179], [150.6831, -33.9178], [150.6827, -33.9175], [150.6826, -33.9174], [150.6825, -33.9171], [150.682, -33.9166], [150.6819, -33.9162], [150.6819, -33.9158], [150.6821, -33.9154], [150.6822, -33.9152], [150.683, -33.915], [150.683, -33.9147], [150.6831, -33.9144], [150.6825, -33.9139], [150.6824, -33.9138], [150.6819, -33.9134], [150.6818, -33.913], [150.6818, -33.9125], [150.6819, -33.912], [150.682, -33.9117], [150.6821, -33.9114], [150.6823, -33.9112], [150.6824, -33.911], [150.6821, -33.9109], [150.682, -33.9107], [150.6819, -33.9104], [150.6819, -33.9101], [150.6821, -33.9097], [150.6822, -33.9096], [150.6832, -33.9097], [150.6841, -33.9097], [150.6843, -33.9097], [150.6845, -33.9091], [150.6846, -33.9087], [150.6839, -33.9083], [150.6839, -33.9081], [150.6837, -33.9082], [150.6836, -33.9082], [150.683, -33.908], [150.6825, -33.9076], [150.6823, -33.9076], [150.6805, -33.9079], [150.68, -33.908], [150.6792, -33.9081], [150.6791, -33.9084], [150.6792, -33.9086], [150.6793, -33.9092], [150.6793, -33.9097], [150.6791, -33.9104], [150.6789, -33.9109], [150.6786, -33.9109], [150.6788, -33.9111], [150.6788, -33.9114], [150.6787, -33.9119], [150.6788, -33.9124], [150.6789, -33.9128], [150.6788, -33.913], [150.6787, -33.9132], [150.6785, -33.9133], [150.6783, -33.9133], [150.6783, -33.9133], [150.6782, -33.9134], [150.6782, -33.9134], [150.6784, -33.9135], [150.6785, -33.9142], [150.6779, -33.9146], [150.6782, -33.9145], [150.6785, -33.9145], [150.6787, -33.9144], [150.6789, -33.9142], [150.6792, -33.914], [150.6793, -33.914], [150.6796, -33.9141], [150.6797, -33.9143], [150.6797, -33.9147], [150.6796, -33.9153], [150.6795, -33.9155], [150.6796, -33.9155], [150.6797, -33.9156], [150.6798, -33.9157], [150.6802, -33.9167], [150.6803, -33.9168], [150.6805, -33.917], [150.6807, -33.9173], [150.6809, -33.9176], [150.6809, -33.9179], [150.681, -33.9182], [150.6808, -33.9184], [150.6807, -33.9185], [150.6806, -33.9186], [150.6807, -33.9187], [150.6807, -33.919], [150.6807, -33.9191], [150.6808, -33.919], [150.6809, -33.919], [150.681, -33.9188], [150.6811, -33.9188], [150.6813, -33.9187], [150.6815, -33.9188], [150.6815, -33.9189], [150.6818, -33.9194], [150.6818, -33.9197], [150.6817, -33.9198], [150.6818, -33.9199], [150.6818, -33.9199], [150.682, -33.9199], [150.6822, -33.9199], [150.6823, -33.92], [150.6822, -33.9203], [150.6823, -33.9202], [150.6826, -33.9202], [150.6829, -33.9203], [150.6831, -33.9205], [150.6834, -33.9207], [150.6835, -33.921], [150.6836, -33.9211], [150.6838, -33.9214], [150.6838, -33.9216], [150.6837, -33.9217], [150.6835, -33.9218], [150.6835, -33.9221], [150.6836, -33.9221], [150.6837, -33.9221], [150.6838, -33.922], [150.6838, -33.9219], [150.684, -33.9218], [150.6841, -33.9216], [150.6842, -33.9218], [150.6843, -33.9219], [150.6844, -33.9222], [150.6847, -33.9224], [150.6849, -33.9226], [150.6848, -33.9228], [150.6849, -33.9233], [150.6849, -33.9235], [150.6849, -33.9238], [150.6849, -33.9239], [150.6848, -33.9243], [150.6848, -33.9243], [150.6851, -33.9243], [150.6851, -33.9243], [150.6852, -33.9242], [150.6853, -33.9239], [150.6853, -33.9237], [150.6853, -33.9235], [150.6855, -33.9237], [150.6856, -33.9237], [150.6859, -33.9236], [150.686, -33.9236], [150.6861, -33.9234], [150.6862, -33.9231], [150.6862, -33.9227], [150.6862, -33.9227], [150.6862, -33.9226], [150.6861, -33.9225], [150.6857, -33.9222], [150.6855, -33.9219], [150.6854, -33.9216], [150.6852, -33.9214], [150.6851, -33.9212], [150.685, -33.9207], [150.685, -33.9205], [150.6852, -33.9202], [150.6854, -33.9201], [150.6857, -33.9201], [150.6858, -33.92]]]}}, {"type": "Feature", "properties": {}, "geometry": {"type": "Polygon", "coordinates": [[[150.6305, -33.9323], [150.6304, -33.9321], [150.6303, -33.9323], [150.6302, -33.9324], [150.6301, -33.9325], [150.6299, -33.9327], [150.6293, -33.9331], [150.6292, -33.9332], [150.6289, -33.9335], [150.6288, -33.9336], [150.6286, -33.9337], [150.6285, -33.9338], [150.6284, -33.9339], [150.6283, -33.9341], [150.6282, -33.9342], [150.628, -33.9343], [150.6279, -33.9344], [150.6276, -33.9346], [150.6274, -33.9348], [150.6272, -33.935], [150.6271, -33.935], [150.627, -33.9352], [150.627, -33.9353], [150.6269, -33.9354], [150.6268, -33.9355], [150.6268, -33.9356], [150.6267, -33.9358], [150.6266, -33.9359], [150.6264, -33.9363], [150.6261, -33.937], [150.6258, -33.9374], [150.6258, -33.9376], [150.6256, -33.9379], [150.6256, -33.9381], [150.6252, -33.9386], [150.6251, -33.9388], [150.625, -33.9389], [150.625, -33.9391], [150.6249, -33.9393], [150.6248, -33.9394], [150.6247, -33.9395], [150.6246, -33.9397], [150.6246, -33.9397], [150.6244, -33.9398], [150.6243, -33.9399], [150.6241, -33.9401], [150.624, -33.9402], [150.6239, -33.9403], [150.6237, -33.9406], [150.6236, -33.9407], [150.6236, -33.9408], [150.6235, -33.941], [150.6235, -33.9411], [150.6235, -33.9412], [150.6235, -33.9412], [150.6235, -33.9413], [150.6234, -33.9413], [150.6234, -33.9414], [150.6233, -33.9415], [150.6232, -33.9419], [150.6231, -33.9421], [150.623, -33.9422], [150.6228, -33.9424], [150.6227, -33.9426], [150.6227, -33.9427], [150.6224, -33.9431], [150.6223, -33.9434], [150.6221, -33.9436], [150.6214, -33.9446], [150.6209, -33.9454], [150.6208, -33.9456], [150.6207, -33.9458], [150.6205, -33.946], [150.6205, -33.9461], [150.6203, -33.9463], [150.6202, -33.9464], [150.6201, -33.9466], [150.6201, -33.9466], [150.62, -33.9469], [150.6199, -33.9469], [150.6198, -33.9471], [150.6198, -33.9472], [150.6198, -33.9473], [150.6198, -33.9474], [150.6197, -33.9474], [150.6197, -33.9475], [150.6196, -33.9475], [150.6196, -33.9476], [150.6196, -33.9477], [150.6196, -33.9477], [150.6196, -33.9478], [150.6195, -33.9478], [150.6195, -33.9479], [150.6194, -33.9481], [150.6194, -33.9481], [150.6194, -33.9482], [150.6194, -33.9483], [150.6193, -33.9483], [150.6194, -33.9484], [150.6194, -33.9485], [150.6193, -33.9485], [150.6193, -33.9486], [150.6192, -33.9487], [150.6192, -33.9489], [150.6191, -33.9493], [150.619, -33.9495], [150.619, -33.9498], [150.6189, -33.9502], [150.6188, -33.9505], [150.6186, -33.9511], [150.6185, -33.9514], [150.6184, -33.9515], [150.6184, -33.9518], [150.6182, -33.9524], [150.618, -33.9528], [150.6176, -33.9528], [150.6177, -33.9538], [150.6178, -33.9562], [150.619, -33.9585], [150.6216, -33.96], [150.6244, -33.9607], [150.6251, -33.9604], [150.6268, -33.9589], [150.6276, -33.9573], [150.6291, -33.958], [150.6294, -33.9602], [150.6288, -33.9635], [150.628, -33.9669], [150.6273, -33.9708], [150.6282, -33.9726], [150.6298, -33.9732], [150.6363, -33.9753], [150.6396, -33.9766], [150.6419, -33.9777], [150.6434, -33.9786], [150.6467, -33.9819], [150.6496, -33.985], [150.653, -33.9861], [150.6551, -33.9864], [150.6623, -33.9861], [150.6657, -33.9852], [150.6686, -33.9858], [150.6706, -33.9876], [150.6704, -33.9901], [150.6661, -33.9949], [150.6622, -33.9986], [150.6594, -34.0009], [150.6591, -34.0012], [150.6565, -34.0031], [150.6512, -34.0066], [150.6498, -34.0092], [150.65, -34.0112], [150.6512, -34.0133], [150.6519, -34.017], [150.6519, -34.017], [150.6528, -34.0181], [150.6546, -34.0191], [150.6564, -34.0207], [150.657, -34.0217], [150.6575, -34.023], [150.6587, -34.0251], [150.662, -34.0277], [150.6635, -34.028], [150.6668, -34.028], [150.6675, -34.028], [150.6704, -34.0267], [150.6733, -34.0265], [150.6749, -34.0262], [150.6774, -34.0263], [150.6794, -34.0252], [150.6798, -34.0249], [150.6822, -34.0227], [150.686, -34.0202], [150.6882, -34.0201], [150.6914, -34.0212], [150.6918, -34.0248], [150.691, -34.0277], [150.6875, -34.0292], [150.6858, -34.0312], [150.6825, -34.0337], [150.6811, -34.0349], [150.6791, -34.0374], [150.6784, -34.0387], [150.6773, -34.0411], [150.6768, -34.044], [150.677, -34.0478], [150.6782, -34.0499], [150.679, -34.0502], [150.68, -34.0509], [150.6824, -34.0509], [150.685, -34.0506], [150.686, -34.0502], [150.6901, -34.0466], [150.6926, -34.0431], [150.6941, -34.0416], [150.6959, -34.0418], [150.6981, -34.0425], [150.6985, -34.0426], [150.6997, -34.045], [150.7002, -34.0459], [150.7022, -34.0474], [150.705, -34.05], [150.7054, -34.0519], [150.7046, -34.0543], [150.7032, -34.0568], [150.7017, -34.0603], [150.7008, -34.0626], [150.6994, -34.0664], [150.6997, -34.0688], [150.7003, -34.0717], [150.7003, -34.0732], [150.7023, -34.0767], [150.7035, -34.0774], [150.705, -34.0777], [150.709, -34.0782], [150.7108, -34.0784], [150.7141, -34.0788], [150.7168, -34.0789], [150.7203, -34.0782], [150.7215, -34.0781], [150.7204, -34.0779], [150.718, -34.078], [150.7138, -34.0785], [150.7123, -34.0781], [150.7094, -34.0779], [150.7067, -34.0773], [150.7046, -34.0773], [150.7009, -34.0739], [150.7007, -34.0714], [150.7001, -34.0682], [150.7001, -34.065], [150.7017, -34.0614], [150.7021, -34.0605], [150.7047, -34.055], [150.7054, -34.0533], [150.7053, -34.0497], [150.7037, -34.0477], [150.7018, -34.0466], [150.6999, -34.0447], [150.6997, -34.0437], [150.6974, -34.0418], [150.6955, -34.0416], [150.6942, -34.0411], [150.6927, -34.0423], [150.6894, -34.0466], [150.686, -34.0496], [150.6826, -34.05], [150.6811, -34.0504], [150.6782, -34.0491], [150.6774, -34.0455], [150.6775, -34.0419], [150.6789, -34.0386], [150.6796, -34.0381], [150.681, -34.0354], [150.6828, -34.034], [150.6869, -34.0308], [150.6895, -34.0291], [150.6914, -34.0279], [150.692, -34.0272], [150.6925, -34.0232], [150.692, -34.0208], [150.6901, -34.0197], [150.6868, -34.0194], [150.684, -34.0203], [150.6807, -34.0236], [150.679, -34.0249], [150.6763, -34.0261], [150.6746, -34.0257], [150.671, -34.0263], [150.6681, -34.0272], [150.6639, -34.0276], [150.6599, -34.0257], [150.6579, -34.0232], [150.6572, -34.0211], [150.6559, -34.0197], [150.6526, -34.017], [150.6517, -34.0145], [150.6515, -34.0129], [150.6503, -34.0105], [150.6506, -34.008], [150.6514, -34.0068], [150.6548, -34.0048], [150.6568, -34.0032], [150.6594, -34.0014], [150.6636, -33.9977], [150.669, -33.9927], [150.6709, -33.9902], [150.6711, -33.9881], [150.6704, -33.9865], [150.6701, -33.986], [150.6686, -33.9853], [150.6683, -33.9852], [150.664, -33.985], [150.6596, -33.986], [150.6506, -33.985], [150.6475, -33.9821], [150.6455, -33.9796], [150.642, -33.9774], [150.6376, -33.9754], [150.6287, -33.9724], [150.6278, -33.9698], [150.6298, -33.9618], [150.63, -33.9601], [150.63, -33.9576], [150.6292, -33.957], [150.6277, -33.9567], [150.6265, -33.9577], [150.626, -33.9588], [150.624, -33.9601], [150.6216, -33.9594], [150.6187, -33.9568], [150.6182, -33.9556], [150.6184, -33.9525], [150.6186, -33.9516], [150.6187, -33.9513], [150.6188, -33.951], [150.6189, -33.9507], [150.6189, -33.9504], [150.6191, -33.9499], [150.6192, -33.9495], [150.6192, -33.9492], [150.6193, -33.9489], [150.6194, -33.9487], [150.6195, -33.9484], [150.6195, -33.9484], [150.6196, -33.9482], [150.6197, -33.948], [150.6197, -33.9477], [150.6198, -33.9476], [150.6199, -33.9472], [150.62, -33.9471], [150.6202, -33.9468], [150.6203, -33.9467], [150.6204, -33.9465], [150.6206, -33.9462], [150.6207, -33.946], [150.6209, -33.9457], [150.6211, -33.9455], [150.6213, -33.9454], [150.6213, -33.9453], [150.6214, -33.9451], [150.6214, -33.945], [150.6217, -33.9446], [150.622, -33.9443], [150.6221, -33.9441], [150.6223, -33.9438], [150.6225, -33.9434], [150.6226, -33.9431], [150.6228, -33.943], [150.6229, -33.9427], [150.623, -33.9425], [150.6231, -33.9423], [150.6232, -33.9422], [150.6234, -33.9418], [150.6236, -33.9416], [150.6237, -33.9415], [150.6238, -33.9412], [150.624, -33.9409], [150.6241, -33.9408], [150.6242, -33.9407], [150.6244, -33.9405], [150.6245, -33.9403], [150.6248, -33.9399], [150.6248, -33.9397], [150.625, -33.9394], [150.6251, -33.939], [150.6252, -33.939], [150.6254, -33.9387], [150.6255, -33.9385], [150.6256, -33.9382], [150.6258, -33.9378], [150.6259, -33.9376], [150.6259, -33.9376], [150.626, -33.9375], [150.6261, -33.9374], [150.6262, -33.9371], [150.6263, -33.9369], [150.6266, -33.9363], [150.6269, -33.9359], [150.627, -33.9357], [150.6271, -33.9355], [150.6272, -33.9353], [150.6275, -33.935], [150.6276, -33.9348], [150.6278, -33.9347], [150.6279, -33.9346], [150.6281, -33.9345], [150.6282, -33.9343], [150.6285, -33.9341], [150.6287, -33.934], [150.6289, -33.9338], [150.6292, -33.9335], [150.6293, -33.9334], [150.6296, -33.9331], [150.6296, -33.933], [150.6299, -33.9328], [150.6301, -33.9327], [150.6302, -33.9325], [150.6304, -33.9325], [150.6305, -33.9324], [150.6305, -33.9323]]]}}, {"type": "Feature", "properties": {}, "geometry": {"type": "Polygon", "coordinates": [[[150.9617, -33.8987], [150.9612, -33.8987], [150.9608, -33.8986], [150.9607, -33.8986], [150.9604, -33.8987], [150.9603, -33.8987], [150.9602, -33.8987], [150.9601, -33.8987], [150.96, -33.8988], [150.9599, -33.8988], [150.9599, -33.8989], [150.9599, -33.8989], [150.9599, -33.8989], [150.9599, -33.899], [150.9599, -33.8991], [150.9599, -33.8991], [150.9599, -33.8991], [150.9599, -33.8991], [150.9599, -33.8991], [150.9599, -33.8991], [150.9598, -33.8991], [150.9598, -33.8991], [150.9598, -33.899], [150.9598, -33.899], [150.9597, -33.899], [150.9597, -33.899], [150.9596, -33.899], [150.9595, -33.899], [150.9595, -33.899], [150.9594, -33.899], [150.9594, -33.899], [150.9592, -33.899], [150.9591, -33.8991], [150.959, -33.8991], [150.959, -33.8991], [150.9589, -33.8992], [150.9589, -33.8992], [150.9589, -33.8992], [150.9589, -33.8993], [150.959, -33.8993], [150.9589, -33.8994], [150.9589, -33.8994], [150.9589, -33.8994], [150.9589, -33.8995], [150.9589, -33.8995], [150.9588, -33.8994], [150.9588, -33.8994], [150.9588, -33.8994], [150.9587, -33.8993], [150.9587, -33.8993], [150.9587, -33.8992], [150.9586, -33.8992], [150.9586, -33.8992], [150.9586, -33.8991], [150.9585, -33.8991], [150.9585, -33.8992], [150.9583, -33.8992], [150.9581, -33.8993], [150.958, -33.8994], [150.9579, -33.8994], [150.9577, -33.8995], [150.9576, -33.8995], [150.9575, -33.8996], [150.9575, -33.8996], [150.9573, -33.8997], [150.9569, -33.8999], [150.9568, -33.8999], [150.9567, -33.9], [150.9566, -33.9001], [150.9565, -33.9001], [150.9562, -33.9004], [150.9561, -33.9005], [150.9559, -33.9006], [150.9558, -33.9007], [150.9557, -33.9008], [150.9556, -33.9008], [150.9555, -33.9009], [150.9552, -33.9011], [150.9551, -33.9011], [150.955, -33.9011], [150.9549, -33.9011], [150.9549, -33.9013], [150.9549, -33.9013], [150.9548, -33.9014], [150.9547, -33.9015], [150.9545, -33.9016], [150.9542, -33.9019], [150.9541, -33.9019], [150.954, -33.902], [150.9537, -33.9022], [150.9536, -33.9023], [150.9535, -33.9024], [150.9535, -33.9024], [150.953, -33.9028], [150.9529, -33.9029], [150.9527, -33.903], [150.9526, -33.9031], [150.9525, -33.9032], [150.9523, -33.9033], [150.9522, -33.9034], [150.952, -33.9034], [150.9519, -33.9035], [150.9518, -33.9036], [150.9518, -33.9036], [150.9517, -33.9037], [150.9516, -33.9038], [150.9515, -33.9039], [150.9515, -33.9039], [150.9514, -33.904], [150.9513, -33.904], [150.9513, -33.904], [150.9512, -33.904], [150.9511, -33.9041], [150.9511, -33.9041], [150.951, -33.9041], [150.9509, -33.9042], [150.9507, -33.9043], [150.9506, -33.9044], [150.9505, -33.9045], [150.9503, -33.9048], [150.9502, -33.9049], [150.95, -33.9051], [150.95, -33.9051], [150.9499, -33.9052], [150.9497, -33.9053], [150.9497, -33.9053], [150.9496, -33.9053], [150.9496, -33.9053], [150.9495, -33.9054], [150.9495, -33.9056], [150.9495, -33.9059], [150.949, -33.9069], [150.9487, -33.9073], [150.9488, -33.9075], [150.949, -33.9077], [150.949, -33.9077], [150.949, -33.9076], [150.9491, -33.9076], [150.9491, -33.9075], [150.9491, -33.9075], [150.9491, -33.9074], [150.9492, -33.9074], [150.9493, -33.9074], [150.9493, -33.9075], [150.9494, -33.9075], [150.9494, -33.9076], [150.9495, -33.9076], [150.9495, -33.9077], [150.9495, -33.9079], [150.9495, -33.908], [150.9495, -33.9081], [150.9495, -33.9082], [150.9495, -33.9083], [150.9494, -33.9086], [150.9494, -33.9088], [150.9494, -33.9089], [150.9494, -33.909], [150.9494, -33.9092], [150.9494, -33.9092], [150.9494, -33.9092], [150.9495, -33.9093], [150.9495, -33.9093], [150.9496, -33.9094], [150.9497, -33.9093], [150.9498, -33.9093], [150.9499, -33.9094], [150.95, -33.9094], [150.9501, -33.9094], [150.9501, -33.9094], [150.9502, -33.9094], [150.9504, -33.9094], [150.9504, -33.9095], [150.9505, -33.9095], [150.9506, -33.9095], [150.9507, -33.9095], [150.9508, -33.9095], [150.9509, -33.9095], [150.9511, -33.9094], [150.9512, -33.9094], [150.9512, -33.9094], [150.9513, -33.9094], [150.9513, -33.9094], [150.9514, -33.9093], [150.9515, -33.9093], [150.9515, -33.9092], [150.9517, -33.9091], [150.9517, -33.909], [150.9518, -33.909], [150.9518, -33.9089], [150.9518, -33.9088], [150.9519, -33.9087], [150.9519, -33.9085], [150.952, -33.9084], [150.9521, -33.9083], [150.9523, -33.9082], [150.9523, -33.9081], [150.9523, -33.9081], [150.9523, -33.9081], [150.9523, -33.908], [150.9523, -33.9079], [150.9523, -33.9078], [150.9524, -33.9075], [150.9524, -33.9074], [150.9524, -33.9074], [150.9524, -33.9073], [150.9525, -33.9072], [150.9525, -33.9071], [150.9526, -33.907], [150.9526, -33.9069], [150.9526, -33.9068], [150.9527, -33.9066], [150.9527, -33.9066], [150.9527, -33.9065], [150.9527, -33.9064], [150.9527, -33.9064], [150.9527, -33.9063], [150.9528, -33.9062], [150.9528, -33.9062], [150.9528, -33.9062], [150.9529, -33.9061], [150.9529, -33.9061], [150.953, -33.9061], [150.953, -33.9061], [150.9531, -33.9061], [150.9532, -33.9062], [150.9534, -33.9062], [150.9537, -33.9063], [150.9541, -33.9064], [150.9545, -33.9064], [150.9549, -33.9064], [150.9552, -33.9065], [150.9556, -33.9065], [150.9557, -33.9065], [150.9558, -33.9064], [150.956, -33.9063], [150.9561, -33.9061], [150.9561, -33.906], [150.9561, -33.906], [150.9561, -33.9058], [150.9563, -33.9054], [150.9563, -33.9053], [150.9564, -33.9051], [150.9565, -33.905], [150.9565, -33.905], [150.9566, -33.905], [150.9566, -33.905], [150.9567, -33.9049], [150.9569, -33.9049], [150.9569, -33.9049], [150.957, -33.9048], [150.9571, -33.9047], [150.9572, -33.9047], [150.9572, -33.9046], [150.9573, -33.9046], [150.9573, -33.9046], [150.9574, -33.9046], [150.9574, -33.9047], [150.9574, -33.9047], [150.9574, -33.9047], [150.9574, -33.9048], [150.9574, -33.9049], [150.9574, -33.905], [150.9573, -33.9051], [150.9572, -33.9052], [150.9572, -33.9052], [150.9572, -33.9053], [150.9572, -33.9053], [150.9573, -33.9053], [150.9573, -33.9054], [150.9573, -33.9055], [150.9574, -33.9056], [150.9574, -33.9056], [150.9575, -33.9056], [150.9575, -33.9057], [150.9576, -33.9057], [150.9577, -33.9057], [150.9577, -33.9057], [150.9579, -33.9057], [150.9579, -33.9057], [150.958, -33.9057], [150.958, -33.9057], [150.9581, -33.9056], [150.9582, -33.9056], [150.9582, -33.9055], [150.9583, -33.9055], [150.9584, -33.9054], [150.9584, -33.9053], [150.9585, -33.9053], [150.9585, -33.9052], [150.9586, -33.9052], [150.9586, -33.9052], [150.9587, -33.9052], [150.9587, -33.9052], [150.9589, -33.9052], [150.9589, -33.9053], [150.9593, -33.9053], [150.9594, -33.9053], [150.9595, -33.9054], [150.9596, -33.9054], [150.9597, -33.9054], [150.9598, -33.9054], [150.9598, -33.9054], [150.9598, -33.9053], [150.9598, -33.9053], [150.9599, -33.9053], [150.9599, -33.9052], [150.9599, -33.9052], [150.9599, -33.9051], [150.9599, -33.9048], [150.9598, -33.9046], [150.9598, -33.9046], [150.9599, -33.9045], [150.9599, -33.9044], [150.9599, -33.9043], [150.9599, -33.9042], [150.9599, -33.9041], [150.9601, -33.9038], [150.9602, -33.9036], [150.9602, -33.9035], [150.9603, -33.9034], [150.9603, -33.9034], [150.9604, -33.9033], [150.9604, -33.9033], [150.9604, -33.9033], [150.9605, -33.9033], [150.9605, -33.9033], [150.9605, -33.9033], [150.9606, -33.9033], [150.961, -33.9036], [150.9612, -33.9036], [150.9614, -33.9035], [150.962, -33.9031], [150.9621, -33.903], [150.9625, -33.9029], [150.9628, -33.9029], [150.9633, -33.9028], [150.9634, -33.9028], [150.9641, -33.9028], [150.9646, -33.9029], [150.9648, -33.9029], [150.9649, -33.9029], [150.9654, -33.9029], [150.966, -33.903], [150.9661, -33.903], [150.9663, -33.9029], [150.9664, -33.9029], [150.9665, -33.9029], [150.9666, -33.9029], [150.9667, -33.9029], [150.9668, -33.9029], [150.9669, -33.9028], [150.967, -33.9027], [150.967, -33.9026], [150.9671, -33.9026], [150.9671, -33.9024], [150.9672, -33.9024], [150.9672, -33.9023], [150.9672, -33.9022], [150.9672, -33.9019], [150.9671, -33.9016], [150.967, -33.9011], [150.967, -33.9009], [150.9669, -33.9008], [150.9669, -33.9007], [150.9668, -33.9006], [150.9667, -33.9005], [150.9667, -33.9004], [150.9666, -33.9004], [150.9666, -33.9003], [150.9665, -33.9003], [150.966, -33.8999], [150.9659, -33.8998], [150.9658, -33.8997], [150.9657, -33.8996], [150.9656, -33.8996], [150.9655, -33.8995], [150.9654, -33.8994], [150.9652, -33.8993], [150.9651, -33.8993], [150.965, -33.8992], [150.9649, -33.8992], [150.9648, -33.8991], [150.9647, -33.8991], [150.9646, -33.8991], [150.9645, -33.899], [150.964, -33.8989], [150.964, -33.8989], [150.9638, -33.8989], [150.9637, -33.8988], [150.9636, -33.8988], [150.9635, -33.8988], [150.9634, -33.8988], [150.9632, -33.8988], [150.9629, -33.8987], [150.9626, -33.8987], [150.9625, -33.8987], [150.9623, -33.8987], [150.9622, -33.8987], [150.9619, -33.8987], [150.9618, -33.8987], [150.9617, -33.8987]], [[150.9649, -33.9002], [150.965, -33.9001], [150.965, -33.9001], [150.9649, -33.9001], [150.9649, -33.9001], [150.9649, -33.9], [150.9649, -33.9], [150.9649, -33.9], [150.9649, -33.8999], [150.965, -33.8999], [150.965, -33.8999], [150.9651, -33.8998], [150.9651, -33.8998], [150.9652, -33.8998], [150.9652, -33.8998], [150.9652, -33.8998], [150.9653, -33.8998], [150.9654, -33.8999], [150.9654, -33.8999], [150.9654, -33.8999], [150.9655, -33.8999], [150.9656, -33.9], [150.9656, -33.9], [150.9659, -33.9002], [150.966, -33.9002], [150.9661, -33.9003], [150.9662, -33.9004], [150.9663, -33.9005], [150.9664, -33.9006], [150.9665, -33.9007], [150.9666, -33.9008], [150.9666, -33.9009], [150.9667, -33.901], [150.9668, -33.9012], [150.9668, -33.9014], [150.9668, -33.9015], [150.9668, -33.9016], [150.9668, -33.9018], [150.9668, -33.9019], [150.9668, -33.9019], [150.9668, -33.902], [150.9668, -33.9021], [150.9668, -33.9022], [150.9667, -33.9023], [150.9667, -33.9023], [150.9666, -33.9024], [150.9666, -33.9025], [150.9665, -33.9025], [150.9664, -33.9025], [150.9664, -33.9026], [150.9663, -33.9026], [150.9662, -33.9027], [150.9661, -33.9027], [150.966, -33.9026], [150.9658, -33.9026], [150.9657, -33.9026], [150.9655, -33.9025], [150.9653, -33.9025], [150.9653, -33.9025], [150.9652, -33.9025], [150.9651, -33.9025], [150.9649, -33.9024], [150.9649, -33.9024], [150.9648, -33.9024], [150.9648, -33.9024], [150.9648, -33.9024], [150.9649, -33.9023], [150.9649, -33.9023], [150.9649, -33.9023], [150.9649, -33.9023], [150.965, -33.9023], [150.9651, -33.9023], [150.9652, -33.9023], [150.9654, -33.9024], [150.9657, -33.9024], [150.9658, -33.9024], [150.966, -33.9024], [150.966, -33.9024], [150.9661, -33.9024], [150.9661, -33.9024], [150.9662, -33.9023], [150.9663, -33.9022], [150.9663, -33.9022], [150.9664, -33.9021], [150.9664, -33.902], [150.9664, -33.902], [150.9664, -33.9019], [150.9664, -33.9019], [150.9664, -33.9019], [150.9664, -33.9018], [150.9664, -33.9017], [150.9664, -33.9016], [150.9664, -33.9016], [150.9663, -33.9015], [150.9663, -33.9015], [150.9662, -33.9015], [150.9662, -33.9015], [150.9661, -33.9016], [150.966, -33.9016], [150.9659, -33.9015], [150.9657, -33.9015], [150.9656, -33.9015], [150.9656, -33.9015], [150.9656, -33.9015], [150.9655, -33.9014], [150.9655, -33.9014], [150.9655, -33.9014], [150.9654, -33.9014], [150.9653, -33.9014], [150.9652, -33.9013], [150.9651, -33.9013], [150.965, -33.9013], [150.9649, -33.9013], [150.9649, -33.9013], [150.9648, -33.9013], [150.9647, -33.9013], [150.9646, -33.9013], [150.9645, -33.9013], [150.9644, -33.9013], [150.9644, -33.9012], [150.9643, -33.9012], [150.9643, -33.9012], [150.9642, -33.9012], [150.9642, -33.9011], [150.9641, -33.9011], [150.9641, -33.9011], [150.9641, -33.901], [150.9641, -33.901], [150.9641, -33.901], [150.9641, -33.9009], [150.9641, -33.9009], [150.9641, -33.9009], [150.9641, -33.9009], [150.9642, -33.9009], [150.9642, -33.9009], [150.9642, -33.9009], [150.9643, -33.9009], [150.9643, -33.9009], [150.9644, -33.9009], [150.9645, -33.901], [150.9646, -33.901], [150.9647, -33.901], [150.9647, -33.901], [150.9648, -33.901], [150.9648, -33.901], [150.9649, -33.901], [150.9649, -33.901], [150.965, -33.901], [150.9651, -33.901], [150.9651, -33.901], [150.9651, -33.901], [150.9652, -33.901], [150.9652, -33.9009], [150.9652, -33.9009], [150.9653, -33.9009], [150.9653, -33.9008], [150.9653, -33.9008], [150.9653, -33.9008], [150.9653, -33.9008], [150.9654, -33.9008], [150.9654, -33.9007], [150.9653, -33.9007], [150.9653, -33.9007], [150.9653, -33.9006], [150.9653, -33.9006], [150.9652, -33.9006], [150.9652, -33.9006], [150.9651, -33.9005], [150.9651, -33.9005], [150.9651, -33.9005], [150.965, -33.9005], [150.965, -33.9005], [150.9649, -33.9005], [150.9649, -33.9005], [150.9648, -33.9005], [150.9648, -33.9005], [150.9648, -33.9005], [150.9647, -33.9006], [150.9647, -33.9006], [150.9647, -33.9006], [150.9646, -33.9006], [150.9646, -33.9006], [150.9645, -33.9006], [150.9645, -33.9006], [150.9644, -33.9005], [150.9644, -33.9005], [150.9644, -33.9005], [150.9644, -33.9005], [150.9644, -33.9004], [150.9644, -33.9004], [150.9644, -33.9004], [150.9644, -33.9003], [150.9644, -33.9003], [150.9644, -33.9002], [150.9644, -33.9002], [150.9644, -33.9002], [150.9645, -33.9002], [150.9645, -33.9002], [150.9647, -33.9002], [150.9648, -33.9002], [150.9649, -33.9002], [150.9649, -33.9002], [150.9649, -33.9002]], [[150.9547, -33.9023], [150.9547, -33.9023], [150.9547, -33.9024], [150.9547, -33.9025], [150.9547, -33.9025], [150.9547, -33.9026], [150.9547, -33.9026], [150.9547, -33.9026], [150.9547, -33.9026], [150.9547, -33.9027], [150.9546, -33.9027], [150.9546, -33.9028], [150.9545, -33.9028], [150.9545, -33.9028], [150.9545, -33.9028], [150.9544, -33.9028], [150.9544, -33.9028], [150.9544, -33.9028], [150.9544, -33.9027], [150.9543, -33.9027], [150.9543, -33.9027], [150.9543, -33.9027], [150.9542, -33.9027], [150.9542, -33.9027], [150.9541, -33.9027], [150.9541, -33.9027], [150.9541, -33.9027], [150.954, -33.9028], [150.954, -33.9028], [150.954, -33.9028], [150.9538, -33.9029], [150.9538, -33.903], [150.9537, -33.903], [150.9536, -33.9031], [150.9536, -33.9031], [150.9536, -33.9031], [150.9536, -33.9032], [150.9536, -33.9033], [150.9536, -33.9033], [150.9536, -33.9034], [150.9536, -33.9034], [150.9536, -33.9035], [150.9536, -33.9035], [150.9535, -33.9036], [150.9535, -33.9036], [150.9535, -33.9036], [150.9534, -33.9037], [150.9534, -33.9037], [150.9533, -33.9038], [150.9532, -33.9038], [150.9531, -33.9038], [150.9531, -33.9038], [150.953, -33.9038], [150.953, -33.9038], [150.9529, -33.9038], [150.9527, -33.9038], [150.9527, -33.9039], [150.9525, -33.9039], [150.9524, -33.9039], [150.9524, -33.9039], [150.9523, -33.9039], [150.9522, -33.904], [150.9521, -33.904], [150.9521, -33.904], [150.9521, -33.904], [150.9521, -33.9039], [150.9522, -33.9039], [150.9522, -33.9038], [150.9523, -33.9038], [150.9523, -33.9037], [150.9524, -33.9036], [150.9527, -33.9035], [150.9529, -33.9033], [150.9531, -33.9032], [150.9531, -33.9031], [150.9534, -33.903], [150.9535, -33.9029], [150.9536, -33.9028], [150.9538, -33.9027], [150.954, -33.9025], [150.9541, -33.9025], [150.9541, -33.9024], [150.9542, -33.9024], [150.9544, -33.9023], [150.9544, -33.9022], [150.9545, -33.9022], [150.9545, -33.9022], [150.9545, -33.9021], [150.9546, -33.9021], [150.9546, -33.9021], [150.9546, -33.9021], [150.9547, -33.9021], [150.9547, -33.9021], [150.9547, -33.9021], [150.9547, -33.9021], [150.9547, -33.9021], [150.9547, -33.9021], [150.9547, -33.9022], [150.9547, -33.9022], [150.9547, -33.9023], [150.9547, -33.9023]], [[150.9559, -33.9015], [150.9559, -33.9014], [150.9559, -33.9014], [150.9558, -33.9014], [150.9558, -33.9014], [150.9558, -33.9014], [150.9558, -33.9014], [150.9558, -33.9013], [150.9558, -33.9013], [150.9559, -33.9013], [150.9559, -33.9013], [150.9559, -33.9012], [150.956, -33.9012], [150.956, -33.9012], [150.9561, -33.9012], [150.9561, -33.9012], [150.9562, -33.9011], [150.9562, -33.9011], [150.9563, -33.901], [150.9564, -33.901], [150.9564, -33.901], [150.9566, -33.9009], [150.9567, -33.9008], [150.9567, -33.9008], [150.9568, -33.9008], [150.9568, -33.9007], [150.9569, -33.9006], [150.9574, -33.9002], [150.9574, -33.9002], [150.9575, -33.9001], [150.9575, -33.9001], [150.9576, -33.9001], [150.9576, -33.9001], [150.9577, -33.9], [150.9578, -33.8999], [150.9579, -33.8999], [150.9579, -33.8999], [150.958, -33.8998], [150.958, -33.8998], [150.958, -33.8998], [150.958, -33.8998], [150.9581, -33.8997], [150.9581, -33.8997], [150.9582, -33.8997], [150.9582, -33.8997], [150.9582, -33.8997], [150.9582, -33.8998], [150.9582, -33.8998], [150.9583, -33.8998], [150.9583, -33.8998], [150.9583, -33.8999], [150.9583, -33.8999], [150.9582, -33.8999], [150.9582, -33.8999], [150.9582, -33.9], [150.9582, -33.9], [150.9581, -33.9], [150.9581, -33.9], [150.958, -33.9], [150.958, -33.9], [150.9579, -33.9001], [150.9579, -33.9001], [150.9579, -33.9001], [150.9578, -33.9002], [150.9578, -33.9003], [150.9577, -33.9003], [150.9577, -33.9004], [150.9576, -33.9004], [150.9576, -33.9004], [150.9575, -33.9005], [150.9574, -33.9005], [150.9572, -33.9007], [150.9572, -33.9007], [150.9572, -33.9007], [150.9571, -33.9008], [150.957, -33.9008], [150.9569, -33.9009], [150.9569, -33.9009], [150.9568, -33.9009], [150.9567, -33.9009], [150.9566, -33.901], [150.9566, -33.901], [150.9565, -33.901], [150.9565, -33.901], [150.9565, -33.9011], [150.9565, -33.9011], [150.9564, -33.9011], [150.9563, -33.9012], [150.9563, -33.9013], [150.9563, -33.9013], [150.9563, -33.9013], [150.9563, -33.9014], [150.9564, -33.9014], [150.9564, -33.9015], [150.9564, -33.9015], [150.9564, -33.9015], [150.9564, -33.9015], [150.9564, -33.9015], [150.9564, -33.9015], [150.9563, -33.9016], [150.9563, -33.9016], [150.9563, -33.9015], [150.9562, -33.9015], [150.9562, -33.9015], [150.9561, -33.9015], [150.956, -33.9015], [150.9559, -33.9015]], [[150.9613, -33.9013], [150.9612, -33.9014], [150.9611, -33.9014], [150.961, -33.9015], [150.961, -33.9015], [150.9609, -33.9015], [150.9609, -33.9015], [150.9609, -33.9015], [150.9608, -33.9015], [150.9608, -33.9015], [150.9608, -33.9015], [150.9607, -33.9015], [150.9607, -33.9014], [150.9607, -33.9014], [150.9608, -33.9014], [150.9608, -33.9013], [150.9608, -33.9013], [150.9608, -33.9013], [150.9608, -33.9012], [150.9609, -33.9012], [150.9609, -33.9012], [150.9609, -33.9012], [150.961, -33.9012], [150.9611, -33.9011], [150.9612, -33.9011], [150.9613, -33.9011], [150.9614, -33.901], [150.9614, -33.901], [150.9615, -33.9009], [150.9615, -33.9009], [150.9616, -33.9009], [150.9619, -33.9009], [150.962, -33.9008], [150.962, -33.9008], [150.9621, -33.9008], [150.9622, -33.9008], [150.9622, -33.9008], [150.9623, -33.9008], [150.9623, -33.9008], [150.9623, -33.9009], [150.9623, -33.9009], [150.9623, -33.9009], [150.9623, -33.901], [150.9623, -33.901], [150.9623, -33.901], [150.9622, -33.901], [150.9622, -33.9011], [150.9621, -33.9011], [150.9621, -33.9011], [150.9621, -33.9011], [150.962, -33.9011], [150.9619, -33.9011], [150.9619, -33.9011], [150.9618, -33.9011], [150.9618, -33.9011], [150.9617, -33.9012], [150.9617, -33.9012], [150.9616, -33.9012], [150.9615, -33.9013], [150.9613, -33.9013]]]}}, {"type": "Feature", "properties": {}, "geometry": {"type": "Polygon", "coordinates": [[[150.8913, -33.8093], [150.8913, -33.8093], [150.891, -33.809], [150.8908, -33.8089], [150.8905, -33.8086], [150.8904, -33.8083], [150.89, -33.8084], [150.8898, -33.8085], [150.8899, -33.8086], [150.8899, -33.8091], [150.8896, -33.8094], [150.889, -33.8094], [150.8889, -33.8095], [150.8887, -33.8096], [150.8889, -33.81], [150.8891, -33.8107], [150.889, -33.8112], [150.8891, -33.8116], [150.8894, -33.812], [150.8894, -33.8122], [150.8896, -33.8125], [150.8897, -33.8129], [150.8897, -33.8133], [150.8896, -33.8134], [150.8893, -33.8135], [150.8889, -33.8136], [150.8885, -33.8136], [150.8879, -33.8135], [150.8872, -33.8134], [150.8868, -33.8131], [150.8863, -33.8129], [150.8861, -33.8129], [150.8857, -33.8128], [150.8853, -33.8126], [150.8853, -33.8125], [150.8852, -33.812], [150.8852, -33.8117], [150.885, -33.8116], [150.8845, -33.8115], [150.8841, -33.8114], [150.8836, -33.811], [150.8835, -33.8114], [150.8833, -33.8117], [150.8828, -33.8119], [150.8827, -33.8119], [150.8826, -33.8119], [150.8819, -33.812], [150.8807, -33.8118], [150.8803, -33.8115], [150.8802, -33.8114], [150.8799, -33.8114], [150.8794, -33.8115], [150.8793, -33.8116], [150.8792, -33.812], [150.8793, -33.8124], [150.8794, -33.8126], [150.8796, -33.8127], [150.8798, -33.8128], [150.88, -33.8129], [150.8804, -33.8131], [150.8808, -33.8135], [150.8808, -33.8138], [150.8809, -33.8139], [150.8815, -33.8141], [150.8817, -33.8141], [150.882, -33.8143], [150.8821, -33.8148], [150.8821, -33.8149], [150.8821, -33.8151], [150.8824, -33.8152], [150.8832, -33.8155], [150.8833, -33.8156], [150.8837, -33.816], [150.8837, -33.8164], [150.8838, -33.8168], [150.8842, -33.817], [150.8846, -33.8171], [150.8849, -33.8172], [150.885, -33.8172], [150.8852, -33.8172], [150.8855, -33.8173], [150.8861, -33.8175], [150.8863, -33.8177], [150.8863, -33.818], [150.886, -33.8182], [150.8857, -33.8183], [150.8851, -33.8183], [150.8846, -33.8183], [150.8832, -33.818], [150.883, -33.818], [150.8823, -33.8178], [150.8813, -33.8177], [150.8806, -33.8176], [150.8799, -33.8172], [150.8796, -33.8171], [150.8793, -33.8171], [150.8791, -33.8171], [150.8793, -33.8174], [150.8793, -33.8176], [150.8791, -33.8177], [150.8789, -33.8177], [150.8786, -33.8178], [150.8784, -33.8179], [150.8778, -33.818], [150.8775, -33.8182], [150.8771, -33.8186], [150.8767, -33.8188], [150.8765, -33.8188], [150.8762, -33.8189], [150.8759, -33.8191], [150.8758, -33.8193], [150.8754, -33.8196], [150.8752, -33.8198], [150.8747, -33.8201], [150.8747, -33.8203], [150.8748, -33.8204], [150.8752, -33.8204], [150.8757, -33.8205], [150.8764, -33.8206], [150.877, -33.8207], [150.8777, -33.8207], [150.878, -33.8207], [150.8784, -33.8208], [150.8786, -33.821], [150.8789, -33.8211], [150.8797, -33.8211], [150.8804, -33.8211], [150.8807, -33.8211], [150.881, -33.8212], [150.8813, -33.8213], [150.8816, -33.8215], [150.882, -33.822], [150.8822, -33.8221], [150.8823, -33.8223], [150.8823, -33.8225], [150.8821, -33.8228], [150.8809, -33.8236], [150.8807, -33.8237], [150.8806, -33.8238], [150.88, -33.8239], [150.8796, -33.824], [150.8789, -33.824], [150.8783, -33.824], [150.8777, -33.824], [150.8771, -33.824], [150.8769, -33.824], [150.8757, -33.8239], [150.8755, -33.8238], [150.8752, -33.8238], [150.8748, -33.8237], [150.8744, -33.8237], [150.8741, -33.8239], [150.8737, -33.8243], [150.8736, -33.8245], [150.8737, -33.8248], [150.8738, -33.8252], [150.8739, -33.8254], [150.8743, -33.8257], [150.875, -33.8258], [150.8755, -33.8257], [150.8757, -33.8256], [150.8759, -33.8259], [150.8759, -33.8262], [150.8756, -33.8264], [150.8757, -33.8266], [150.8763, -33.8266], [150.8767, -33.8267], [150.8768, -33.8267], [150.8771, -33.8267], [150.8776, -33.8269], [150.8777, -33.827], [150.8775, -33.8271], [150.8772, -33.8272], [150.8769, -33.8275], [150.8769, -33.8275], [150.8772, -33.8275], [150.8777, -33.8272], [150.8779, -33.8272], [150.878, -33.8273], [150.8783, -33.8277], [150.8779, -33.828], [150.8778, -33.8283], [150.8778, -33.8287], [150.8779, -33.8289], [150.8782, -33.829], [150.8788, -33.8291], [150.8792, -33.8292], [150.8796, -33.8288], [150.88, -33.8285], [150.8804, -33.8281], [150.8804, -33.8282], [150.8804, -33.8283], [150.8806, -33.8283], [150.881, -33.828], [150.8812, -33.8278], [150.8818, -33.8278], [150.8821, -33.8278], [150.8827, -33.8275], [150.8831, -33.8274], [150.8838, -33.8274], [150.8843, -33.8275], [150.8843, -33.8275], [150.8846, -33.8279], [150.8847, -33.8282], [150.8847, -33.8286], [150.8844, -33.8295], [150.8845, -33.8296], [150.8853, -33.8297], [150.8858, -33.8298], [150.8866, -33.8299], [150.8874, -33.8298], [150.888, -33.8297], [150.8881, -33.8298], [150.8882, -33.8299], [150.8884, -33.8308], [150.8887, -33.8312], [150.8888, -33.8317], [150.8887, -33.8319], [150.8887, -33.832], [150.8887, -33.8322], [150.8887, -33.8325], [150.8889, -33.8327], [150.8887, -33.8328], [150.8886, -33.8329], [150.8885, -33.8332], [150.8885, -33.8334], [150.8885, -33.8337], [150.8885, -33.8338], [150.8885, -33.8339], [150.8885, -33.8339], [150.8887, -33.834], [150.889, -33.834], [150.889, -33.834], [150.8891, -33.8338], [150.8892, -33.8338], [150.8893, -33.8337], [150.8894, -33.8336], [150.8894, -33.8334], [150.8894, -33.8333], [150.8896, -33.8332], [150.8895, -33.8331], [150.8897, -33.8331], [150.8898, -33.833], [150.8901, -33.8328], [150.8915, -33.8308], [150.8938, -33.8296], [150.8961, -33.8285], [150.9013, -33.8273], [150.9039, -33.8266], [150.9091, -33.8253], [150.9096, -33.8251], [150.9098, -33.8241], [150.91, -33.8234], [150.9107, -33.8225], [150.9112, -33.822], [150.9113, -33.8215], [150.9112, -33.8214], [150.9116, -33.821], [150.9119, -33.8204], [150.912, -33.8197], [150.9119, -33.8195], [150.9118, -33.8194], [150.9119, -33.8192], [150.912, -33.8191], [150.912, -33.8189], [150.9119, -33.8187], [150.9119, -33.8186], [150.9119, -33.8185], [150.9119, -33.8182], [150.9119, -33.818], [150.9118, -33.8179], [150.9118, -33.8177], [150.9116, -33.8176], [150.9114, -33.8177], [150.9113, -33.8179], [150.911, -33.8182], [150.9106, -33.8185], [150.9102, -33.8186], [150.9101, -33.8186], [150.9099, -33.8185], [150.9096, -33.8185], [150.9094, -33.8186], [150.9093, -33.8188], [150.9091, -33.819], [150.9089, -33.819], [150.9087, -33.8189], [150.9085, -33.8188], [150.9083, -33.8191], [150.9081, -33.8193], [150.908, -33.8195], [150.9077, -33.8196], [150.9076, -33.8197], [150.9073, -33.82], [150.9069, -33.8202], [150.9065, -33.8201], [150.9064, -33.8198], [150.9063, -33.8194], [150.9062, -33.8191], [150.9061, -33.8191], [150.9059, -33.819], [150.9056, -33.8192], [150.9055, -33.8191], [150.9052, -33.8189], [150.9051, -33.8186], [150.9051, -33.8183], [150.9051, -33.8179], [150.905, -33.8177], [150.9049, -33.8176], [150.9048, -33.8174], [150.9047, -33.8171], [150.9046, -33.8166], [150.9048, -33.8162], [150.9049, -33.8161], [150.9051, -33.8158], [150.9053, -33.8156], [150.9056, -33.8152], [150.9059, -33.815], [150.9063, -33.8147], [150.9066, -33.8147], [150.9068, -33.8146], [150.9068, -33.8145], [150.9067, -33.8144], [150.9064, -33.8143], [150.9063, -33.8142], [150.9064, -33.814], [150.9064, -33.8138], [150.9062, -33.8137], [150.906, -33.8138], [150.9058, -33.8137], [150.9057, -33.8136], [150.9055, -33.8136], [150.9053, -33.8137], [150.9051, -33.8138], [150.9048, -33.8139], [150.9047, -33.8139], [150.9044, -33.8141], [150.9041, -33.8141], [150.9039, -33.8142], [150.9036, -33.8143], [150.9035, -33.8143], [150.903, -33.8142], [150.9026, -33.8141], [150.9023, -33.8138], [150.9022, -33.8134], [150.9022, -33.813], [150.9023, -33.8128], [150.9023, -33.8126], [150.9023, -33.8123], [150.9022, -33.8121], [150.9018, -33.812], [150.9014, -33.8118], [150.901, -33.8116], [150.9009, -33.8113], [150.9009, -33.8111], [150.9006, -33.8111], [150.9004, -33.8111], [150.9004, -33.8111], [150.9001, -33.8114], [150.8999, -33.8117], [150.8996, -33.8118], [150.8992, -33.8119], [150.8987, -33.8119], [150.8979, -33.8118], [150.8976, -33.8115], [150.8974, -33.8112], [150.8974, -33.8107], [150.8976, -33.8104], [150.8976, -33.8103], [150.8975, -33.8101], [150.8973, -33.81], [150.8969, -33.8099], [150.8965, -33.8098], [150.896, -33.8097], [150.8955, -33.8096], [150.8953, -33.8095], [150.8951, -33.8094], [150.8948, -33.8092], [150.8943, -33.8096], [150.8942, -33.8097], [150.8941, -33.81], [150.894, -33.8102], [150.8941, -33.8104], [150.8943, -33.8106], [150.8944, -33.8108], [150.8944, -33.8114], [150.8943, -33.8117], [150.894, -33.8119], [150.8937, -33.8118], [150.8934, -33.8116], [150.8932, -33.8114], [150.8929, -33.8113], [150.8927, -33.8111], [150.8925, -33.8108], [150.8924, -33.8105], [150.8924, -33.8102], [150.8923, -33.8098], [150.8921, -33.8096], [150.892, -33.8094], [150.8918, -33.8093], [150.8915, -33.8093], [150.8913, -33.8093]]]}}, {"type": "Feature", "properties": {}, "geometry": {"type": "Polygon", "coordinates": [[[150.6813, -33.7104], [150.6813, -33.7103], [150.6827, -33.7102], [150.6838, -33.7103], [150.6843, -33.7097], [150.6843, -33.7095], [150.6841, -33.7091], [150.6831, -33.7087], [150.6824, -33.7091], [150.6823, -33.709], [150.6822, -33.7088], [150.682, -33.7085], [150.6817, -33.7083], [150.6814, -33.708], [150.681, -33.7077], [150.6809, -33.7076], [150.6806, -33.7074], [150.6805, -33.7073], [150.6803, -33.7073], [150.6798, -33.7074], [150.6795, -33.7075], [150.6793, -33.7075], [150.6791, -33.7077], [150.6789, -33.7078], [150.6788, -33.7079], [150.6787, -33.7081], [150.6786, -33.7083], [150.6785, -33.7085], [150.6784, -33.7087], [150.6784, -33.7088], [150.6783, -33.7089], [150.678, -33.709], [150.6778, -33.7092], [150.6777, -33.7092], [150.6776, -33.7093], [150.6774, -33.7093], [150.6772, -33.7094], [150.6771, -33.7094], [150.6769, -33.7093], [150.6765, -33.7094], [150.6763, -33.7093], [150.6761, -33.7092], [150.6759, -33.709], [150.6757, -33.7089], [150.6757, -33.7087], [150.6757, -33.7086], [150.6757, -33.7084], [150.6757, -33.7081], [150.6758, -33.7078], [150.6758, -33.7077], [150.6759, -33.7076], [150.676, -33.7074], [150.6761, -33.7071], [150.6763, -33.7069], [150.6764, -33.7067], [150.6766, -33.7065], [150.6769, -33.7062], [150.6771, -33.706], [150.6771, -33.706], [150.6772, -33.7057], [150.6772, -33.7053], [150.6772, -33.7052], [150.6772, -33.7049], [150.6774, -33.7044], [150.6773, -33.7041], [150.6782, -33.7034], [150.6783, -33.7034], [150.6795, -33.7034], [150.6803, -33.7035], [150.6807, -33.7042], [150.6812, -33.7045], [150.6816, -33.7046], [150.6819, -33.7045], [150.6822, -33.7045], [150.6823, -33.7045], [150.6826, -33.7045], [150.6829, -33.7044], [150.6832, -33.7044], [150.6835, -33.7043], [150.6845, -33.7039], [150.6848, -33.7029], [150.6837, -33.7018], [150.6827, -33.7011], [150.6818, -33.6996], [150.6808, -33.6988], [150.6798, -33.6995], [150.6796, -33.7001], [150.679, -33.7013], [150.6782, -33.7022], [150.6778, -33.7025], [150.6772, -33.7027], [150.6764, -33.7029], [150.6756, -33.7026], [150.6742, -33.7016], [150.6739, -33.7012], [150.6736, -33.7008], [150.6723, -33.7], [150.6707, -33.7002], [150.6695, -33.7], [150.6672, -33.6999], [150.6667, -33.7001], [150.6663, -33.7007], [150.666, -33.7008], [150.6659, -33.7008], [150.6652, -33.7006], [150.6644, -33.7005], [150.6642, -33.7006], [150.664, -33.7008], [150.6638, -33.7011], [150.663, -33.7016], [150.6628, -33.7038], [150.6629, -33.7041], [150.6628, -33.7053], [150.6625, -33.7072], [150.6618, -33.7108], [150.6618, -33.7111], [150.6618, -33.7112], [150.6618, -33.7113], [150.6618, -33.7114], [150.6618, -33.7114], [150.6618, -33.7115], [150.6618, -33.7116], [150.6618, -33.7116], [150.6619, -33.7117], [150.6619, -33.7117], [150.6619, -33.7118], [150.6619, -33.7118], [150.6619, -33.7118], [150.662, -33.7119], [150.662, -33.7119], [150.6621, -33.712], [150.6621, -33.712], [150.6622, -33.7121], [150.6622, -33.7122], [150.6623, -33.7122], [150.6623, -33.7122], [150.6623, -33.7123], [150.6624, -33.7124], [150.6624, -33.7125], [150.6624, -33.7125], [150.6624, -33.7126], [150.6624, -33.7127], [150.6624, -33.7128], [150.6624, -33.7128], [150.6623, -33.713], [150.6623, -33.7131], [150.662, -33.7133], [150.6619, -33.7134], [150.6614, -33.7135], [150.661, -33.7136], [150.6608, -33.7152], [150.661, -33.7171], [150.6611, -33.7171], [150.6611, -33.7172], [150.6613, -33.7173], [150.6615, -33.7173], [150.6616, -33.7174], [150.6618, -33.7175], [150.662, -33.7176], [150.6624, -33.7177], [150.6626, -33.7178], [150.6629, -33.7179], [150.6632, -33.718], [150.6635, -33.7178], [150.6637, -33.7177], [150.6639, -33.7174], [150.6639, -33.717], [150.6641, -33.7171], [150.6642, -33.7171], [150.6643, -33.717], [150.6644, -33.7169], [150.6646, -33.7167], [150.665, -33.7165], [150.6658, -33.7162], [150.6664, -33.7161], [150.6666, -33.7156], [150.6668, -33.7155], [150.6676, -33.7153], [150.6697, -33.7149], [150.6697, -33.715], [150.6697, -33.715], [150.6697, -33.7151], [150.6697, -33.7152], [150.6697, -33.7152], [150.6697, -33.7152], [150.6697, -33.7153], [150.6698, -33.7153], [150.6698, -33.7153], [150.6699, -33.7153], [150.67, -33.7153], [150.6701, -33.7154], [150.6703, -33.7154], [150.6704, -33.7155], [150.6705, -33.7155], [150.6707, -33.7156], [150.6708, -33.7156], [150.6709, -33.7157], [150.6711, -33.7157], [150.6713, -33.7157], [150.6714, -33.7158], [150.6715, -33.7158], [150.6716, -33.7158], [150.6717, -33.7159], [150.6719, -33.7159], [150.672, -33.7159], [150.6721, -33.716], [150.6722, -33.716], [150.6724, -33.7161], [150.6725, -33.7162], [150.6726, -33.7162], [150.6727, -33.7163], [150.6728, -33.7165], [150.6728, -33.7166], [150.6728, -33.7167], [150.6727, -33.7167], [150.6727, -33.7168], [150.6728, -33.7168], [150.6728, -33.7168], [150.6729, -33.7167], [150.673, -33.7167], [150.6731, -33.7166], [150.6732, -33.7166], [150.6733, -33.7165], [150.6735, -33.7165], [150.6736, -33.7165], [150.6736, -33.7165], [150.6737, -33.7165], [150.6739, -33.7166], [150.6741, -33.7167], [150.6742, -33.7167], [150.6744, -33.7168], [150.6746, -33.7169], [150.6747, -33.7169], [150.6748, -33.7169], [150.6749, -33.7169], [150.675, -33.7168], [150.6752, -33.7167], [150.6752, -33.7166], [150.6753, -33.7164], [150.6754, -33.7163], [150.6755, -33.7161], [150.6756, -33.7161], [150.6757, -33.7159], [150.6758, -33.7158], [150.6759, -33.7157], [150.6759, -33.7156], [150.6761, -33.7155], [150.6762, -33.7154], [150.6764, -33.7153], [150.6765, -33.7153], [150.6766, -33.7153], [150.6768, -33.7153], [150.677, -33.7153], [150.6771, -33.7153], [150.6772, -33.7154], [150.6773, -33.7155], [150.6774, -33.7156], [150.6775, -33.7157], [150.6775, -33.7158], [150.6775, -33.7159], [150.6775, -33.716], [150.6776, -33.7162], [150.6776, -33.7163], [150.6777, -33.7163], [150.6777, -33.7163], [150.6778, -33.7164], [150.6779, -33.7163], [150.678, -33.7163], [150.6781, -33.7163], [150.6782, -33.7163], [150.6782, -33.7163], [150.6783, -33.7163], [150.6784, -33.7163], [150.6786, -33.7163], [150.6787, -33.7163], [150.6789, -33.7164], [150.6791, -33.7165], [150.6793, -33.7166], [150.6793, -33.7166], [150.6794, -33.7166], [150.6794, -33.7167], [150.6795, -33.7167], [150.6795, -33.7167], [150.6796, -33.7167], [150.6796, -33.7167], [150.6797, -33.7166], [150.6798, -33.7166], [150.6799, -33.7166], [150.6801, -33.7165], [150.6804, -33.7165], [150.6804, -33.7165], [150.6805, -33.7166], [150.6807, -33.7166], [150.6809, -33.7166], [150.6809, -33.7166], [150.681, -33.7167], [150.6812, -33.7166], [150.6812, -33.7165], [150.6813, -33.7165], [150.6814, -33.7164], [150.6816, -33.7163], [150.6818, -33.7163], [150.6819, -33.7162], [150.682, -33.7162], [150.6822, -33.7162], [150.6825, -33.7161], [150.6826, -33.7162], [150.6827, -33.7162], [150.6828, -33.7162], [150.6829, -33.7161], [150.6829, -33.7161], [150.683, -33.716], [150.683, -33.7159], [150.6831, -33.7158], [150.6833, -33.7157], [150.6833, -33.7156], [150.6834, -33.7156], [150.6834, -33.7155], [150.6835, -33.7154], [150.6835, -33.7154], [150.6834, -33.7153], [150.6834, -33.7152], [150.6834, -33.7152], [150.6834, -33.7151], [150.6834, -33.715], [150.6833, -33.715], [150.6833, -33.715], [150.6832, -33.715], [150.6831, -33.7149], [150.683, -33.7148], [150.6828, -33.7147], [150.6827, -33.7146], [150.6826, -33.7145], [150.6825, -33.7143], [150.6824, -33.7141], [150.6824, -33.7141], [150.6823, -33.714], [150.6823, -33.714], [150.6822, -33.714], [150.6821, -33.7139], [150.6821, -33.7139], [150.6819, -33.7139], [150.6817, -33.7139], [150.6815, -33.7139], [150.6811, -33.7137], [150.6808, -33.7136], [150.6807, -33.7135], [150.6807, -33.7135], [150.6806, -33.7134], [150.6805, -33.7134], [150.6804, -33.7134], [150.6802, -33.7134], [150.6802, -33.7134], [150.6799, -33.7134], [150.6797, -33.7134], [150.6794, -33.7135], [150.6793, -33.7135], [150.6791, -33.7135], [150.679, -33.7135], [150.6789, -33.7135], [150.6788, -33.7135], [150.6786, -33.7134], [150.6784, -33.7134], [150.6783, -33.7133], [150.6782, -33.7133], [150.6781, -33.7132], [150.6779, -33.7131], [150.6778, -33.713], [150.6777, -33.713], [150.6776, -33.7129], [150.6775, -33.7127], [150.6774, -33.7126], [150.6774, -33.7125], [150.6774, -33.7124], [150.6774, -33.7122], [150.6774, -33.712], [150.6774, -33.712], [150.6775, -33.7119], [150.6776, -33.7118], [150.6776, -33.7117], [150.6777, -33.7116], [150.6778, -33.7116], [150.678, -33.7115], [150.6782, -33.7115], [150.6782, -33.7115], [150.6784, -33.7115], [150.6787, -33.7114], [150.6788, -33.7114], [150.6789, -33.7112], [150.6791, -33.711], [150.6793, -33.711], [150.6796, -33.7109], [150.6797, -33.7109], [150.68, -33.711], [150.6803, -33.7111], [150.6805, -33.7111], [150.6805, -33.7111], [150.6807, -33.711], [150.6809, -33.7108], [150.6811, -33.7105], [150.6813, -33.7104]]]}}, {"type": "Feature", "properties": {}, "geometry": {"type": "Polygon", "coordinates": [[[150.6712, -33.7183], [150.6711, -33.7182], [150.6707, -33.718], [150.6705, -33.7178], [150.6704, -33.7178], [150.6701, -33.718], [150.6695, -33.7183], [150.6691, -33.7186], [150.6689, -33.7186], [150.6688, -33.7186], [150.6687, -33.7187], [150.6687, -33.7187], [150.6687, -33.7188], [150.6687, -33.7189], [150.6687, -33.719], [150.6687, -33.7193], [150.6686, -33.7201], [150.6686, -33.7204], [150.6687, -33.7204], [150.6687, -33.7205], [150.6687, -33.7205], [150.6686, -33.7204], [150.6685, -33.7206], [150.6685, -33.721], [150.6683, -33.7214], [150.6682, -33.7218], [150.6681, -33.7221], [150.668, -33.7225], [150.668, -33.7228], [150.6679, -33.7232], [150.6679, -33.7234], [150.6679, -33.7235], [150.668, -33.7233], [150.6681, -33.7231], [150.6682, -33.7229], [150.6684, -33.7229], [150.6685, -33.7229], [150.6686, -33.723], [150.6686, -33.723], [150.6687, -33.7231], [150.6687, -33.7232], [150.6687, -33.7233], [150.6687, -33.7233], [150.6687, -33.7234], [150.6687, -33.7235], [150.6686, -33.7237], [150.6685, -33.7239], [150.6685, -33.7243], [150.6686, -33.7244], [150.6687, -33.7246], [150.669, -33.7248], [150.6691, -33.7249], [150.6692, -33.7249], [150.6694, -33.7249], [150.6696, -33.7249], [150.67, -33.7249], [150.6705, -33.7249], [150.6709, -33.7249], [150.6713, -33.725], [150.6715, -33.725], [150.6716, -33.725], [150.6718, -33.7251], [150.6719, -33.725], [150.6721, -33.725], [150.6728, -33.725], [150.6734, -33.7251], [150.6737, -33.7251], [150.6739, -33.7251], [150.6742, -33.7251], [150.6747, -33.7251], [150.6753, -33.7252], [150.6758, -33.7252], [150.6764, -33.7252], [150.6768, -33.7253], [150.677, -33.7253], [150.6772, -33.7253], [150.6773, -33.7253], [150.6778, -33.7253], [150.6781, -33.7253], [150.6785, -33.7254], [150.679, -33.7254], [150.6796, -33.7254], [150.6802, -33.7255], [150.6808, -33.7255], [150.6812, -33.7255], [150.6815, -33.7255], [150.6816, -33.7255], [150.6817, -33.7256], [150.6822, -33.7256], [150.6826, -33.7256], [150.683, -33.7256], [150.6835, -33.7257], [150.684, -33.7257], [150.6845, -33.7257], [150.6849, -33.7257], [150.6853, -33.7258], [150.6858, -33.7258], [150.6863, -33.7258], [150.6866, -33.7259], [150.687, -33.7259], [150.6875, -33.7259], [150.688, -33.7259], [150.6884, -33.7259], [150.6889, -33.726], [150.6895, -33.726], [150.6901, -33.7261], [150.6905, -33.7261], [150.691, -33.7261], [150.6912, -33.7261], [150.6913, -33.7262], [150.6913, -33.7261], [150.6915, -33.7261], [150.692, -33.7262], [150.6923, -33.7262], [150.6925, -33.7262], [150.6926, -33.7261], [150.6926, -33.7261], [150.6927, -33.726], [150.6927, -33.7259], [150.6927, -33.7258], [150.6927, -33.7258], [150.6927, -33.7258], [150.6927, -33.7257], [150.6927, -33.7257], [150.6927, -33.7257], [150.6927, -33.7256], [150.6927, -33.7256], [150.6927, -33.7255], [150.6927, -33.7255], [150.6927, -33.7254], [150.6927, -33.7254], [150.6927, -33.7253], [150.6927, -33.7253], [150.6927, -33.7253], [150.6928, -33.7252], [150.6928, -33.7252], [150.6928, -33.7251], [150.6928, -33.7251], [150.6928, -33.725], [150.6928, -33.725], [150.6928, -33.7249], [150.6927, -33.7248], [150.6926, -33.7247], [150.6925, -33.7246], [150.6924, -33.7246], [150.6923, -33.7246], [150.6922, -33.7246], [150.6919, -33.7246], [150.6914, -33.7246], [150.6909, -33.7245], [150.6904, -33.7245], [150.6898, -33.7245], [150.6893, -33.7244], [150.6888, -33.7244], [150.6881, -33.7244], [150.6877, -33.7243], [150.6872, -33.7243], [150.687, -33.7243], [150.6863, -33.7243], [150.6856, -33.7242], [150.6854, -33.7242], [150.6851, -33.7242], [150.6849, -33.7241], [150.6844, -33.7239], [150.6841, -33.7236], [150.6837, -33.7233], [150.6836, -33.7232], [150.6836, -33.7231], [150.6837, -33.723], [150.6838, -33.723], [150.6841, -33.723], [150.6844, -33.7229], [150.6848, -33.7229], [150.685, -33.7228], [150.6851, -33.7227], [150.6852, -33.7226], [150.6853, -33.7224], [150.6854, -33.7223], [150.6854, -33.7223], [150.6854, -33.7222], [150.6855, -33.7221], [150.6855, -33.722], [150.6856, -33.7218], [150.6856, -33.7217], [150.6856, -33.7217], [150.6855, -33.7217], [150.6854, -33.7218], [150.6853, -33.7218], [150.6852, -33.7218], [150.6851, -33.7217], [150.6851, -33.7217], [150.685, -33.7216], [150.685, -33.7216], [150.685, -33.7215], [150.6849, -33.7214], [150.6849, -33.7214], [150.6848, -33.7214], [150.6847, -33.7214], [150.6845, -33.7213], [150.6844, -33.7213], [150.6843, -33.7212], [150.6843, -33.7212], [150.6843, -33.7211], [150.6843, -33.7211], [150.6845, -33.7211], [150.6847, -33.7208], [150.6846, -33.7208], [150.6845, -33.7208], [150.6845, -33.7208], [150.6844, -33.7208], [150.6842, -33.7208], [150.6841, -33.7209], [150.6841, -33.721], [150.684, -33.721], [150.6839, -33.721], [150.6839, -33.721], [150.6838, -33.721], [150.6838, -33.721], [150.6837, -33.7209], [150.6835, -33.7209], [150.6834, -33.7209], [150.6834, -33.7209], [150.6833, -33.7209], [150.6833, -33.7209], [150.6833, -33.7209], [150.6832, -33.7209], [150.6831, -33.7209], [150.6831, -33.7209], [150.6831, -33.7209], [150.683, -33.7209], [150.683, -33.7209], [150.6829, -33.7208], [150.6829, -33.7208], [150.6828, -33.7207], [150.6828, -33.7207], [150.6828, -33.7207], [150.6828, -33.7204], [150.6828, -33.7204], [150.6829, -33.7203], [150.6829, -33.7203], [150.6829, -33.7203], [150.6829, -33.7203], [150.683, -33.7203], [150.683, -33.7203], [150.6831, -33.7203], [150.6833, -33.7203], [150.6833, -33.7202], [150.6836, -33.7202], [150.6839, -33.7202], [150.6839, -33.7202], [150.684, -33.7202], [150.6841, -33.7203], [150.6841, -33.7203], [150.6841, -33.7202], [150.6842, -33.7202], [150.6842, -33.7203], [150.6842, -33.7204], [150.6844, -33.7203], [150.6844, -33.7203], [150.6844, -33.7203], [150.6845, -33.7203], [150.6845, -33.7204], [150.6845, -33.7204], [150.6846, -33.7203], [150.6849, -33.7204], [150.6849, -33.7203], [150.6848, -33.7202], [150.6847, -33.7201], [150.6846, -33.7201], [150.6846, -33.7201], [150.6845, -33.7201], [150.6845, -33.7201], [150.6844, -33.7201], [150.6844, -33.7201], [150.6843, -33.7202], [150.6843, -33.7202], [150.6842, -33.7201], [150.6842, -33.7201], [150.6842, -33.7201], [150.6841, -33.7201], [150.684, -33.7201], [150.6839, -33.7201], [150.6839, -33.7201], [150.6838, -33.7201], [150.6835, -33.7201], [150.6834, -33.7201], [150.6833, -33.7201], [150.6832, -33.7201], [150.6832, -33.7201], [150.683, -33.7202], [150.6829, -33.7202], [150.6829, -33.7202], [150.6829, -33.7202], [150.6828, -33.7202], [150.6827, -33.7202], [150.6827, -33.7202], [150.6826, -33.7203], [150.6826, -33.7203], [150.6826, -33.7203], [150.6826, -33.7204], [150.6826, -33.7204], [150.6826, -33.7206], [150.6826, -33.7207], [150.6826, -33.7208], [150.6826, -33.7208], [150.6826, -33.7208], [150.6827, -33.7208], [150.6827, -33.7209], [150.6828, -33.721], [150.6829, -33.721], [150.6829, -33.721], [150.683, -33.721], [150.6831, -33.721], [150.6831, -33.721], [150.6831, -33.721], [150.6832, -33.721], [150.6833, -33.721], [150.6833, -33.721], [150.6833, -33.721], [150.6834, -33.721], [150.6835, -33.721], [150.6837, -33.7211], [150.6838, -33.7211], [150.6838, -33.7211], [150.6839, -33.7211], [150.684, -33.7211], [150.6841, -33.7211], [150.6842, -33.7211], [150.6842, -33.7212], [150.6842, -33.7212], [150.6842, -33.7213], [150.6842, -33.7214], [150.6841, -33.7214], [150.684, -33.7214], [150.6838, -33.7214], [150.6835, -33.7214], [150.6832, -33.7214], [150.6828, -33.7214], [150.6825, -33.7213], [150.6821, -33.7212], [150.6819, -33.7212], [150.6817, -33.7211], [150.6816, -33.7211], [150.6815, -33.7212], [150.6814, -33.7213], [150.6812, -33.7214], [150.6811, -33.7214], [150.6809, -33.7214], [150.6807, -33.7215], [150.6806, -33.7215], [150.6804, -33.7215], [150.6802, -33.7215], [150.68, -33.7215], [150.6798, -33.7214], [150.6795, -33.7214], [150.6795, -33.7213], [150.6794, -33.7213], [150.6794, -33.7214], [150.6793, -33.7215], [150.6792, -33.7216], [150.6791, -33.7216], [150.679, -33.7216], [150.6787, -33.7216], [150.6784, -33.7216], [150.6779, -33.7215], [150.6774, -33.7213], [150.6771, -33.7212], [150.6769, -33.721], [150.6767, -33.721], [150.676, -33.7209], [150.6753, -33.7208], [150.6752, -33.7209], [150.6752, -33.721], [150.6751, -33.721], [150.675, -33.7211], [150.675, -33.721], [150.675, -33.7209], [150.6746, -33.7208], [150.6739, -33.7205], [150.6731, -33.7202], [150.6727, -33.72], [150.6725, -33.7199], [150.6723, -33.72], [150.6724, -33.7199], [150.6725, -33.7198], [150.6725, -33.7196], [150.6723, -33.7195], [150.672, -33.719], [150.6719, -33.7189], [150.6718, -33.7187], [150.6716, -33.7184], [150.6716, -33.7183], [150.6716, -33.7182], [150.6717, -33.7182], [150.6717, -33.7181], [150.6717, -33.718], [150.6716, -33.718], [150.6716, -33.7181], [150.6715, -33.7182], [150.6713, -33.7183], [150.6712, -33.7183]], [[150.6719, -33.7214], [150.6719, -33.7214], [150.6719, -33.7214], [150.672, -33.7214], [150.672, -33.7215], [150.6721, -33.7215], [150.6722, -33.7215], [150.6722, -33.7215], [150.6722, -33.7215], [150.6723, -33.7215], [150.6724, -33.7215], [150.6724, -33.7216], [150.6724, -33.7216], [150.6725, -33.7216], [150.6725, -33.7215], [150.6726, -33.7215], [150.6726, -33.7215], [150.6726, -33.7215], [150.6726, -33.7215], [150.6725, -33.7216], [150.6725, -33.7216], [150.6726, -33.7216], [150.6726, -33.7217], [150.6727, -33.7217], [150.6727, -33.7217], [150.6727, -33.7217], [150.6727, -33.7217], [150.6728, -33.7217], [150.6728, -33.7218], [150.6729, -33.7218], [150.6729, -33.7218], [150.6729, -33.7219], [150.6729, -33.7219], [150.6729, -33.7219], [150.6729, -33.722], [150.673, -33.722], [150.673, -33.7221], [150.673, -33.7221], [150.673, -33.7221], [150.673, -33.7221], [150.673, -33.7222], [150.673, -33.7223], [150.673, -33.7223], [150.673, -33.7223], [150.673, -33.7224], [150.673, -33.7224], [150.673, -33.7224], [150.673, -33.7225], [150.6731, -33.7225], [150.6731, -33.7225], [150.6731, -33.7226], [150.6731, -33.7226], [150.6732, -33.7226], [150.6733, -33.7227], [150.6734, -33.7227], [150.6736, -33.7227], [150.6738, -33.7228], [150.674, -33.7228], [150.6743, -33.7228], [150.6744, -33.7228], [150.6745, -33.7228], [150.6745, -33.7229], [150.6746, -33.7229], [150.6746, -33.7229], [150.6746, -33.7229], [150.6746, -33.7229], [150.6747, -33.7229], [150.6749, -33.723], [150.6751, -33.723], [150.6753, -33.723], [150.6755, -33.723], [150.6757, -33.723], [150.6759, -33.723], [150.6761, -33.723], [150.6764, -33.723], [150.6766, -33.7231], [150.6768, -33.7231], [150.677, -33.7231], [150.6771, -33.7231], [150.6773, -33.7231], [150.6774, -33.7231], [150.6775, -33.7231], [150.6778, -33.7231], [150.678, -33.7231], [150.6781, -33.7231], [150.6783, -33.7231], [150.6785, -33.7231], [150.6787, -33.7231], [150.6788, -33.7231], [150.679, -33.7231], [150.6791, -33.7231], [150.6792, -33.7231], [150.6794, -33.7231], [150.6795, -33.7231], [150.6796, -33.7231], [150.6798, -33.7231], [150.6799, -33.7231], [150.68, -33.7231], [150.6802, -33.7231], [150.6804, -33.7231], [150.6806, -33.7231], [150.6808, -33.7231], [150.6811, -33.7232], [150.6813, -33.7232], [150.6815, -33.7232], [150.6816, -33.7232], [150.6819, -33.7232], [150.6823, -33.7233], [150.6825, -33.7233], [150.6827, -33.7234], [150.6828, -33.7234], [150.6829, -33.7234], [150.683, -33.7234], [150.683, -33.7234], [150.6831, -33.7234], [150.6831, -33.7234], [150.6832, -33.7234], [150.6833, -33.7234], [150.6834, -33.7235], [150.6835, -33.7235], [150.6836, -33.7236], [150.6837, -33.7237], [150.6838, -33.7238], [150.6838, -33.7238], [150.6839, -33.7239], [150.6839, -33.7239], [150.684, -33.7239], [150.684, -33.7241], [150.684, -33.7241], [150.684, -33.7241], [150.6839, -33.7241], [150.6837, -33.7241], [150.6835, -33.7241], [150.6834, -33.7241], [150.6832, -33.7241], [150.683, -33.7241], [150.6829, -33.7241], [150.6826, -33.724], [150.6824, -33.724], [150.6823, -33.724], [150.6821, -33.724], [150.6818, -33.724], [150.6817, -33.724], [150.6817, -33.724], [150.6816, -33.724], [150.6814, -33.724], [150.6813, -33.724], [150.6812, -33.724], [150.6811, -33.724], [150.681, -33.724], [150.6808, -33.7239], [150.6804, -33.7239], [150.6803, -33.7239], [150.6801, -33.7239], [150.6799, -33.7239], [150.6797, -33.7239], [150.6795, -33.7239], [150.6792, -33.7238], [150.679, -33.7238], [150.6787, -33.7238], [150.6785, -33.7238], [150.6782, -33.7238], [150.678, -33.7238], [150.6779, -33.7238], [150.6777, -33.7238], [150.6775, -33.7237], [150.6774, -33.7237], [150.6773, -33.7237], [150.6771, -33.7237], [150.6769, -33.7237], [150.6767, -33.7237], [150.6764, -33.7237], [150.6762, -33.7237], [150.6761, -33.7237], [150.676, -33.7237], [150.6758, -33.7237], [150.6755, -33.7236], [150.6753, -33.7236], [150.6751, -33.7236], [150.6749, -33.7236], [150.6748, -33.7236], [150.6746, -33.7236], [150.6744, -33.7236], [150.6741, -33.7236], [150.674, -33.7236], [150.6737, -33.7236], [150.6736, -33.7235], [150.6733, -33.7235], [150.6731, -33.7235], [150.673, -33.7235], [150.6728, -33.7235], [150.6724, -33.7235], [150.6721, -33.7235], [150.6719, -33.7235], [150.6711, -33.7234], [150.6708, -33.7234], [150.6707, -33.7234], [150.6705, -33.7234], [150.6704, -33.7234], [150.6701, -33.7234], [150.6699, -33.7234], [150.6697, -33.7233], [150.6696, -33.7233], [150.6695, -33.7233], [150.6694, -33.7232], [150.6694, -33.7232], [150.6693, -33.7232], [150.6693, -33.7231], [150.6693, -33.7231], [150.6693, -33.7231], [150.6693, -33.7231], [150.6693, -33.7231], [150.6693, -33.7231], [150.6692, -33.7231], [150.6692, -33.7231], [150.6691, -33.723], [150.6691, -33.723], [150.669, -33.7229], [150.669, -33.7228], [150.669, -33.7228], [150.669, -33.7228], [150.6691, -33.7227], [150.669, -33.7227], [150.669, -33.7227], [150.669, -33.7225], [150.6689, -33.7225], [150.669, -33.7225], [150.669, -33.7224], [150.669, -33.7223], [150.6691, -33.7223], [150.6692, -33.7222], [150.6693, -33.7222], [150.6695, -33.7221], [150.6696, -33.7221], [150.6697, -33.7221], [150.6698, -33.722], [150.6698, -33.722], [150.6699, -33.722], [150.6699, -33.722], [150.6699, -33.722], [150.67, -33.722], [150.6701, -33.7219], [150.6701, -33.7219], [150.6701, -33.7219], [150.6701, -33.7219], [150.6702, -33.7219], [150.6704, -33.7219], [150.6706, -33.7218], [150.6708, -33.7217], [150.671, -33.7217], [150.671, -33.7217], [150.671, -33.7216], [150.6711, -33.7216], [150.6711, -33.7216], [150.6712, -33.7216], [150.6712, -33.7216], [150.6713, -33.7216], [150.6713, -33.7215], [150.6713, -33.7215], [150.6714, -33.7216], [150.6714, -33.7215], [150.6715, -33.7215], [150.6715, -33.7215], [150.6716, -33.7215], [150.6716, -33.7215], [150.6716, -33.7215], [150.6716, -33.7215], [150.6717, -33.7215], [150.6718, -33.7215], [150.6719, -33.7214]]]}}, {"type": "Feature", "properties": {}, "geometry": {"type": "Polygon", "coordinates": [[[150.6683, -33.694], [150.668, -33.6944], [150.6676, -33.6945], [150.6671, -33.6945], [150.6663, -33.6945], [150.6651, -33.6944], [150.6644, -33.6942], [150.6635, -33.6941], [150.6632, -33.6942], [150.663, -33.6944], [150.663, -33.6946], [150.663, -33.6952], [150.663, -33.6958], [150.6631, -33.6962], [150.6631, -33.6965], [150.6632, -33.6967], [150.6635, -33.697], [150.6638, -33.6971], [150.6639, -33.6972], [150.6642, -33.6973], [150.6644, -33.6974], [150.665, -33.6979], [150.6657, -33.6982], [150.6664, -33.6985], [150.6668, -33.6986], [150.6671, -33.6986], [150.6677, -33.6986], [150.6682, -33.6985], [150.6688, -33.6984], [150.67, -33.6984], [150.6707, -33.6985], [150.6711, -33.6983], [150.6713, -33.6981], [150.6715, -33.698], [150.6717, -33.6979], [150.6719, -33.6979], [150.6725, -33.6979], [150.673, -33.6977], [150.6732, -33.6975], [150.6734, -33.6973], [150.674, -33.697], [150.6745, -33.697], [150.6752, -33.6971], [150.6755, -33.6971], [150.6757, -33.697], [150.6758, -33.6968], [150.676, -33.6961], [150.676, -33.696], [150.676, -33.6958], [150.6759, -33.6958], [150.6759, -33.6958], [150.6758, -33.6955], [150.6759, -33.6953], [150.676, -33.6949], [150.6761, -33.6948], [150.6763, -33.6945], [150.6764, -33.6943], [150.6764, -33.694], [150.6764, -33.6938], [150.6763, -33.6936], [150.6763, -33.6932], [150.6762, -33.6931], [150.6757, -33.6926], [150.6755, -33.6923], [150.6754, -33.6921], [150.6754, -33.692], [150.6755, -33.6918], [150.6754, -33.6912], [150.6754, -33.6901], [150.6755, -33.6897], [150.6753, -33.6891], [150.6754, -33.6878], [150.6753, -33.6874], [150.6749, -33.6846], [150.6748, -33.6844], [150.6745, -33.6842], [150.6743, -33.6842], [150.6738, -33.6842], [150.6736, -33.6844], [150.673, -33.6848], [150.6728, -33.6852], [150.6728, -33.6856], [150.6726, -33.6858], [150.6724, -33.6859], [150.6719, -33.6857], [150.6715, -33.6857], [150.6713, -33.6857], [150.671, -33.6858], [150.6701, -33.6858], [150.6698, -33.6858], [150.6695, -33.6859], [150.6692, -33.686], [150.6691, -33.6861], [150.6684, -33.6861], [150.6682, -33.6861], [150.668, -33.6861], [150.6677, -33.6862], [150.6677, -33.6862], [150.6679, -33.6865], [150.6683, -33.687], [150.6684, -33.6872], [150.6686, -33.6873], [150.6686, -33.6874], [150.6686, -33.6878], [150.6688, -33.6885], [150.6689, -33.6893], [150.6689, -33.6897], [150.6688, -33.69], [150.6687, -33.6905], [150.6687, -33.6907], [150.6688, -33.6909], [150.6689, -33.6911], [150.6689, -33.6913], [150.6688, -33.6915], [150.6687, -33.6917], [150.6685, -33.6919], [150.6684, -33.6924], [150.6685, -33.6927], [150.6685, -33.6931], [150.6684, -33.6936], [150.6683, -33.694]]]}}, {"type": "Feature", "properties": {}, "geometry": {"type": "Polygon", "coordinates": [[[151.2808, -33.7165], [151.281, -33.7146], [151.2813, -33.7143], [151.2816, -33.7142], [151.282, -33.7141], [151.2825, -33.714], [151.2826, -33.7144], [151.2828, -33.7148], [151.2829, -33.715], [151.2831, -33.7154], [151.2836, -33.716], [151.284, -33.7164], [151.2843, -33.7167], [151.2846, -33.7168], [151.2847, -33.717], [151.2848, -33.7169], [151.2849, -33.7167], [151.2848, -33.7166], [151.2846, -33.7166], [151.2847, -33.7165], [151.2851, -33.7165], [151.2853, -33.7166], [151.2856, -33.7168], [151.2859, -33.7169], [151.2861, -33.717], [151.2862, -33.7172], [151.2864, -33.7174], [151.2866, -33.7176], [151.2867, -33.7177], [151.2871, -33.7179], [151.2874, -33.718], [151.2876, -33.7179], [151.2877, -33.7179], [151.2877, -33.718], [151.2876, -33.7181], [151.2878, -33.7183], [151.2883, -33.7183], [151.2888, -33.7182], [151.289, -33.7182], [151.2893, -33.7186], [151.2893, -33.7188], [151.2892, -33.7191], [151.289, -33.7192], [151.2894, -33.7194], [151.2896, -33.7196], [151.2898, -33.7196], [151.29, -33.7197], [151.2904, -33.72], [151.2907, -33.7201], [151.2912, -33.7203], [151.2916, -33.7207], [151.2918, -33.7209], [151.2921, -33.721], [151.2923, -33.721], [151.2924, -33.721], [151.2925, -33.7212], [151.2925, -33.7213], [151.2926, -33.7214], [151.293, -33.7214], [151.2932, -33.7214], [151.2934, -33.7213], [151.2935, -33.7213], [151.2937, -33.7212], [151.294, -33.721], [151.2943, -33.7207], [151.2944, -33.7205], [151.2944, -33.7203], [151.2946, -33.7203], [151.2947, -33.7202], [151.2948, -33.72], [151.2949, -33.7198], [151.295, -33.7196], [151.295, -33.7194], [151.2952, -33.7191], [151.2954, -33.719], [151.2952, -33.7188], [151.2953, -33.7185], [151.2954, -33.718], [151.2953, -33.7178], [151.2953, -33.7174], [151.2954, -33.7172], [151.2956, -33.7171], [151.2957, -33.7169], [151.2956, -33.7165], [151.2956, -33.7164], [151.2958, -33.7162], [151.2958, -33.716], [151.2959, -33.7159], [151.2958, -33.7158], [151.2959, -33.7157], [151.296, -33.7154], [151.2959, -33.7153], [151.2959, -33.715], [151.296, -33.7149], [151.296, -33.7147], [151.2961, -33.7146], [151.2961, -33.7145], [151.2962, -33.7143], [151.2962, -33.7141], [151.2962, -33.714], [151.2962, -33.7138], [151.2962, -33.7136], [151.2962, -33.7136], [151.2962, -33.7134], [151.2963, -33.7132], [151.2964, -33.7132], [151.2966, -33.713], [151.2967, -33.7126], [151.2967, -33.7125], [151.2967, -33.7122], [151.2968, -33.712], [151.297, -33.7118], [151.2973, -33.7117], [151.2974, -33.7116], [151.2976, -33.7114], [151.2978, -33.7114], [151.298, -33.7112], [151.298, -33.7111], [151.2983, -33.7108], [151.2985, -33.7106], [151.2987, -33.7104], [151.299, -33.7101], [151.2994, -33.7093], [151.2994, -33.7083], [151.2996, -33.7073], [151.2996, -33.7068], [151.2997, -33.7066], [151.2997, -33.7063], [151.2997, -33.706], [151.2998, -33.7056], [151.2999, -33.7053], [151.2999, -33.705], [151.3001, -33.7048], [151.3004, -33.7047], [151.3007, -33.7046], [151.3008, -33.7045], [151.3009, -33.7045], [151.3011, -33.7044], [151.3015, -33.7044], [151.3021, -33.7043], [151.3025, -33.7042], [151.3031, -33.7042], [151.3042, -33.7042], [151.3043, -33.7041], [151.3047, -33.7039], [151.3059, -33.7037], [151.3075, -33.7028], [151.3052, -33.7031], [151.3048, -33.7028], [151.3038, -33.7027], [151.3033, -33.7026], [151.3031, -33.7026], [151.3028, -33.7026], [151.3025, -33.7026], [151.3021, -33.7026], [151.3017, -33.7027], [151.3015, -33.7028], [151.3014, -33.7027], [151.3013, -33.7028], [151.3012, -33.7027], [151.301, -33.7028], [151.3009, -33.7027], [151.3007, -33.7027], [151.3007, -33.7028], [151.3005, -33.7029], [151.3002, -33.7029], [151.3, -33.703], [151.3, -33.7031], [151.2999, -33.7031], [151.2998, -33.7032], [151.2997, -33.7033], [151.2995, -33.7035], [151.2993, -33.7036], [151.299, -33.7037], [151.2986, -33.7038], [151.298, -33.7037], [151.2978, -33.7036], [151.2978, -33.7038], [151.2979, -33.7039], [151.2979, -33.7043], [151.2979, -33.7046], [151.2979, -33.7048], [151.2978, -33.7049], [151.2978, -33.705], [151.2979, -33.7052], [151.2978, -33.7053], [151.2977, -33.7055], [151.2977, -33.7059], [151.2977, -33.7062], [151.2976, -33.7065], [151.2975, -33.7068], [151.2973, -33.7069], [151.2971, -33.7073], [151.297, -33.7076], [151.2969, -33.7076], [151.2968, -33.7076], [151.297, -33.7078], [151.297, -33.7079], [151.2968, -33.7084], [151.2968, -33.7087], [151.2966, -33.7088], [151.2966, -33.7092], [151.2968, -33.7094], [151.2969, -33.7095], [151.2969, -33.7097], [151.2967, -33.7098], [151.2967, -33.71], [151.2967, -33.7103], [151.2968, -33.7106], [151.2968, -33.7111], [151.2968, -33.7114], [151.2965, -33.7116], [151.2964, -33.7114], [151.2963, -33.7112], [151.296, -33.7109], [151.2959, -33.7108], [151.2957, -33.7108], [151.2955, -33.7109], [151.2954, -33.7113], [151.2954, -33.7115], [151.2954, -33.7119], [151.2954, -33.7123], [151.2953, -33.7126], [151.2953, -33.7128], [151.2952, -33.7129], [151.2949, -33.7134], [151.2946, -33.7138], [151.2943, -33.7141], [151.294, -33.7144], [151.2937, -33.7145], [151.2936, -33.7145], [151.2934, -33.7146], [151.2931, -33.7147], [151.2928, -33.7147], [151.2926, -33.7147], [151.2924, -33.7147], [151.2922, -33.7147], [151.2919, -33.7145], [151.2919, -33.7144], [151.2921, -33.7143], [151.2922, -33.7142], [151.2924, -33.714], [151.2925, -33.7138], [151.2927, -33.7136], [151.2927, -33.7135], [151.2927, -33.7131], [151.2928, -33.7128], [151.2927, -33.7125], [151.2926, -33.7122], [151.2925, -33.7119], [151.2923, -33.7117], [151.2922, -33.7116], [151.2921, -33.7114], [151.2919, -33.7113], [151.2918, -33.7114], [151.2917, -33.7115], [151.2915, -33.7116], [151.2913, -33.7117], [151.2911, -33.7118], [151.2906, -33.7118], [151.2904, -33.7118], [151.29, -33.7117], [151.2896, -33.7116], [151.2891, -33.7115], [151.2889, -33.7114], [151.2888, -33.7113], [151.2886, -33.7113], [151.2885, -33.7112], [151.2882, -33.7111], [151.2878, -33.7111], [151.2874, -33.711], [151.2871, -33.7109], [151.2868, -33.7107], [151.2864, -33.7105], [151.2861, -33.7105], [151.2855, -33.7103], [151.2847, -33.7094], [151.2834, -33.7093], [151.283, -33.7091], [151.2827, -33.709], [151.2824, -33.7088], [151.2823, -33.7088], [151.2819, -33.7087], [151.2818, -33.7088], [151.2814, -33.7087], [151.2811, -33.7087], [151.2807, -33.7089], [151.2805, -33.709], [151.2804, -33.7092], [151.2802, -33.7092], [151.28, -33.7093], [151.2799, -33.7092], [151.2797, -33.7093], [151.2794, -33.7093], [151.2791, -33.7094], [151.2787, -33.7095], [151.2784, -33.7097], [151.2781, -33.71], [151.2775, -33.7103], [151.2774, -33.7105], [151.2772, -33.7107], [151.2769, -33.7111], [151.2767, -33.7114], [151.2765, -33.7119], [151.2763, -33.7124], [151.276, -33.7124], [151.2756, -33.7124], [151.2754, -33.7124], [151.2751, -33.7125], [151.2743, -33.7121], [151.2739, -33.7121], [151.2736, -33.7122], [151.273, -33.7123], [151.2727, -33.7124], [151.2724, -33.7125], [151.2721, -33.7126], [151.2718, -33.7127], [151.2716, -33.7129], [151.2714, -33.7131], [151.2709, -33.7134], [151.2704, -33.7138], [151.2702, -33.7141], [151.2698, -33.7146], [151.2697, -33.715], [151.2697, -33.7153], [151.2697, -33.7159], [151.2699, -33.7164], [151.2702, -33.7172], [151.2706, -33.7177], [151.271, -33.7179], [151.2714, -33.7179], [151.2718, -33.718], [151.2724, -33.718], [151.2726, -33.718], [151.2733, -33.7178], [151.2734, -33.7179], [151.2739, -33.7182], [151.2739, -33.7183], [151.2736, -33.7185], [151.2733, -33.7186], [151.273, -33.7186], [151.2728, -33.7188], [151.2725, -33.7187], [151.2724, -33.7187], [151.2721, -33.7189], [151.2719, -33.7192], [151.2715, -33.7197], [151.2715, -33.7204], [151.2716, -33.7207], [151.2719, -33.721], [151.2721, -33.7213], [151.2725, -33.7219], [151.2727, -33.7223], [151.2729, -33.7225], [151.2733, -33.7226], [151.2734, -33.7225], [151.2737, -33.7225], [151.2741, -33.7224], [151.2742, -33.7221], [151.2742, -33.7222], [151.2744, -33.723], [151.2744, -33.7234], [151.2746, -33.7236], [151.2748, -33.7237], [151.2753, -33.7236], [151.2757, -33.7227], [151.2758, -33.7223], [151.276, -33.7222], [151.2762, -33.7218], [151.2764, -33.7217], [151.2765, -33.7215], [151.2765, -33.7213], [151.2767, -33.7211], [151.2768, -33.7209], [151.2767, -33.7206], [151.2768, -33.7203], [151.2768, -33.7202], [151.2771, -33.7199], [151.2772, -33.7198], [151.2774, -33.7196], [151.2776, -33.7195], [151.2777, -33.7192], [151.2779, -33.7191], [151.2781, -33.7189], [151.2781, -33.7188], [151.2782, -33.7186], [151.2784, -33.7185], [151.2785, -33.7183], [151.2785, -33.7182], [151.2785, -33.718], [151.2786, -33.718], [151.2789, -33.7179], [151.2793, -33.7178], [151.2797, -33.7177], [151.2798, -33.7176], [151.28, -33.7176], [151.2803, -33.7175], [151.2805, -33.7172], [151.2806, -33.717], [151.2807, -33.7168], [151.2808, -33.7165]], [[151.2945, -33.7145], [151.2946, -33.7145], [151.2946, -33.7145], [151.2946, -33.7145], [151.2946, -33.7145], [151.2946, -33.7146], [151.2946, -33.7146], [151.2946, -33.7146], [151.2946, -33.7146], [151.2946, -33.7146], [151.2946, -33.7146], [151.2946, -33.7146], [151.2946, -33.7146], [151.2946, -33.7147], [151.2946, -33.7147], [151.2946, -33.7147], [151.2946, -33.7148], [151.2946, -33.7148], [151.2946, -33.7148], [151.2946, -33.7149], [151.2946, -33.7149], [151.2946, -33.715], [151.2945, -33.7151], [151.2945, -33.7152], [151.2945, -33.7153], [151.2944, -33.7153], [151.2944, -33.7154], [151.2944, -33.7154], [151.2944, -33.7154], [151.2944, -33.7155], [151.2943, -33.7155], [151.2942, -33.7157], [151.2942, -33.7158], [151.2942, -33.7159], [151.2942, -33.7159], [151.2941, -33.7159], [151.2941, -33.7159], [151.294, -33.716], [151.294, -33.716], [151.294, -33.716], [151.294, -33.7161], [151.2939, -33.7161], [151.2939, -33.7162], [151.2938, -33.7162], [151.2938, -33.7163], [151.2937, -33.7163], [151.2937, -33.7163], [151.2937, -33.7163], [151.2936, -33.7164], [151.2935, -33.7164], [151.2935, -33.7164], [151.2934, -33.7164], [151.2934, -33.7164], [151.2932, -33.7165], [151.2932, -33.7165], [151.2932, -33.7165], [151.293, -33.7165], [151.293, -33.7165], [151.293, -33.7165], [151.293, -33.7165], [151.2929, -33.7164], [151.2929, -33.7164], [151.2929, -33.7164], [151.2928, -33.7164], [151.2928, -33.7164], [151.2927, -33.7164], [151.2927, -33.7164], [151.2926, -33.7164], [151.2926, -33.7164], [151.2926, -33.7164], [151.2925, -33.7164], [151.2925, -33.7164], [151.2924, -33.7164], [151.2924, -33.7164], [151.2924, -33.7164], [151.2923, -33.7164], [151.2923, -33.7164], [151.2922, -33.7164], [151.2921, -33.7164], [151.2921, -33.7164], [151.2921, -33.7164], [151.2921, -33.7164], [151.292, -33.7164], [151.292, -33.7164], [151.292, -33.7164], [151.292, -33.7163], [151.2919, -33.7163], [151.2919, -33.7163], [151.2919, -33.7162], [151.2918, -33.7161], [151.2917, -33.716], [151.2917, -33.716], [151.2917, -33.716], [151.2917, -33.7159], [151.2917, -33.7159], [151.2917, -33.7159], [151.2916, -33.7158], [151.2916, -33.7158], [151.2916, -33.7157], [151.2916, -33.7157], [151.2916, -33.7157], [151.2916, -33.7157], [151.2916, -33.7156], [151.2916, -33.7156], [151.2916, -33.7156], [151.2916, -33.7156], [151.2916, -33.7156], [151.2916, -33.7155], [151.2916, -33.7155], [151.2916, -33.7155], [151.2916, -33.7155], [151.2916, -33.7154], [151.2916, -33.7153], [151.2916, -33.7153], [151.2916, -33.7153], [151.2916, -33.7152], [151.2916, -33.7152], [151.2917, -33.7152], [151.2917, -33.7152], [151.2917, -33.7152], [151.2917, -33.7152], [151.2918, -33.7152], [151.2918, -33.7151], [151.2918, -33.7151], [151.2918, -33.7151], [151.2919, -33.7152], [151.2919, -33.7152], [151.292, -33.7152], [151.2921, -33.7152], [151.2921, -33.7152], [151.2922, -33.7152], [151.2923, -33.7152], [151.2924, -33.7152], [151.2925, -33.7152], [151.2925, -33.7151], [151.2926, -33.7151], [151.2927, -33.7151], [151.2927, -33.7151], [151.2928, -33.7151], [151.2928, -33.7151], [151.2928, -33.7151], [151.2929, -33.7151], [151.2929, -33.7151], [151.2929, -33.7151], [151.2931, -33.7151], [151.2932, -33.7151], [151.2932, -33.7151], [151.2933, -33.7151], [151.2933, -33.7151], [151.2933, -33.7151], [151.2934, -33.7151], [151.2934, -33.7151], [151.2935, -33.715], [151.2935, -33.715], [151.2936, -33.715], [151.2936, -33.715], [151.2937, -33.715], [151.2937, -33.715], [151.2937, -33.715], [151.2937, -33.715], [151.2937, -33.715], [151.2937, -33.7149], [151.2938, -33.7149], [151.2938, -33.7149], [151.2938, -33.7149], [151.2938, -33.7149], [151.2938, -33.7149], [151.2939, -33.7149], [151.2939, -33.7149], [151.294, -33.7148], [151.294, -33.7148], [151.294, -33.7148], [151.294, -33.7148], [151.2941, -33.7148], [151.2942, -33.7147], [151.2942, -33.7147], [151.2943, -33.7147], [151.2944, -33.7146], [151.2944, -33.7146], [151.2944, -33.7146], [151.2945, -33.7146], [151.2945, -33.7146], [151.2945, -33.7145]], [[151.2975, -33.711], [151.2975, -33.711], [151.2975, -33.711], [151.2974, -33.711], [151.2974, -33.711], [151.2974, -33.711], [151.2974, -33.711], [151.2974, -33.711], [151.2974, -33.711], [151.2974, -33.7109], [151.2974, -33.7109], [151.2974, -33.7109], [151.2973, -33.7109], [151.2973, -33.7109], [151.2973, -33.7108], [151.2973, -33.7108], [151.2973, -33.7108], [151.2973, -33.7108], [151.2973, -33.7108], [151.2973, -33.7108], [151.2973, -33.7107], [151.2973, -33.7107], [151.2973, -33.7107], [151.2973, -33.7107], [151.2973, -33.7106], [151.2973, -33.7106], [151.2973, -33.7106], [151.2974, -33.7105], [151.2974, -33.7105], [151.2974, -33.7105], [151.2974, -33.7105], [151.2974, -33.7105], [151.2974, -33.7105], [151.2974, -33.7105], [151.2974, -33.7105], [151.2974, -33.7104], [151.2975, -33.7104], [151.2975, -33.7104], [151.2975, -33.7104], [151.2975, -33.7103], [151.2975, -33.7103], [151.2975, -33.7103], [151.2975, -33.7102], [151.2976, -33.7102], [151.2976, -33.7101], [151.2976, -33.7101], [151.2976, -33.7101], [151.2977, -33.7101], [151.2978, -33.71], [151.2978, -33.71], [151.2978, -33.71], [151.2978, -33.71], [151.2979, -33.71], [151.2979, -33.71], [151.298, -33.71], [151.298, -33.71], [151.298, -33.71], [151.2981, -33.7099], [151.2981, -33.7099], [151.2981, -33.7099], [151.2981, -33.7099], [151.2981, -33.7099], [151.2982, -33.7099], [151.2982, -33.71], [151.2982, -33.71], [151.2982, -33.71], [151.2982, -33.71], [151.2982, -33.71], [151.2982, -33.7101], [151.2982, -33.7101], [151.2982, -33.7102], [151.2982, -33.7102], [151.2982, -33.7102], [151.2982, -33.7102], [151.2982, -33.7103], [151.2982, -33.7103], [151.2982, -33.7103], [151.2982, -33.7103], [151.2981, -33.7104], [151.2981, -33.7105], [151.2981, -33.7106], [151.2981, -33.7106], [151.298, -33.7106], [151.298, -33.7107], [151.2979, -33.7107], [151.2979, -33.7108], [151.2979, -33.7108], [151.2979, -33.7108], [151.2978, -33.7109], [151.2978, -33.7109], [151.2977, -33.7109], [151.2977, -33.7109], [151.2977, -33.711], [151.2976, -33.711], [151.2976, -33.711], [151.2976, -33.711], [151.2976, -33.711], [151.2975, -33.711], [151.2975, -33.711]], [[151.2918, -33.7147], [151.2918, -33.7148], [151.2917, -33.7148], [151.2917, -33.7148], [151.2917, -33.7148], [151.2916, -33.7148], [151.2916, -33.7148], [151.2915, -33.7148], [151.2915, -33.7148], [151.2915, -33.7148], [151.2914, -33.7148], [151.2914, -33.7148], [151.2914, -33.7148], [151.2913, -33.7148], [151.2913, -33.7148], [151.2912, -33.7148], [151.2912, -33.7148], [151.2912, -33.7148], [151.2912, -33.7148], [151.2912, -33.7147], [151.2911, -33.7147], [151.2911, -33.7147], [151.2911, -33.7147], [151.2911, -33.7147], [151.2911, -33.7146], [151.2911, -33.7146], [151.2912, -33.7146], [151.2912, -33.7146], [151.2912, -33.7145], [151.2913, -33.7145], [151.2913, -33.7145], [151.2913, -33.7145], [151.2913, -33.7144], [151.2913, -33.7144], [151.2913, -33.7144], [151.2913, -33.7144], [151.2914, -33.7144], [151.2914, -33.7143], [151.2914, -33.7143], [151.2914, -33.7143], [151.2914, -33.7143], [151.2914, -33.7142], [151.2914, -33.7142], [151.2915, -33.7142], [151.2915, -33.7142], [151.2915, -33.7142], [151.2915, -33.7142], [151.2915, -33.7143], [151.2916, -33.7143], [151.2916, -33.7143], [151.2916, -33.7143], [151.2916, -33.7143], [151.2916, -33.7143], [151.2916, -33.7143], [151.2916, -33.7144], [151.2916, -33.7144], [151.2915, -33.7144], [151.2915, -33.7144], [151.2915, -33.7144], [151.2915, -33.7144], [151.2915, -33.7145], [151.2915, -33.7145], [151.2915, -33.7145], [151.2915, -33.7145], [151.2915, -33.7145], [151.2915, -33.7145], [151.2915, -33.7146], [151.2916, -33.7146], [151.2916, -33.7146], [151.2917, -33.7147], [151.2917, -33.7147], [151.2917, -33.7147], [151.2918, -33.7147], [151.2918, -33.7147], [151.2918, -33.7147], [151.2918, -33.7147], [151.2918, -33.7147], [151.2918, -33.7147], [151.2918, -33.7147], [151.2918, -33.7147], [151.2918, -33.7147]]]}}, {"type": "Feature", "properties": {}, "geometry": {"type": "Polygon", "coordinates": [[[151.2562, -33.8271], [151.2582, -33.8262], [151.2592, -33.8266], [151.2608, -33.8262], [151.2628, -33.8258], [151.2634, -33.8254], [151.2636, -33.8244], [151.2652, -33.824], [151.2665, -33.8237], [151.2679, -33.8255], [151.2687, -33.8268], [151.2688, -33.8276], [151.2671, -33.8281], [151.2655, -33.828], [151.2647, -33.8293], [151.264, -33.8301], [151.2628, -33.8302], [151.2611, -33.8297], [151.2605, -33.8309], [151.2605, -33.8341], [151.2613, -33.8366], [151.2596, -33.838], [151.2563, -33.8388], [151.255, -33.8393], [151.2533, -33.8389], [151.2526, -33.8404], [151.2526, -33.8411], [151.2539, -33.8418], [151.2544, -33.8436], [151.2534, -33.8443], [151.252, -33.8441], [151.2508, -33.844], [151.2496, -33.8435], [151.2483, -33.8431], [151.2467, -33.8428], [151.2464, -33.8439], [151.2467, -33.8455], [151.248, -33.846], [151.2474, -33.8478], [151.247, -33.8493], [151.2472, -33.8503], [151.247, -33.8507], [151.2479, -33.8517], [151.2466, -33.8535], [151.2453, -33.8529], [151.2442, -33.8506], [151.2445, -33.8484], [151.2438, -33.8477], [151.2438, -33.8468], [151.2425, -33.8461], [151.241, -33.8457], [151.2395, -33.8458], [151.2387, -33.8447], [151.237, -33.8449], [151.2373, -33.8436], [151.2376, -33.8422], [151.2377, -33.8411], [151.2375, -33.8404], [151.2374, -33.8396], [151.2362, -33.8399], [151.2356, -33.8411], [151.2349, -33.8429], [151.2335, -33.8443], [151.2328, -33.8435], [151.2324, -33.8417], [151.2314, -33.8399], [151.232, -33.8391], [151.2329, -33.8379], [151.2327, -33.8364], [151.2319, -33.8377], [151.2294, -33.8378], [151.2292, -33.8385], [151.23, -33.84], [151.2303, -33.8415], [151.2304, -33.8425], [151.2301, -33.8434], [151.2305, -33.8445], [151.2311, -33.8455], [151.2312, -33.8468], [151.2327, -33.8479], [151.2329, -33.8487], [151.2318, -33.8483], [151.2307, -33.8475], [151.2296, -33.8467], [151.2287, -33.8461], [151.2278, -33.8451], [151.227, -33.8443], [151.2264, -33.8423], [151.2256, -33.841], [151.2255, -33.8402], [151.2248, -33.8394], [151.2246, -33.8405], [151.2245, -33.842], [151.2249, -33.8446], [151.2252, -33.846], [151.2245, -33.8466], [151.223, -33.8459], [151.2225, -33.8443], [151.2215, -33.8426], [151.2196, -33.8416], [151.2187, -33.8421], [151.218, -33.8417], [151.2168, -33.841], [151.2163, -33.842], [151.218, -33.844], [151.2166, -33.8451], [151.2153, -33.8451], [151.2174, -33.8464], [151.2191, -33.8473], [151.2198, -33.8484], [151.2203, -33.849], [151.2198, -33.85], [151.2198, -33.8508], [151.2196, -33.8517], [151.2183, -33.8527], [151.2176, -33.8519], [151.2154, -33.8503], [151.2132, -33.8497], [151.2123, -33.8508], [151.2094, -33.8477], [151.2093, -33.8461], [151.2086, -33.8444], [151.2072, -33.8442], [151.207, -33.845], [151.2063, -33.8458], [151.2062, -33.8471], [151.206, -33.8481], [151.2059, -33.849], [151.2042, -33.8491], [151.2039, -33.8505], [151.2029, -33.8498], [151.2031, -33.8481], [151.2022, -33.8463], [151.2009, -33.8456], [151.1999, -33.8448], [151.2003, -33.8438], [151.2003, -33.843], [151.1994, -33.8415], [151.1985, -33.8412], [151.1982, -33.8421], [151.1981, -33.8431], [151.197, -33.8439], [151.1951, -33.8442], [151.195, -33.8452], [151.1968, -33.8458], [151.1983, -33.8472], [151.1971, -33.8474], [151.1957, -33.8476], [151.1928, -33.8476], [151.1933, -33.8458], [151.1941, -33.8425], [151.1941, -33.8392], [151.1942, -33.8384], [151.1925, -33.8374], [151.1925, -33.8382], [151.192, -33.839], [151.1914, -33.8384], [151.1905, -33.8378], [151.1895, -33.8384], [151.1896, -33.8398], [151.1897, -33.8406], [151.1883, -33.8406], [151.1875, -33.8395], [151.1887, -33.838], [151.1883, -33.8358], [151.1894, -33.8342], [151.1885, -33.834], [151.187, -33.8355], [151.1856, -33.8384], [151.1851, -33.8391], [151.1876, -33.8428], [151.1853, -33.8473], [151.1845, -33.8479], [151.1834, -33.8481], [151.1823, -33.8487], [151.1841, -33.8497], [151.1856, -33.8508], [151.187, -33.8513], [151.1878, -33.8517], [151.1905, -33.8519], [151.1881, -33.8533], [151.1867, -33.8535], [151.1857, -33.8529], [151.1848, -33.8537], [151.1873, -33.8554], [151.1886, -33.8567], [151.1898, -33.8563], [151.1909, -33.8556], [151.1932, -33.8543], [151.1949, -33.8558], [151.1964, -33.8599], [151.1949, -33.8595], [151.1927, -33.8597], [151.1915, -33.859], [151.1902, -33.8593], [151.1914, -33.8602], [151.1857, -33.8619], [151.1814, -33.8658], [151.1848, -33.8681], [151.1802, -33.8695], [151.1736, -33.8714], [151.1763, -33.8723], [151.18, -33.8714], [151.1822, -33.8721], [151.1844, -33.871], [151.1852, -33.8718], [151.1868, -33.8732], [151.1901, -33.8751], [151.1916, -33.8728], [151.1888, -33.8706], [151.1874, -33.8693], [151.1864, -33.8683], [151.1895, -33.8658], [151.1911, -33.8645], [151.1941, -33.8624], [151.1952, -33.8625], [151.197, -33.865], [151.1983, -33.8677], [151.1992, -33.8704], [151.2018, -33.8724], [151.2013, -33.8678], [151.2005, -33.8628], [151.2007, -33.8596], [151.2018, -33.8592], [151.2016, -33.8588], [151.2002, -33.8586], [151.2001, -33.8574], [151.2003, -33.8559], [151.2017, -33.8554], [151.2028, -33.8554], [151.2041, -33.8565], [151.2045, -33.8546], [151.2059, -33.8561], [151.2064, -33.8544], [151.2106, -33.8555], [151.2102, -33.8559], [151.2103, -33.8572], [151.2096, -33.8608], [151.2103, -33.8611], [151.2119, -33.8605], [151.2127, -33.8591], [151.214, -33.8576], [151.2154, -33.8561], [151.2159, -33.8567], [151.2161, -33.8588], [151.2172, -33.8599], [151.217, -33.8623], [151.2193, -33.8632], [151.2206, -33.8617], [151.2219, -33.8591], [151.2226, -33.8591], [151.2228, -33.8599], [151.2229, -33.8624], [151.2214, -33.864], [151.2207, -33.8649], [151.2201, -33.8665], [151.2197, -33.8686], [151.2214, -33.869], [151.2258, -33.862], [151.2294, -33.8581], [151.2307, -33.8594], [151.2288, -33.8668], [151.2277, -33.8678], [151.2289, -33.87], [151.2299, -33.8699], [151.2307, -33.8702], [151.231, -33.8707], [151.2318, -33.8712], [151.2316, -33.8718], [151.231, -33.8725], [151.2305, -33.8741], [151.231, -33.8743], [151.2331, -33.8746], [151.2345, -33.8732], [151.2352, -33.8689], [151.2384, -33.867], [151.2407, -33.8668], [151.2407, -33.8676], [151.2418, -33.8684], [151.2418, -33.8693], [151.2409, -33.8722], [151.2415, -33.8731], [151.2439, -33.8739], [151.2461, -33.8732], [151.2459, -33.8723], [151.2468, -33.8721], [151.2496, -33.8705], [151.2498, -33.8683], [151.2489, -33.868], [151.2489, -33.8672], [151.2487, -33.8667], [151.2488, -33.8661], [151.249, -33.8651], [151.2501, -33.8642], [151.2511, -33.864], [151.2519, -33.8638], [151.2527, -33.8639], [151.2529, -33.8649], [151.2544, -33.8648], [151.2548, -33.8645], [151.2555, -33.864], [151.2561, -33.8637], [151.2566, -33.8643], [151.2562, -33.8649], [151.2554, -33.8656], [151.2549, -33.8668], [151.2538, -33.8678], [151.2533, -33.8687], [151.2535, -33.8698], [151.2547, -33.8708], [151.2573, -33.8719], [151.2604, -33.8724], [151.2623, -33.8719], [151.2623, -33.8708], [151.2633, -33.8703], [151.2661, -33.8709], [151.2691, -33.8687], [151.2699, -33.8651], [151.2689, -33.8631], [151.2688, -33.8613], [151.2683, -33.8598], [151.2681, -33.8592], [151.269, -33.8587], [151.2689, -33.858], [151.2674, -33.8573], [151.2664, -33.856], [151.2659, -33.8552], [151.265, -33.8536], [151.2646, -33.8521], [151.2644, -33.851], [151.265, -33.8505], [151.2659, -33.8508], [151.2677, -33.8498], [151.2678, -33.849], [151.2694, -33.848], [151.27, -33.8474], [151.2699, -33.8484], [151.27, -33.8496], [151.2712, -33.851], [151.2716, -33.8519], [151.2726, -33.8526], [151.2734, -33.8525], [151.2733, -33.8518], [151.2735, -33.8507], [151.2736, -33.8493], [151.2749, -33.8486], [151.2755, -33.8497], [151.2769, -33.8508], [151.2774, -33.8508], [151.2769, -33.8498], [151.2772, -33.849], [151.2771, -33.8484], [151.2776, -33.8475], [151.2781, -33.8468], [151.2788, -33.8472], [151.2796, -33.8467], [151.2806, -33.8468], [151.2814, -33.8453], [151.2815, -33.8443], [151.2814, -33.8426], [151.2807, -33.8418], [151.2796, -33.842], [151.2787, -33.8417], [151.277, -33.8415], [151.2767, -33.8403], [151.2775, -33.8402], [151.2791, -33.8394], [151.2785, -33.8377], [151.2783, -33.8365], [151.2785, -33.8358], [151.2792, -33.8356], [151.2796, -33.8346], [151.2796, -33.8339], [151.2796, -33.8333], [151.2805, -33.8327], [151.2888, -33.8289], [151.2973, -33.8231], [151.2942, -33.8214], [151.2918, -33.8208], [151.2907, -33.8207], [151.2888, -33.8206], [151.2869, -33.8201], [151.2855, -33.8188], [151.2856, -33.817], [151.2842, -33.816], [151.2733, -33.8125], [151.2708, -33.8113], [151.2686, -33.8121], [151.2659, -33.8136], [151.263, -33.8161], [151.2626, -33.8177], [151.256, -33.819], [151.2526, -33.8198], [151.2517, -33.8203], [151.2515, -33.8219], [151.2521, -33.8229], [151.253, -33.8229], [151.2528, -33.8236], [151.2514, -33.8249], [151.2525, -33.8271], [151.2562, -33.8271]], [[151.1973, -33.8529], [151.1972, -33.8529], [151.1972, -33.853], [151.1971, -33.8531], [151.1971, -33.8532], [151.1971, -33.8533], [151.197, -33.8533], [151.197, -33.8534], [151.1969, -33.8535], [151.1969, -33.8535], [151.1969, -33.8535], [151.1968, -33.8536], [151.1968, -33.8536], [151.1967, -33.8536], [151.1967, -33.8537], [151.1966, -33.8537], [151.1966, -33.8537], [151.1966, -33.8537], [151.1966, -33.8537], [151.1965, -33.8537], [151.1965, -33.8537], [151.1964, -33.8537], [151.1963, -33.8538], [151.1963, -33.8538], [151.1962, -33.8538], [151.1961, -33.8538], [151.1961, -33.8538], [151.196, -33.8538], [151.1959, -33.8538], [151.1959, -33.8538], [151.1958, -33.8537], [151.1957, -33.8537], [151.1956, -33.8537], [151.1956, -33.8537], [151.1955, -33.8537], [151.1955, -33.8537], [151.1954, -33.8538], [151.1948, -33.8536], [151.1949, -33.8534], [151.1949, -33.8534], [151.1949, -33.8534], [151.1947, -33.8533], [151.195, -33.8527], [151.195, -33.8527], [151.1951, -33.8525], [151.1952, -33.8521], [151.1954, -33.852], [151.1955, -33.8521], [151.1958, -33.852], [151.1958, -33.852], [151.1959, -33.8519], [151.1959, -33.8518], [151.1959, -33.8518], [151.1959, -33.8518], [151.1959, -33.8517], [151.1959, -33.8517], [151.1959, -33.8516], [151.1959, -33.8516], [151.196, -33.8516], [151.196, -33.8515], [151.1961, -33.8515], [151.1961, -33.8514], [151.1961, -33.8514], [151.1962, -33.8513], [151.1962, -33.8513], [151.1962, -33.8512], [151.1963, -33.8512], [151.1963, -33.8511], [151.1965, -33.8511], [151.1966, -33.8511], [151.1966, -33.8511], [151.1967, -33.8511], [151.1967, -33.8511], [151.1969, -33.8511], [151.197, -33.8511], [151.1971, -33.8511], [151.1973, -33.8511], [151.1974, -33.8511], [151.1974, -33.8511], [151.1975, -33.8511], [151.1976, -33.8511], [151.1978, -33.8512], [151.1979, -33.8512], [151.198, -33.8512], [151.1981, -33.8512], [151.198, -33.851], [151.1982, -33.851], [151.1982, -33.8511], [151.1983, -33.8511], [151.1983, -33.851], [151.1986, -33.851], [151.1989, -33.851], [151.1989, -33.8514], [151.1983, -33.8517], [151.1983, -33.8517], [151.1978, -33.852], [151.1978, -33.8519], [151.1977, -33.8519], [151.1977, -33.852], [151.1974, -33.8523], [151.1972, -33.8525], [151.1972, -33.8525], [151.1973, -33.8526], [151.1973, -33.8527], [151.1973, -33.8527], [151.1973, -33.8528], [151.1973, -33.8529]], [[151.257, -33.858], [151.257, -33.8579], [151.257, -33.8578], [151.257, -33.8577], [151.2571, -33.8576], [151.2572, -33.8575], [151.2574, -33.8575], [151.2576, -33.8575], [151.2578, -33.8575], [151.2578, -33.8576], [151.2579, -33.8577], [151.2579, -33.8578], [151.2581, -33.858], [151.2582, -33.8582], [151.2583, -33.8584], [151.2584, -33.8585], [151.2584, -33.8586], [151.2584, -33.8588], [151.2585, -33.8589], [151.2585, -33.8591], [151.2585, -33.8593], [151.2586, -33.8595], [151.2587, -33.8596], [151.2586, -33.8597], [151.2584, -33.8597], [151.2583, -33.8597], [151.2582, -33.8596], [151.258, -33.8594], [151.2578, -33.8593], [151.2577, -33.8591], [151.2575, -33.8589], [151.2575, -33.8588], [151.2573, -33.8587], [151.2573, -33.8586], [151.2572, -33.8585], [151.2571, -33.8583], [151.257, -33.8581], [151.257, -33.858]], [[151.2413, -33.8634], [151.2413, -33.8634], [151.2413, -33.8634], [151.2413, -33.8634], [151.2413, -33.8634], [151.2413, -33.8634], [151.2413, -33.8634], [151.2412, -33.8634], [151.2412, -33.8634], [151.2412, -33.8634], [151.2412, -33.8634], [151.2412, -33.8634], [151.2412, -33.8634], [151.2412, -33.8633], [151.2411, -33.8633], [151.2411, -33.8633], [151.2411, -33.8632], [151.2411, -33.8632], [151.241, -33.8631], [151.241, -33.8631], [151.2409, -33.8631], [151.2409, -33.8631], [151.2409, -33.863], [151.2409, -33.863], [151.2409, -33.8629], [151.2407, -33.8627], [151.2407, -33.8626], [151.2406, -33.8626], [151.2406, -33.8625], [151.2406, -33.8625], [151.2406, -33.8625], [151.2406, -33.8624], [151.2406, -33.8624], [151.2406, -33.8624], [151.2405, -33.8623], [151.2405, -33.8623], [151.2405, -33.8623], [151.2405, -33.8623], [151.2405, -33.8622], [151.2405, -33.8622], [151.2405, -33.8622], [151.2404, -33.8622], [151.2404, -33.8622], [151.2404, -33.8621], [151.2404, -33.8621], [151.2404, -33.8621], [151.2404, -33.8621], [151.2404, -33.8621], [151.2405, -33.8621], [151.2405, -33.8621], [151.2405, -33.8621], [151.2406, -33.8621], [151.2406, -33.8621], [151.2407, -33.8621], [151.2407, -33.8621], [151.2408, -33.8621], [151.2408, -33.8621], [151.2408, -33.8621], [151.2408, -33.8621], [151.2409, -33.8621], [151.2409, -33.8621], [151.2409, -33.8621], [151.241, -33.8621], [151.241, -33.8621], [151.2411, -33.8622], [151.2411, -33.8622], [151.2411, -33.8622], [151.2412, -33.8622], [151.2412, -33.8621], [151.2413, -33.8621], [151.2413, -33.8621], [151.2413, -33.8621], [151.2414, -33.8622], [151.2414, -33.8622], [151.2414, -33.8622], [151.2414, -33.8622], [151.2414, -33.8622], [151.2414, -33.8623], [151.2415, -33.8623], [151.2415, -33.8623], [151.2415, -33.8624], [151.2415, -33.8624], [151.2416, -33.8624], [151.2416, -33.8624], [151.2416, -33.8624], [151.2416, -33.8624], [151.2416, -33.8624], [151.2416, -33.8624], [151.2416, -33.8624], [151.2416, -33.8625], [151.2416, -33.8625], [151.2416, -33.8625], [151.2416, -33.8625], [151.2416, -33.8625], [151.2416, -33.8626], [151.2417, -33.8627], [151.2417, -33.8627], [151.2417, -33.8627], [151.2417, -33.8627], [151.2417, -33.8628], [151.2417, -33.8628], [151.2417, -33.8629], [151.2417, -33.8629], [151.2416, -33.863], [151.2416, -33.863], [151.2416, -33.8631], [151.2416, -33.8631], [151.2417, -33.8631], [151.2417, -33.8631], [151.2417, -33.8631], [151.2417, -33.8631], [151.2416, -33.8632], [151.2416, -33.8632], [151.2416, -33.8632], [151.2416, -33.8632], [151.2416, -33.8633], [151.2416, -33.8633], [151.2416, -33.8633], [151.2416, -33.8633], [151.2416, -33.8633], [151.2416, -33.8633], [151.2416, -33.8633], [151.2416, -33.8634], [151.2416, -33.8634], [151.2416, -33.8634], [151.2416, -33.8634], [151.2415, -33.8634], [151.2415, -33.8634], [151.2415, -33.8634], [151.2415, -33.8634], [151.2414, -33.8634], [151.2414, -33.8634], [151.2413, -33.8634], [151.2413, -33.8634], [151.2413, -33.8634], [151.2413, -33.8634], [151.2413, -33.8634], [151.2413, -33.8634]], [[151.2253, -33.8553], [151.2252, -33.8552], [151.2251, -33.8552], [151.2251, -33.855], [151.2252, -33.855], [151.2253, -33.8549], [151.2255, -33.8548], [151.2257, -33.8547], [151.2258, -33.8546], [151.2259, -33.8546], [151.2259, -33.8546], [151.226, -33.8547], [151.226, -33.8547], [151.226, -33.8548], [151.226, -33.8549], [151.2258, -33.855], [151.2256, -33.8552], [151.2254, -33.8553], [151.2253, -33.8553]], [[151.2706, -33.8473], [151.2707, -33.8473], [151.2707, -33.8472], [151.2708, -33.8472], [151.2709, -33.8472], [151.2709, -33.8472], [151.271, -33.8473], [151.271, -33.8473], [151.2709, -33.8474], [151.2709, -33.8475], [151.2708, -33.8476], [151.2708, -33.8477], [151.2707, -33.8478], [151.2707, -33.8478], [151.2706, -33.8479], [151.2706, -33.8479], [151.2705, -33.8479], [151.2705, -33.8479], [151.2705, -33.8479], [151.2704, -33.8478], [151.2704, -33.8478], [151.2704, -33.8478], [151.2704, -33.8477], [151.2704, -33.8476], [151.2705, -33.8475], [151.2705, -33.8475], [151.2706, -33.8474], [151.2706, -33.8473]]]}}, {"type": "Feature", "properties": {}, "geometry": {"type": "Polygon", "coordinates": [[[151.269, -33.798], [151.269, -33.798], [151.2689, -33.7978], [151.2689, -33.7978], [151.2688, -33.7978], [151.2687, -33.7977], [151.2686, -33.7977], [151.2682, -33.7979], [151.2679, -33.798], [151.2677, -33.798], [151.2676, -33.7981], [151.2674, -33.798], [151.2671, -33.798], [151.267, -33.7979], [151.2669, -33.7979], [151.2666, -33.798], [151.2665, -33.798], [151.2664, -33.798], [151.2663, -33.7981], [151.2661, -33.7982], [151.2658, -33.7984], [151.2657, -33.7985], [151.2652, -33.8002], [151.2655, -33.8002], [151.266, -33.7997], [151.2665, -33.7995], [151.2677, -33.7998], [151.268, -33.7999], [151.2681, -33.7999], [151.2683, -33.8], [151.2687, -33.8003], [151.2689, -33.8005], [151.2691, -33.8006], [151.2695, -33.8017], [151.27, -33.8026], [151.2701, -33.8028], [151.2701, -33.8028], [151.2701, -33.803], [151.2701, -33.8032], [151.2702, -33.8036], [151.2702, -33.8038], [151.2702, -33.8039], [151.2703, -33.8039], [151.2704, -33.8041], [151.2704, -33.8041], [151.2708, -33.8045], [151.2709, -33.8046], [151.271, -33.8046], [151.2711, -33.8046], [151.2712, -33.8045], [151.2713, -33.8045], [151.2714, -33.8045], [151.2714, -33.8045], [151.2716, -33.8045], [151.2717, -33.8047], [151.2718, -33.8048], [151.2722, -33.8051], [151.2723, -33.8052], [151.2724, -33.8053], [151.2727, -33.8058], [151.2728, -33.806], [151.2729, -33.8061], [151.273, -33.8061], [151.2731, -33.8061], [151.2732, -33.8061], [151.2733, -33.8062], [151.2734, -33.8063], [151.2736, -33.8064], [151.2738, -33.8065], [151.2738, -33.8067], [151.2738, -33.8068], [151.2739, -33.8068], [151.274, -33.807], [151.274, -33.807], [151.274, -33.8071], [151.2739, -33.8072], [151.2739, -33.8073], [151.2739, -33.8075], [151.274, -33.8076], [151.2741, -33.8076], [151.2742, -33.8077], [151.2744, -33.8078], [151.2745, -33.8078], [151.2746, -33.8078], [151.2747, -33.8076], [151.2748, -33.8076], [151.2749, -33.8076], [151.2749, -33.8076], [151.2751, -33.8076], [151.2752, -33.8077], [151.2753, -33.8078], [151.2754, -33.8079], [151.2754, -33.8081], [151.2754, -33.8082], [151.2753, -33.8084], [151.2753, -33.8086], [151.2753, -33.8087], [151.2753, -33.8089], [151.2753, -33.8091], [151.2753, -33.8093], [151.2752, -33.8094], [151.2751, -33.8096], [151.2751, -33.8098], [151.2751, -33.81], [151.2751, -33.8101], [151.2749, -33.8102], [151.2748, -33.8103], [151.2748, -33.8103], [151.2749, -33.8106], [151.2749, -33.8107], [151.2748, -33.8108], [151.2748, -33.8108], [151.2746, -33.8109], [151.2745, -33.811], [151.2744, -33.8111], [151.2743, -33.8113], [151.2743, -33.8115], [151.2742, -33.8117], [151.2742, -33.8118], [151.2741, -33.8119], [151.274, -33.8119], [151.2739, -33.812], [151.2739, -33.8121], [151.2738, -33.8122], [151.2737, -33.8122], [151.2735, -33.8123], [151.2734, -33.8123], [151.2733, -33.8124], [151.2835, -33.8152], [151.2835, -33.8151], [151.2836, -33.815], [151.2836, -33.815], [151.2837, -33.815], [151.2837, -33.815], [151.2839, -33.815], [151.284, -33.8151], [151.2841, -33.8152], [151.2842, -33.8153], [151.2842, -33.8154], [151.2843, -33.8155], [151.2844, -33.8156], [151.2845, -33.8156], [151.2847, -33.8156], [151.285, -33.8156], [151.2855, -33.8156], [151.2859, -33.8155], [151.2861, -33.8156], [151.2868, -33.8149], [151.2868, -33.8139], [151.2869, -33.8131], [151.2869, -33.8129], [151.2869, -33.8128], [151.287, -33.8126], [151.287, -33.8125], [151.2871, -33.8124], [151.2872, -33.8123], [151.2873, -33.8123], [151.2874, -33.8122], [151.2878, -33.8121], [151.2879, -33.8121], [151.288, -33.8121], [151.2881, -33.8122], [151.2883, -33.8123], [151.2884, -33.8124], [151.2885, -33.8124], [151.2886, -33.8125], [151.2888, -33.8125], [151.2889, -33.8125], [151.2891, -33.8124], [151.2893, -33.8123], [151.2895, -33.8122], [151.2897, -33.812], [151.2898, -33.8118], [151.2899, -33.8116], [151.2899, -33.8114], [151.2899, -33.8113], [151.2897, -33.8112], [151.2896, -33.811], [151.2895, -33.8109], [151.2896, -33.8107], [151.2895, -33.8103], [151.2895, -33.8101], [151.2895, -33.8099], [151.2895, -33.8097], [151.2896, -33.8096], [151.2898, -33.8094], [151.29, -33.8092], [151.2902, -33.809], [151.2904, -33.809], [151.2907, -33.8088], [151.2908, -33.8088], [151.291, -33.8088], [151.2911, -33.8088], [151.2911, -33.8087], [151.2916, -33.8085], [151.2913, -33.8081], [151.2908, -33.8079], [151.2906, -33.8079], [151.2904, -33.8079], [151.2903, -33.8079], [151.2901, -33.8079], [151.2898, -33.8079], [151.2894, -33.8079], [151.2892, -33.8081], [151.2889, -33.8082], [151.2886, -33.8082], [151.2885, -33.8083], [151.2883, -33.8085], [151.2882, -33.8087], [151.288, -33.8088], [151.2874, -33.8092], [151.2871, -33.8092], [151.287, -33.8084], [151.2871, -33.8085], [151.2871, -33.8083], [151.2871, -33.8081], [151.2871, -33.8081], [151.287, -33.808], [151.287, -33.8078], [151.287, -33.8075], [151.2871, -33.8073], [151.2872, -33.8072], [151.2873, -33.8071], [151.2873, -33.807], [151.2873, -33.807], [151.2873, -33.8069], [151.2871, -33.8067], [151.2868, -33.8066], [151.2863, -33.8065], [151.2861, -33.8065], [151.286, -33.8064], [151.2859, -33.8064], [151.2858, -33.8065], [151.2858, -33.8065], [151.2857, -33.8067], [151.2856, -33.8069], [151.2853, -33.8072], [151.285, -33.8076], [151.2848, -33.8079], [151.2847, -33.808], [151.2844, -33.8083], [151.2843, -33.8084], [151.2841, -33.8085], [151.284, -33.8086], [151.284, -33.8087], [151.2839, -33.8088], [151.2838, -33.8089], [151.2837, -33.809], [151.2836, -33.809], [151.2835, -33.809], [151.2832, -33.809], [151.2831, -33.809], [151.283, -33.809], [151.2829, -33.8091], [151.2828, -33.8092], [151.2827, -33.8093], [151.2826, -33.8093], [151.2826, -33.8092], [151.2825, -33.8092], [151.2825, -33.8091], [151.2826, -33.8089], [151.2826, -33.8087], [151.2827, -33.8085], [151.2827, -33.8084], [151.2826, -33.8083], [151.2825, -33.8082], [151.2825, -33.8081], [151.2826, -33.8079], [151.2827, -33.8078], [151.2827, -33.8078], [151.283, -33.8077], [151.2832, -33.8075], [151.2833, -33.8074], [151.2833, -33.8073], [151.2833, -33.8071], [151.2832, -33.8069], [151.2831, -33.8066], [151.283, -33.8064], [151.283, -33.8062], [151.283, -33.806], [151.2831, -33.8058], [151.2832, -33.8055], [151.2833, -33.8052], [151.2836, -33.8049], [151.2839, -33.8045], [151.2843, -33.804], [151.2847, -33.8035], [151.285, -33.8032], [151.2852, -33.8033], [151.2855, -33.803], [151.2864, -33.8025], [151.2866, -33.8021], [151.2866, -33.802], [151.2866, -33.8018], [151.2865, -33.8016], [151.2865, -33.8015], [151.2863, -33.8012], [151.2862, -33.801], [151.2861, -33.8008], [151.2857, -33.8004], [151.2854, -33.8003], [151.2851, -33.8003], [151.2847, -33.8003], [151.2842, -33.8001], [151.2837, -33.7999], [151.2838, -33.7994], [151.2836, -33.7993], [151.2833, -33.7991], [151.2828, -33.799], [151.2823, -33.7989], [151.282, -33.7988], [151.2817, -33.7987], [151.2816, -33.7987], [151.2814, -33.7988], [151.2815, -33.799], [151.2815, -33.7992], [151.2812, -33.7993], [151.2811, -33.7994], [151.2809, -33.7995], [151.2807, -33.7996], [151.2807, -33.7998], [151.2804, -33.8], [151.2803, -33.8], [151.2803, -33.8], [151.2802, -33.8], [151.2801, -33.7999], [151.28, -33.7998], [151.2797, -33.7997], [151.2796, -33.7997], [151.2796, -33.7997], [151.2795, -33.7998], [151.2794, -33.7998], [151.2793, -33.7998], [151.2791, -33.7997], [151.2785, -33.7995], [151.2781, -33.7996], [151.278, -33.7998], [151.2779, -33.7999], [151.2777, -33.7998], [151.2777, -33.7998], [151.2774, -33.8], [151.2772, -33.8002], [151.2768, -33.8003], [151.2764, -33.8005], [151.2762, -33.8006], [151.2761, -33.8006], [151.276, -33.8006], [151.276, -33.8007], [151.2759, -33.8006], [151.2758, -33.8005], [151.2758, -33.8004], [151.2757, -33.8003], [151.2756, -33.8001], [151.2755, -33.8], [151.2754, -33.8], [151.2753, -33.8], [151.2751, -33.7999], [151.2748, -33.7998], [151.2748, -33.7998], [151.2747, -33.7998], [151.2745, -33.7999], [151.2744, -33.8], [151.2742, -33.8004], [151.2739, -33.8007], [151.2738, -33.8008], [151.2737, -33.8009], [151.2736, -33.8011], [151.2735, -33.8011], [151.2735, -33.8011], [151.2733, -33.8011], [151.2732, -33.801], [151.2729, -33.8009], [151.2726, -33.8007], [151.2724, -33.8006], [151.272, -33.8004], [151.2718, -33.8004], [151.2717, -33.8003], [151.2716, -33.8003], [151.2716, -33.8001], [151.2715, -33.7999], [151.2714, -33.7996], [151.2713, -33.7994], [151.2711, -33.7992], [151.271, -33.7991], [151.2708, -33.7991], [151.2706, -33.799], [151.2705, -33.799], [151.2704, -33.7989], [151.2703, -33.7989], [151.2701, -33.7989], [151.27, -33.7989], [151.2699, -33.7988], [151.2699, -33.7987], [151.2698, -33.7987], [151.2698, -33.7984], [151.2697, -33.7984], [151.2695, -33.7982], [151.2693, -33.7982], [151.2692, -33.7982], [151.2691, -33.7981], [151.269, -33.798]]]}}, {"type": "Feature", "properties": {}, "geometry": {"type": "Polygon", "coordinates": [[[151.1972, -33.7537], [151.1972, -33.7535], [151.1962, -33.7538], [151.1955, -33.754], [151.1951, -33.7541], [151.1938, -33.7544], [151.1924, -33.7551], [151.1911, -33.7556], [151.1907, -33.7569], [151.1911, -33.7579], [151.192, -33.7585], [151.1919, -33.7591], [151.1924, -33.7593], [151.1935, -33.7603], [151.1946, -33.7609], [151.1964, -33.7615], [151.1978, -33.7619], [151.1984, -33.7627], [151.1986, -33.7643], [151.1987, -33.7648], [151.1984, -33.7661], [151.1983, -33.767], [151.1985, -33.7678], [151.1985, -33.7682], [151.1988, -33.7686], [151.1999, -33.7686], [151.2012, -33.7691], [151.2023, -33.77], [151.2028, -33.7711], [151.2019, -33.7719], [151.2019, -33.7726], [151.2025, -33.7736], [151.2032, -33.7737], [151.2049, -33.7744], [151.2056, -33.7751], [151.2063, -33.7753], [151.2066, -33.7758], [151.2073, -33.7764], [151.2075, -33.7772], [151.2072, -33.7776], [151.2069, -33.7777], [151.207, -33.7781], [151.2075, -33.7788], [151.2082, -33.7785], [151.2112, -33.7786], [151.2119, -33.7793], [151.2124, -33.7806], [151.2122, -33.7814], [151.2123, -33.782], [151.2126, -33.7834], [151.2133, -33.7842], [151.2144, -33.7845], [151.2156, -33.7844], [151.2163, -33.7846], [151.2166, -33.785], [151.2172, -33.7853], [151.2182, -33.7856], [151.2195, -33.7854], [151.2203, -33.7852], [151.2209, -33.7854], [151.2221, -33.7861], [151.2227, -33.7863], [151.2237, -33.786], [151.2253, -33.786], [151.2271, -33.7859], [151.2291, -33.7853], [151.2303, -33.7853], [151.2305, -33.7861], [151.2311, -33.7866], [151.2319, -33.7869], [151.2325, -33.7876], [151.2326, -33.7882], [151.2328, -33.789], [151.233, -33.7901], [151.2324, -33.7908], [151.2312, -33.7917], [151.2305, -33.7912], [151.2303, -33.7906], [151.2301, -33.7908], [151.23, -33.791], [151.2298, -33.7911], [151.2295, -33.7913], [151.2293, -33.7913], [151.2289, -33.7913], [151.2287, -33.7914], [151.2282, -33.7914], [151.2278, -33.7914], [151.2273, -33.7912], [151.2266, -33.7913], [151.2258, -33.7916], [151.2258, -33.7918], [151.2263, -33.7925], [151.2261, -33.7928], [151.2256, -33.7933], [151.2249, -33.7933], [151.2235, -33.7928], [151.223, -33.7925], [151.222, -33.7921], [151.2211, -33.7919], [151.2207, -33.7913], [151.2199, -33.7908], [151.2193, -33.7905], [151.2187, -33.7907], [151.2178, -33.7908], [151.2173, -33.7916], [151.2167, -33.7916], [151.2168, -33.792], [151.2176, -33.793], [151.2184, -33.7927], [151.219, -33.7921], [151.2196, -33.7921], [151.2205, -33.793], [151.2223, -33.7937], [151.2229, -33.7944], [151.2229, -33.7952], [151.2219, -33.7963], [151.2206, -33.7969], [151.2204, -33.7974], [151.222, -33.7974], [151.223, -33.7972], [151.224, -33.7972], [151.2253, -33.7968], [151.2263, -33.7968], [151.2279, -33.7961], [151.2287, -33.7953], [151.2294, -33.7944], [151.2303, -33.7949], [151.2309, -33.7959], [151.23, -33.7968], [151.2296, -33.7975], [151.23, -33.7981], [151.2308, -33.7986], [151.2304, -33.7995], [151.2304, -33.8001], [151.2309, -33.8011], [151.2305, -33.8024], [151.2296, -33.8025], [151.2285, -33.8024], [151.2278, -33.8021], [151.2271, -33.802], [151.2264, -33.8025], [151.2255, -33.8026], [151.2248, -33.802], [151.2243, -33.8014], [151.224, -33.8012], [151.2239, -33.8016], [151.2234, -33.8022], [151.2229, -33.8027], [151.2219, -33.8028], [151.2223, -33.8033], [151.2229, -33.8045], [151.2222, -33.805], [151.2204, -33.8055], [151.2194, -33.8058], [151.2179, -33.8054], [151.2181, -33.8057], [151.219, -33.8061], [151.2193, -33.8066], [151.2203, -33.8066], [151.2219, -33.8063], [151.2224, -33.8067], [151.2228, -33.8067], [151.2235, -33.8065], [151.225, -33.8053], [151.2259, -33.8049], [151.2268, -33.8051], [151.2276, -33.8054], [151.2288, -33.8057], [151.2295, -33.8054], [151.2301, -33.8054], [151.2308, -33.8058], [151.2315, -33.8061], [151.2322, -33.8067], [151.2323, -33.8076], [151.2318, -33.8079], [151.2315, -33.8084], [151.2312, -33.8091], [151.2309, -33.8096], [151.2309, -33.81], [151.231, -33.8103], [151.2307, -33.8112], [151.2303, -33.8119], [151.2303, -33.8123], [151.2313, -33.8129], [151.2321, -33.8136], [151.2315, -33.8137], [151.2299, -33.8138], [151.2286, -33.8145], [151.2272, -33.8155], [151.2265, -33.8153], [151.2259, -33.8151], [151.225, -33.815], [151.2245, -33.8142], [151.2235, -33.814], [151.2234, -33.8145], [151.224, -33.8154], [151.2244, -33.8164], [151.2236, -33.8171], [151.223, -33.8171], [151.2223, -33.8172], [151.2215, -33.8176], [151.2207, -33.8179], [151.2198, -33.8177], [151.2194, -33.8188], [151.2203, -33.8189], [151.2214, -33.8192], [151.2223, -33.819], [151.2233, -33.8186], [151.2249, -33.8186], [151.2258, -33.8184], [151.2261, -33.8186], [151.2257, -33.8191], [151.225, -33.8198], [151.2245, -33.8209], [151.2241, -33.8214], [151.2258, -33.8223], [151.2259, -33.8217], [151.2265, -33.8203], [151.2283, -33.8188], [151.2288, -33.8176], [151.2296, -33.8174], [151.2305, -33.8173], [151.2314, -33.8164], [151.2322, -33.8163], [151.2335, -33.8169], [151.2334, -33.8166], [151.2338, -33.8159], [151.2354, -33.816], [151.2361, -33.816], [151.2379, -33.8165], [151.2389, -33.817], [151.239, -33.8159], [151.2391, -33.8154], [151.2382, -33.815], [151.2377, -33.8146], [151.2373, -33.8138], [151.2367, -33.813], [151.236, -33.8122], [151.2352, -33.8115], [151.236, -33.8114], [151.2365, -33.8107], [151.237, -33.81], [151.2371, -33.8094], [151.2375, -33.8085], [151.2378, -33.8081], [151.239, -33.8081], [151.2402, -33.8083], [151.2417, -33.8083], [151.2428, -33.8093], [151.2439, -33.8099], [151.2453, -33.8083], [151.2457, -33.8065], [151.2457, -33.8039], [151.246, -33.8034], [151.2467, -33.8045], [151.2469, -33.8057], [151.2479, -33.8068], [151.2482, -33.8075], [151.2487, -33.8078], [151.2482, -33.8088], [151.2471, -33.8105], [151.2471, -33.8117], [151.2472, -33.8126], [151.2483, -33.814], [151.2501, -33.8155], [151.2511, -33.8155], [151.2524, -33.8157], [151.2531, -33.8174], [151.2534, -33.8195], [151.2611, -33.8173], [151.2611, -33.816], [151.2608, -33.815], [151.2602, -33.814], [151.2599, -33.8131], [151.2595, -33.8122], [151.2585, -33.8116], [151.2569, -33.8115], [151.2559, -33.8111], [151.2541, -33.8106], [151.2533, -33.8102], [151.2536, -33.8098], [151.2526, -33.8089], [151.252, -33.8061], [151.2525, -33.8056], [151.253, -33.8055], [151.2527, -33.8032], [151.2518, -33.8025], [151.251, -33.8027], [151.25, -33.8031], [151.25, -33.8024], [151.2502, -33.8013], [151.2505, -33.8003], [151.2496, -33.801], [151.2489, -33.8016], [151.2476, -33.8017], [151.2462, -33.8017], [151.2457, -33.8016], [151.2449, -33.8015], [151.2437, -33.8021], [151.2424, -33.8036], [151.2418, -33.8041], [151.2396, -33.8039], [151.2383, -33.8042], [151.2364, -33.8043], [151.2351, -33.8033], [151.235, -33.8019], [151.2367, -33.8004], [151.238, -33.7991], [151.2388, -33.7985], [151.2386, -33.798], [151.2379, -33.7976], [151.2372, -33.797], [151.2374, -33.7962], [151.2375, -33.7957], [151.2367, -33.7956], [151.2359, -33.7952], [151.2356, -33.7946], [151.2351, -33.7943], [151.2349, -33.7938], [151.2355, -33.7934], [151.236, -33.7927], [151.2365, -33.7906], [151.2363, -33.7885], [151.2351, -33.7859], [151.2349, -33.7852], [151.2333, -33.7843], [151.2327, -33.7836], [151.2322, -33.7829], [151.2323, -33.7813], [151.2324, -33.7801], [151.2321, -33.7798], [151.2324, -33.7794], [151.2322, -33.7788], [151.2322, -33.7779], [151.2326, -33.7772], [151.2331, -33.7769], [151.2322, -33.7766], [151.2313, -33.7754], [151.2309, -33.7743], [151.231, -33.7733], [151.2308, -33.7727], [151.23, -33.7728], [151.2297, -33.7735], [151.2292, -33.7743], [151.2292, -33.7748], [151.2306, -33.777], [151.2298, -33.7788], [151.2299, -33.7797], [151.2299, -33.7807], [151.2297, -33.7816], [151.2295, -33.7824], [151.229, -33.783], [151.2281, -33.7831], [151.2276, -33.7832], [151.2269, -33.7831], [151.2262, -33.7828], [151.2256, -33.7828], [151.2254, -33.7832], [151.2253, -33.7837], [151.2241, -33.7836], [151.2229, -33.7833], [151.2217, -33.7832], [151.2203, -33.7826], [151.2194, -33.7826], [151.2184, -33.7826], [151.2168, -33.7818], [151.2155, -33.7821], [151.2144, -33.7822], [151.2145, -33.7816], [151.2152, -33.7807], [151.2148, -33.7802], [151.214, -33.7794], [151.2133, -33.7786], [151.2126, -33.7775], [151.2122, -33.7767], [151.2116, -33.7764], [151.2105, -33.7758], [151.2099, -33.7752], [151.209, -33.7749], [151.2086, -33.7754], [151.2074, -33.7751], [151.2057, -33.774], [151.2051, -33.7733], [151.2042, -33.772], [151.2043, -33.7704], [151.2025, -33.7687], [151.2006, -33.7678], [151.2002, -33.7677], [151.1995, -33.7672], [151.1993, -33.7661], [151.2, -33.7646], [151.1991, -33.7632], [151.1992, -33.7622], [151.1987, -33.7613], [151.1975, -33.7609], [151.1962, -33.7608], [151.1943, -33.7599], [151.193, -33.7584], [151.1918, -33.7578], [151.1913, -33.7569], [151.1972, -33.7537]]]}}, {"type": "Feature", "properties": {}, "geometry": {"type": "Polygon", "coordinates": [[[151.1627, -34.0004], [151.1664, -34.0023], [151.1704, -34.0051], [151.1738, -34.0083], [151.173, -34.0098], [151.1725, -34.0104], [151.1731, -34.0118], [151.1744, -34.0121], [151.1753, -34.0119], [151.1762, -34.0112], [151.1781, -34.0119], [151.1785, -34.0129], [151.1774, -34.0142], [151.176, -34.0148], [151.1744, -34.0151], [151.1721, -34.0154], [151.1701, -34.0157], [151.1698, -34.0145], [151.1693, -34.0137], [151.1681, -34.013], [151.1665, -34.0135], [151.1658, -34.0136], [151.1653, -34.0136], [151.1645, -34.0133], [151.1639, -34.0131], [151.163, -34.0133], [151.1624, -34.0135], [151.1615, -34.0139], [151.1603, -34.0142], [151.159, -34.0143], [151.1581, -34.0146], [151.1576, -34.0151], [151.1573, -34.0159], [151.1569, -34.0162], [151.156, -34.016], [151.1556, -34.0163], [151.1562, -34.0167], [151.1563, -34.0172], [151.1559, -34.0176], [151.1564, -34.0178], [151.1566, -34.0185], [151.1571, -34.0193], [151.1576, -34.0198], [151.1584, -34.0205], [151.1591, -34.0212], [151.1592, -34.0219], [151.1594, -34.0226], [151.1596, -34.0232], [151.1597, -34.0229], [151.16, -34.0222], [151.1605, -34.022], [151.1617, -34.0223], [151.1625, -34.0226], [151.1627, -34.0229], [151.1623, -34.0234], [151.1623, -34.0238], [151.1626, -34.0236], [151.1631, -34.0231], [151.1637, -34.0231], [151.1645, -34.0232], [151.1673, -34.0235], [151.1689, -34.0235], [151.1694, -34.023], [151.1707, -34.0201], [151.1719, -34.0195], [151.1726, -34.0197], [151.1732, -34.0201], [151.1736, -34.0205], [151.1739, -34.0212], [151.1739, -34.0216], [151.174, -34.0222], [151.174, -34.0229], [151.1743, -34.0235], [151.176, -34.0249], [151.1777, -34.0258], [151.1794, -34.0261], [151.1807, -34.0259], [151.181, -34.0257], [151.1814, -34.0252], [151.1867, -34.0209], [151.1895, -34.0199], [151.1896, -34.0199], [151.1896, -34.0201], [151.1897, -34.0203], [151.19, -34.0206], [151.1901, -34.0207], [151.1905, -34.0204], [151.1909, -34.0202], [151.1912, -34.02], [151.1914, -34.0198], [151.1917, -34.0196], [151.1919, -34.0195], [151.1921, -34.0195], [151.1922, -34.0194], [151.1923, -34.0191], [151.1924, -34.0191], [151.1925, -34.0192], [151.1925, -34.0193], [151.1927, -34.0193], [151.1929, -34.0193], [151.1933, -34.0195], [151.1935, -34.0198], [151.1931, -34.0203], [151.1933, -34.0209], [151.1936, -34.0206], [151.1942, -34.0204], [151.1945, -34.0205], [151.195, -34.0207], [151.1959, -34.0207], [151.1963, -34.0208], [151.196, -34.021], [151.1962, -34.0211], [151.1964, -34.0212], [151.1966, -34.0208], [151.1972, -34.0203], [151.1978, -34.0202], [151.1981, -34.0202], [151.1983, -34.0198], [151.1988, -34.0195], [151.1994, -34.0195], [151.1998, -34.0191], [151.2, -34.0188], [151.1999, -34.0185], [151.1998, -34.0183], [151.1999, -34.018], [151.2002, -34.0179], [151.2008, -34.0177], [151.2015, -34.0174], [151.2024, -34.0174], [151.2029, -34.0175], [151.2033, -34.0177], [151.2036, -34.0177], [151.2035, -34.0173], [151.2035, -34.0169], [151.2037, -34.0166], [151.2044, -34.0163], [151.2051, -34.0163], [151.2055, -34.0163], [151.2057, -34.0162], [151.2055, -34.0161], [151.2058, -34.0158], [151.2055, -34.0156], [151.2052, -34.0153], [151.2052, -34.0148], [151.2054, -34.0146], [151.2062, -34.0146], [151.2064, -34.0144], [151.2065, -34.0142], [151.2064, -34.014], [151.2061, -34.0139], [151.2059, -34.0137], [151.205, -34.0136], [151.2046, -34.0136], [151.2043, -34.0138], [151.204, -34.0141], [151.2035, -34.0145], [151.2028, -34.0146], [151.2023, -34.0146], [151.2019, -34.0143], [151.2016, -34.0142], [151.2011, -34.0142], [151.2007, -34.0142], [151.2004, -34.0141], [151.2001, -34.014], [151.2, -34.0142], [151.2002, -34.0143], [151.1998, -34.0145], [151.1998, -34.0147], [151.2001, -34.0148], [151.201, -34.0148], [151.2015, -34.0148], [151.2015, -34.0149], [151.2006, -34.0151], [151.2, -34.015], [151.1996, -34.0149], [151.1992, -34.0147], [151.1985, -34.0145], [151.1982, -34.0143], [151.1981, -34.0139], [151.1981, -34.0135], [151.1983, -34.0132], [151.1983, -34.013], [151.1982, -34.0125], [151.1984, -34.0123], [151.1987, -34.0122], [151.1994, -34.0121], [151.1997, -34.0122], [151.1999, -34.0121], [151.2001, -34.0118], [151.2, -34.0114], [151.1997, -34.0112], [151.1993, -34.0107], [151.1991, -34.0103], [151.1987, -34.0101], [151.1982, -34.01], [151.1973, -34.0099], [151.1969, -34.0098], [151.1964, -34.0098], [151.1959, -34.0099], [151.1951, -34.0097], [151.1943, -34.0095], [151.1938, -34.0093], [151.1935, -34.0092], [151.1932, -34.0092], [151.193, -34.0094], [151.1928, -34.0093], [151.1925, -34.0093], [151.1919, -34.0092], [151.1912, -34.0091], [151.1904, -34.0087], [151.1899, -34.0084], [151.1883, -34.0083], [151.1882, -34.0078], [151.1903, -34.0074], [151.1922, -34.0072], [151.1943, -34.0078], [151.1966, -34.008], [151.1969, -34.0079], [151.1973, -34.0078], [151.1992, -34.0078], [151.202, -34.0082], [151.2049, -34.0082], [151.2082, -34.0084], [151.2114, -34.0081], [151.2147, -34.007], [151.2157, -34.0066], [151.2172, -34.0054], [151.2175, -34.0045], [151.2186, -34.0035], [151.2198, -34.003], [151.2208, -34.0023], [151.222, -34.0017], [151.2236, -34.0021], [151.225, -34.0027], [151.2261, -34.0033], [151.2278, -34.004], [151.2306, -34.003], [151.2385, -33.9987], [151.2381, -33.9987], [151.238, -33.9985], [151.2376, -33.9982], [151.2376, -33.9979], [151.2376, -33.9976], [151.2375, -33.9975], [151.2379, -33.9964], [151.2382, -33.9958], [151.2381, -33.9952], [151.2378, -33.9946], [151.2375, -33.9943], [151.2371, -33.9938], [151.2371, -33.9935], [151.2373, -33.993], [151.238, -33.9924], [151.238, -33.9911], [151.2375, -33.9907], [151.2371, -33.9906], [151.2366, -33.9902], [151.2363, -33.9901], [151.236, -33.9898], [151.2358, -33.9895], [151.2342, -33.9891], [151.2338, -33.9897], [151.2335, -33.99], [151.2328, -33.9903], [151.2323, -33.9906], [151.2319, -33.9908], [151.2318, -33.9907], [151.2315, -33.9904], [151.2313, -33.9901], [151.231, -33.9899], [151.2306, -33.9894], [151.2301, -33.9894], [151.2296, -33.9895], [151.2291, -33.9896], [151.229, -33.9893], [151.2286, -33.989], [151.2287, -33.9888], [151.2289, -33.9886], [151.2289, -33.9884], [151.2293, -33.9882], [151.2294, -33.9881], [151.2289, -33.988], [151.2293, -33.9879], [151.2299, -33.9878], [151.2304, -33.9877], [151.231, -33.9878], [151.2315, -33.9866], [151.2309, -33.9846], [151.2308, -33.9843], [151.2296, -33.983], [151.2289, -33.983], [151.2285, -33.9828], [151.228, -33.9825], [151.228, -33.9821], [151.228, -33.9818], [151.2283, -33.9816], [151.2286, -33.9805], [151.2281, -33.98], [151.2283, -33.9801], [151.2289, -33.9799], [151.2288, -33.9787], [151.2257, -33.9766], [151.2244, -33.9764], [151.2241, -33.9764], [151.2234, -33.9761], [151.2217, -33.9766], [151.2203, -33.9772], [151.2186, -33.9782], [151.2169, -33.9795], [151.2163, -33.9802], [151.2152, -33.9813], [151.2146, -33.9821], [151.2138, -33.9835], [151.2132, -33.9844], [151.2121, -33.9847], [151.2114, -33.984], [151.2089, -33.982], [151.2098, -33.9825], [151.2106, -33.9798], [151.2118, -33.9747], [151.2115, -33.972], [151.2209, -33.9689], [151.2203, -33.9676], [151.2162, -33.9678], [151.2076, -33.9699], [151.1991, -33.9599], [151.2063, -33.9653], [151.2123, -33.9634], [151.2112, -33.9633], [151.2111, -33.9621], [151.2109, -33.9619], [151.2075, -33.962], [151.2067, -33.9621], [151.2062, -33.961], [151.1987, -33.9585], [151.1958, -33.9558], [151.1931, -33.9545], [151.1927, -33.9555], [151.1925, -33.9564], [151.1918, -33.9572], [151.1921, -33.9605], [151.1943, -33.969], [151.1952, -33.9715], [151.1953, -33.9734], [151.1939, -33.974], [151.1922, -33.9737], [151.1914, -33.9728], [151.1902, -33.9682], [151.1903, -33.9671], [151.1899, -33.9652], [151.1882, -33.9586], [151.1872, -33.9549], [151.1864, -33.9527], [151.1858, -33.9522], [151.1848, -33.9518], [151.1823, -33.9523], [151.1818, -33.9529], [151.1808, -33.9558], [151.1816, -33.9589], [151.1824, -33.9615], [151.1853, -33.9626], [151.1855, -33.9625], [151.1863, -33.9623], [151.1866, -33.9634], [151.1866, -33.9655], [151.1856, -33.9668], [151.184, -33.9677], [151.1812, -33.9678], [151.1794, -33.967], [151.1784, -33.9655], [151.1779, -33.9633], [151.1763, -33.9572], [151.1755, -33.9544], [151.1742, -33.9493], [151.1705, -33.9473], [151.1699, -33.9477], [151.1692, -33.9481], [151.1687, -33.9484], [151.1687, -33.9489], [151.1689, -33.95], [151.168, -33.9498], [151.1648, -33.9506], [151.1621, -33.9532], [151.1587, -33.9577], [151.1574, -33.9602], [151.1572, -33.9612], [151.1561, -33.9634], [151.1555, -33.965], [151.1541, -33.968], [151.1536, -33.9699], [151.1521, -33.9726], [151.1511, -33.9757], [151.1504, -33.9789], [151.149, -33.982], [151.1484, -33.9836], [151.1482, -33.9866], [151.1483, -33.989], [151.1481, -33.9902], [151.1488, -33.9935], [151.1534, -33.9969], [151.1627, -34.0004]], [[151.1761, -34.0193], [151.1761, -34.0192], [151.1761, -34.019], [151.1763, -34.0188], [151.1763, -34.0188], [151.1764, -34.0187], [151.1769, -34.0183], [151.177, -34.0182], [151.1772, -34.0182], [151.1775, -34.0183], [151.1776, -34.0183], [151.1777, -34.0183], [151.1779, -34.0184], [151.1782, -34.0186], [151.1785, -34.0187], [151.1787, -34.0188], [151.1788, -34.0188], [151.1788, -34.0189], [151.1788, -34.019], [151.1788, -34.0192], [151.1786, -34.0192], [151.1783, -34.0193], [151.178, -34.0194], [151.1778, -34.0194], [151.1778, -34.0194], [151.1775, -34.0193], [151.1771, -34.0192], [151.177, -34.0192], [151.1767, -34.0192], [151.1766, -34.0192], [151.1764, -34.0193], [151.1764, -34.0193], [151.1762, -34.0193], [151.1761, -34.0193]], [[151.2313, -33.9915], [151.2314, -33.9914], [151.2315, -33.9913], [151.2315, -33.9913], [151.2316, -33.9912], [151.2316, -33.9912], [151.2316, -33.9912], [151.2316, -33.9912], [151.2317, -33.9912], [151.2318, -33.9911], [151.2318, -33.9911], [151.2319, -33.9911], [151.2319, -33.9912], [151.232, -33.9912], [151.232, -33.9912], [151.232, -33.9913], [151.232, -33.9913], [151.2321, -33.9914], [151.2321, -33.9914], [151.2322, -33.9915], [151.2321, -33.9915], [151.2321, -33.9915], [151.2321, -33.9916], [151.2322, -33.9917], [151.2322, -33.9918], [151.2321, -33.9918], [151.232, -33.9918], [151.232, -33.9918], [151.232, -33.9919], [151.232, -33.9919], [151.232, -33.9919], [151.232, -33.992], [151.232, -33.9921], [151.232, -33.9921], [151.2319, -33.9922], [151.2319, -33.9923], [151.2319, -33.9923], [151.2319, -33.9926], [151.2318, -33.9927], [151.2318, -33.9927], [151.2318, -33.9928], [151.2317, -33.9928], [151.2317, -33.9929], [151.2316, -33.9929], [151.2315, -33.9929], [151.2314, -33.9929], [151.2315, -33.9928], [151.2315, -33.9928], [151.2314, -33.9928], [151.2313, -33.9928], [151.2313, -33.9927], [151.2313, -33.9926], [151.2313, -33.9926], [151.2312, -33.9926], [151.2311, -33.9926], [151.2311, -33.9926], [151.2309, -33.9926], [151.2309, -33.9926], [151.2308, -33.9926], [151.2308, -33.9925], [151.2307, -33.9925], [151.2307, -33.9924], [151.2307, -33.9924], [151.2306, -33.9923], [151.2306, -33.9923], [151.2306, -33.9921], [151.2305, -33.992], [151.2305, -33.992], [151.2305, -33.992], [151.2305, -33.9919], [151.2305, -33.9918], [151.2305, -33.9918], [151.2306, -33.9918], [151.2307, -33.9917], [151.2306, -33.9917], [151.2306, -33.9916], [151.2306, -33.9916], [151.2306, -33.9916], [151.2306, -33.9916], [151.2307, -33.9915], [151.2308, -33.9915], [151.2308, -33.9915], [151.2308, -33.9916], [151.2308, -33.9916], [151.2309, -33.9916], [151.231, -33.9916], [151.231, -33.9917], [151.231, -33.9916], [151.231, -33.9916], [151.2311, -33.9915], [151.2312, -33.9915], [151.2312, -33.9915], [151.2313, -33.9915], [151.2313, -33.9915]]]}}, {"type": "Feature", "properties": {}, "geometry": {"type": "Polygon", "coordinates": [[[150.953, -34.1788], [150.955, -34.1772], [150.9564, -34.1771], [150.9569, -34.1781], [150.9577, -34.179], [150.9584, -34.1799], [150.9586, -34.1811], [150.9594, -34.1815], [150.9601, -34.1822], [150.9612, -34.1831], [150.9604, -34.1819], [150.9596, -34.1809], [150.9589, -34.1801], [150.9577, -34.1786], [150.9572, -34.1774], [150.9566, -34.1765], [150.957, -34.1753], [150.9577, -34.1748], [150.9586, -34.1745], [150.9594, -34.1735], [150.9611, -34.1728], [150.9618, -34.172], [150.9611, -34.1713], [150.9607, -34.17], [150.9601, -34.1688], [150.9606, -34.1679], [150.9598, -34.1675], [150.9587, -34.1662], [150.9582, -34.1646], [150.9579, -34.1632], [150.9567, -34.1622], [150.9552, -34.1612], [150.953, -34.1604], [150.9527, -34.1592], [150.954, -34.1586], [150.9544, -34.1577], [150.9543, -34.1564], [150.9548, -34.1557], [150.9543, -34.1545], [150.9551, -34.1543], [150.956, -34.1535], [150.9567, -34.153], [150.9586, -34.1535], [150.9597, -34.1531], [150.9592, -34.1526], [150.9576, -34.1519], [150.9557, -34.1513], [150.9535, -34.1506], [150.9517, -34.1501], [150.9503, -34.1481], [150.9496, -34.1464], [150.9495, -34.1454], [150.9491, -34.1447], [150.9493, -34.1431], [150.9495, -34.142], [150.949, -34.1411], [150.9493, -34.1396], [150.9498, -34.1384], [150.9493, -34.1375], [150.9489, -34.1361], [150.9502, -34.1353], [150.9504, -34.1345], [150.949, -34.133], [150.9472, -34.1325], [150.9476, -34.1306], [150.9483, -34.1284], [150.9484, -34.127], [150.9473, -34.1267], [150.9454, -34.1263], [150.944, -34.1258], [150.9426, -34.1256], [150.943, -34.1244], [150.9426, -34.1234], [150.9422, -34.123], [150.9417, -34.1225], [150.9415, -34.122], [150.9414, -34.1217], [150.9412, -34.1215], [150.9409, -34.1209], [150.9407, -34.1204], [150.9399, -34.1195], [150.939, -34.1188], [150.9377, -34.118], [150.9373, -34.1178], [150.9369, -34.1173], [150.9364, -34.1175], [150.9359, -34.1177], [150.9353, -34.1179], [150.9349, -34.1179], [150.9348, -34.1178], [150.9349, -34.1176], [150.935, -34.1172], [150.9349, -34.1171], [150.9351, -34.1169], [150.9353, -34.1167], [150.9346, -34.1168], [150.9344, -34.1168], [150.934, -34.1165], [150.9337, -34.1162], [150.9337, -34.1158], [150.9337, -34.1157], [150.9338, -34.115], [150.9334, -34.1142], [150.9332, -34.1141], [150.933, -34.1136], [150.9327, -34.1128], [150.9327, -34.1124], [150.9337, -34.1118], [150.934, -34.1117], [150.9343, -34.1112], [150.9346, -34.111], [150.9349, -34.111], [150.9353, -34.1106], [150.9359, -34.1099], [150.9368, -34.1093], [150.9378, -34.1087], [150.9373, -34.1084], [150.9366, -34.108], [150.9362, -34.1078], [150.9357, -34.1076], [150.9352, -34.1074], [150.9347, -34.1073], [150.9345, -34.1073], [150.9337, -34.1071], [150.9327, -34.1068], [150.9318, -34.1063], [150.9313, -34.1058], [150.9305, -34.1052], [150.93, -34.1047], [150.9301, -34.105], [150.9306, -34.1057], [150.9311, -34.1066], [150.9316, -34.1073], [150.9318, -34.1079], [150.9318, -34.1087], [150.9316, -34.1089], [150.9311, -34.109], [150.93, -34.1089], [150.9293, -34.1089], [150.9287, -34.1088], [150.9284, -34.1086], [150.9278, -34.1089], [150.9272, -34.109], [150.9268, -34.1092], [150.9265, -34.1095], [150.9259, -34.1095], [150.9252, -34.1093], [150.9246, -34.1089], [150.9241, -34.1084], [150.9236, -34.1079], [150.9234, -34.1076], [150.9232, -34.107], [150.9229, -34.1071], [150.923, -34.1075], [150.923, -34.1079], [150.9232, -34.1084], [150.9234, -34.1092], [150.9235, -34.1097], [150.9235, -34.11], [150.9233, -34.1103], [150.9229, -34.1103], [150.9229, -34.1105], [150.9231, -34.1106], [150.9234, -34.1106], [150.9243, -34.1109], [150.9246, -34.111], [150.9249, -34.1111], [150.9254, -34.1114], [150.9259, -34.1116], [150.9266, -34.1117], [150.9267, -34.1118], [150.9269, -34.1119], [150.927, -34.1121], [150.927, -34.1124], [150.9266, -34.1126], [150.9262, -34.1132], [150.9259, -34.1136], [150.9258, -34.1138], [150.9258, -34.114], [150.9261, -34.1142], [150.9265, -34.1144], [150.9266, -34.1146], [150.9268, -34.1147], [150.9268, -34.115], [150.9265, -34.1153], [150.9261, -34.1154], [150.9258, -34.1154], [150.9257, -34.1153], [150.9254, -34.1152], [150.9242, -34.1148], [150.9237, -34.1144], [150.9231, -34.1141], [150.9231, -34.1144], [150.9233, -34.115], [150.9235, -34.1153], [150.9236, -34.1158], [150.9236, -34.1161], [150.9234, -34.1164], [150.9233, -34.1167], [150.9231, -34.1169], [150.922, -34.1172], [150.9212, -34.1173], [150.922, -34.1175], [150.9225, -34.1177], [150.923, -34.1181], [150.923, -34.1183], [150.9228, -34.1186], [150.9231, -34.1187], [150.9233, -34.1188], [150.9236, -34.1189], [150.924, -34.1186], [150.9246, -34.1185], [150.925, -34.1186], [150.9254, -34.119], [150.9255, -34.1195], [150.9256, -34.1199], [150.926, -34.1204], [150.9264, -34.1208], [150.927, -34.1212], [150.9276, -34.1216], [150.928, -34.122], [150.9282, -34.1226], [150.9282, -34.1232], [150.9282, -34.1235], [150.9283, -34.1236], [150.9282, -34.1239], [150.9283, -34.124], [150.9283, -34.1241], [150.9274, -34.1252], [150.9263, -34.1242], [150.9236, -34.124], [150.9222, -34.1246], [150.9208, -34.1246], [150.9209, -34.125], [150.9221, -34.1262], [150.9217, -34.1267], [150.9209, -34.1272], [150.9207, -34.128], [150.9205, -34.1286], [150.9196, -34.1296], [150.92, -34.1302], [150.9222, -34.1309], [150.9221, -34.1325], [150.9217, -34.1338], [150.9193, -34.1344], [150.9181, -34.136], [150.9176, -34.1377], [150.9164, -34.1397], [150.9177, -34.1403], [150.9192, -34.1414], [150.9195, -34.142], [150.9184, -34.1435], [150.9185, -34.145], [150.9185, -34.1456], [150.9187, -34.1464], [150.9169, -34.1478], [150.916, -34.1495], [150.9167, -34.149], [150.9179, -34.1475], [150.9186, -34.1473], [150.9193, -34.1463], [150.919, -34.1455], [150.9189, -34.1435], [150.9195, -34.1409], [150.9188, -34.1401], [150.9184, -34.1378], [150.9194, -34.1368], [150.9207, -34.1354], [150.9221, -34.1351], [150.9231, -34.1337], [150.9242, -34.133], [150.924, -34.1309], [150.9232, -34.1288], [150.9242, -34.127], [150.9256, -34.126], [150.9289, -34.1261], [150.9295, -34.1253], [150.9301, -34.1249], [150.9303, -34.1238], [150.9303, -34.1234], [150.9302, -34.1226], [150.9298, -34.1216], [150.9295, -34.1209], [150.929, -34.1201], [150.9278, -34.1194], [150.9274, -34.1184], [150.9269, -34.1177], [150.9272, -34.1174], [150.9282, -34.1169], [150.9288, -34.1162], [150.9292, -34.115], [150.9294, -34.1141], [150.9298, -34.114], [150.9301, -34.114], [150.9303, -34.1148], [150.9307, -34.1163], [150.9314, -34.1174], [150.9317, -34.118], [150.9321, -34.119], [150.9326, -34.1199], [150.9329, -34.1208], [150.9332, -34.121], [150.9335, -34.1212], [150.934, -34.1214], [150.9343, -34.1216], [150.9346, -34.1217], [150.9352, -34.1216], [150.9355, -34.1214], [150.9358, -34.1215], [150.9359, -34.1213], [150.9363, -34.1211], [150.9365, -34.1207], [150.9368, -34.1206], [150.9375, -34.1206], [150.9377, -34.1209], [150.9383, -34.1217], [150.9387, -34.122], [150.939, -34.1224], [150.9391, -34.1226], [150.9393, -34.1229], [150.9397, -34.1232], [150.9398, -34.1235], [150.9401, -34.1239], [150.9403, -34.1243], [150.9403, -34.1246], [150.94, -34.125], [150.9397, -34.1251], [150.9394, -34.1252], [150.9392, -34.1253], [150.9391, -34.1255], [150.9388, -34.1255], [150.9387, -34.1257], [150.9382, -34.126], [150.9381, -34.1261], [150.9387, -34.126], [150.9391, -34.1262], [150.9397, -34.1273], [150.9408, -34.1274], [150.942, -34.1279], [150.9421, -34.1292], [150.9417, -34.13], [150.9413, -34.1309], [150.9413, -34.1321], [150.941, -34.1327], [150.9403, -34.1335], [150.9412, -34.1337], [150.9422, -34.1323], [150.9429, -34.1313], [150.9438, -34.1305], [150.9447, -34.1316], [150.9459, -34.1335], [150.9465, -34.1347], [150.9467, -34.1358], [150.9466, -34.1371], [150.9468, -34.1378], [150.9467, -34.1389], [150.9461, -34.1396], [150.9476, -34.1418], [150.9472, -34.1427], [150.9475, -34.1443], [150.9482, -34.1463], [150.9492, -34.1484], [150.948, -34.1505], [150.9492, -34.15], [150.9509, -34.1509], [150.952, -34.1514], [150.9527, -34.1522], [150.9542, -34.1523], [150.9553, -34.1523], [150.9548, -34.1533], [150.9535, -34.1535], [150.952, -34.1541], [150.9523, -34.1549], [150.952, -34.1558], [150.9514, -34.157], [150.9507, -34.158], [150.9502, -34.1587], [150.9504, -34.1592], [150.9517, -34.1602], [150.9524, -34.1616], [150.953, -34.1626], [150.9537, -34.1621], [150.9546, -34.1622], [150.9561, -34.1634], [150.9569, -34.1645], [150.957, -34.1655], [150.9571, -34.1664], [150.9573, -34.1671], [150.9578, -34.1674], [150.9585, -34.1682], [150.9589, -34.1697], [150.9593, -34.1702], [150.9597, -34.1712], [150.9597, -34.172], [150.9586, -34.1728], [150.958, -34.1735], [150.9572, -34.1742], [150.9561, -34.175], [150.9544, -34.1758], [150.9541, -34.178], [150.953, -34.1788]], [[150.9451, -34.1302], [150.9447, -34.1301], [150.9446, -34.1301], [150.9443, -34.13], [150.9442, -34.1299], [150.9442, -34.1298], [150.9441, -34.1298], [150.9441, -34.1297], [150.9443, -34.1296], [150.9444, -34.1295], [150.9447, -34.1295], [150.9451, -34.1294], [150.9452, -34.1293], [150.9457, -34.1292], [150.946, -34.1292], [150.9461, -34.1294], [150.9461, -34.1295], [150.9462, -34.1296], [150.946, -34.1298], [150.9457, -34.13], [150.9456, -34.1301], [150.9454, -34.1301], [150.9451, -34.1302]]]}}]}